title,author,rating,ratingnum,cuisine,preptime,cooktime,totaltime,servings,numberofsteps,totalingredients,ingredient1,ingredient2,ingredient3,ingredient4,ingredient5,ingredient6,ingredient7,ingredient8,ingredient9,ingredient10,ingredient11,ingredient12,ingredient13,source,link,ingredient14,ingredient15,ingredient16,ingredient17,ingredient18,ingredient19,ingredient20,ingredient21,ingredient22,ingredient23,ingredient24
Oreo Cookies Recipe,Sharon Best,NA,NA,American,Prep Time 30 minutes mins,Cook Time 9 minutes mins,Total Time 1 hour hr 39 minutes mins,15 sandwich cookies,15,13,1 1/4 cups all-purpose flour,1/2 cup unsweetened cocoa powder,1 1/4 teaspoons baking soda,1 pinch kosher salt,1/2 cup unsalted butter softened,1/2 cup granulated sugar,1/2 cup light brown sugar packed,1 large egg at room temperature,1 1/4 teaspoons vanilla extract,1/4 cup unsalted butter softened,1/4 cup vegetable shortening,1 3/4 cups powdered sugar sifted,1/2 teaspoon vanilla extract,Baked Bree,https://bakedbree.com/oreo-cookies-recipe,NA,NA,NA,NA,NA,NA,NA,NA,NA,NA,NA
Pecan Crescents,Sharon Best,NA,NA,American,Prep Time 20 minutes mins,Cook Time 20 minutes mins,Total Time 1 hour hr 15 minutes mins,24 cookies,10,6,1 cup unsalted butter softened,1/2 cup powdered sugar plus more for rolling,1/4 teaspoon salt,2 teaspoons vanilla extract,2 cups all-purpose flour,2 cups pecans finely chopped,NA,NA,NA,NA,NA,NA,NA,Baked Bree,https://bakedbree.com/pecan-crescents-cookies,NA,NA,NA,NA,NA,NA,NA,NA,NA,NA,NA
Texas Sheet Cake Cookies,Diane Goodman,NA,NA,American,Prep Time 10 minutes mins,Cook Time 15 minutes mins,Total Time 30 minutes mins,16 cookies,6,8,1 package chocolate cake mix (15.25 ounces),2 eggs,5 tablespoons vegetable oil,1/2 cup butter softened,2 tablespoons unsweetened cocoa powder,2 1/2 tablespoons milk,1/2 teaspoon vanilla extract,2 1/2 cups powdered sugar,NA,NA,NA,NA,NA,Baked Bree,https://bakedbree.com/texas-sheet-cake-cookies,NA,NA,NA,NA,NA,NA,NA,NA,NA,NA,NA
Polvorones Mexican Cookies,Sharon Best,NA,NA,Mexican,Prep Time 20 minutes mins,Cook Time 18 minutes mins,Total Time 1 hour hr 13 minutes mins,24 cookies,9,7,1 cup unsalted butter softened to room temperature,1/2 cup powdered sugar,3/4 teaspoon vanilla extract,2 cups all-purpose flour,1 teaspoon ground cinnamon,1 pinch kosher salt,"Cinnamon sugar 1/2 cup powdered sugar plus 1 teaspoon cinnamon, for rolling",NA,NA,NA,NA,NA,NA,Baked Bree,https://bakedbree.com/polvorones-mexican-cookies,NA,NA,NA,NA,NA,NA,NA,NA,NA,NA,NA
Buckeye Cookies,Sharon Best,NA,NA,American,Prep Time 35 minutes mins,Cook Time 15 minutes mins,Total Time 1 hour hr 55 minutes mins,24 cookies,15,11,1/2 cup creamy peanut butter,1/2 cup powdered sugar,1 cup butter at room temperature,1/4 cup brown sugar,3/4 cup granulated sugar,1 large egg yolk,3/4 teaspoon vanilla extract,2 cups all-purpose flour,1/2 cup unsweetened cocoa powder,1/4 teaspoon salt,"4 ounces semisweet baking chocolate chopped, or 4 ounces semisweet chocolate chips",NA,NA,Baked Bree,https://bakedbree.com/buckeye-cookies,NA,NA,NA,NA,NA,NA,NA,NA,NA,NA,NA
Banana Bread Cookies,Amy Golden,NA,NA,American,Prep Time 15 minutes mins,Cook Time 10 minutes mins,Total Time 35 minutes mins,20 cookies,6,15,2 ripe bananas mashed,1/2 cup unsalted butter softened,1/4 cup granulated sugar,1/4 cup light brown sugar packed,1 large egg at room temperature,3/4 teaspoon vanilla extract,1 1/2 cups all-purpose flour,1/2 cup quick oats,1/2 teaspoon baking soda,1/2 teaspoon baking powder,1/4 teaspoon salt,2 ounces cream cheese softened,1 cup powdered sugar,Baked Bree,https://bakedbree.com/banana-bread-cookies,1 to 2 teaspoons milk more if needed,"Chopped pecans or walnuts for garnish, optional",NA,NA,NA,NA,NA,NA,NA,NA,NA
Strawberry Cookies,Amy Golden,NA,NA,American,Prep Time 15 minutes mins,Cook Time 12 minutes mins,Total Time 27 minutes mins,20 cookies,6,10,2 1/2 cups freeze-dried strawberries,1 cup unsalted butter softened,3/4 cup granulated sugar,1/4 cup brown sugar,"Pink food coloring as needed, optional",1 large egg,3/4 teaspoon vanilla extract,1 3/4 cups all-purpose flour,1/2 teaspoon baking soda,1/4 teaspoon salt,NA,NA,NA,Baked Bree,https://bakedbree.com/strawberry-cookies,NA,NA,NA,NA,NA,NA,NA,NA,NA,NA,NA
Chocolate-Dipped Oreos,Jonathan Porter,NA,NA,American,Prep Time 20 minutes mins,NA,Total Time 20 minutes mins,24 cookies,3,4,8 ounces white chocolate candy melts,1 package Oreo cookies about 24 cookies,8 ounces dark chocolate candy melts,Sprinkles optional,NA,NA,NA,NA,NA,NA,NA,NA,NA,Baked Bree,https://bakedbree.com/chocolate-dipped-oreos,NA,NA,NA,NA,NA,NA,NA,NA,NA,NA,NA
Chocolate-Covered Ritz Crackers,Jonathan Porter,NA,NA,American,Prep Time 15 minutes mins,NA,Total Time 35 minutes mins,NA,4,5,1/2 cup smooth peanut butter,24 Ritz crackers,12 ounces semisweet chocolate chips or wafers,"1/2 teaspoon vegetable oil plus more, if needed",Sprinkles or flaky sea salt for garnish optional,NA,NA,NA,NA,NA,NA,NA,NA,Baked Bree,https://bakedbree.com/chocolate-covered-ritz-crackers,NA,NA,NA,NA,NA,NA,NA,NA,NA,NA,NA
Peanut Butter-Stuffed Cookies,Amy Golden,NA,NA,American,Prep Time 20 minutes mins,Cook Time 13 minutes mins,Total Time 1 hour hr 3 minutes mins,24 cookies,5,11,1 cup unsalted butter softened,1 cup granulated sugar,3/4 cup light brown sugar packed,2 cups creamy peanut butter divided,2 large eggs at room temperature,1 1/2 teaspoons vanilla extract,3 cups all-purpose flour spooned and leveled,1 1/4 teaspoons baking powder,1/2 teaspoon baking soda,1/2 teaspoon salt,1/2 cup granulated sugar for rolling,NA,NA,Baked Bree,https://bakedbree.com/peanut-butter-stuffed-cookies,NA,NA,NA,NA,NA,NA,NA,NA,NA,NA,NA
Corn Muffins,Jonathan Porter,NA,NA,American,Prep Time 10 minutes mins,Cook Time 20 minutes mins,Total Time 35 minutes mins,12 muffins,5,9,1 cup yellow cornmeal,1 cup all-purpose flour,1/2 cup granulated sugar,1 tablespoon baking powder,1/2 teaspoon salt,1 large egg beaten,1/4 cup canola oil,1 cup milk,Butter or honey for serving,NA,NA,NA,NA,Baked Bree,https://bakedbree.com/corn-muffins,NA,NA,NA,NA,NA,NA,NA,NA,NA,NA,NA
Chocolate Kiss Cookies,Jonathan Porter,NA,NA,American,Prep Time 15 minutes mins,Cook Time 11 minutes mins,Total Time 26 minutes mins,36 cookies,5,12,3/4 cup unsalted butter softened,1/2 cup granulated sugar,1/2 cup light brown sugar,1 large egg,3/4 teaspoon vanilla extract,1/4 teaspoon salt,2 teaspoons baking powder,1/4 cup unsweetened cocoa powder,2 ounces semi-sweet chocolate melted,2 cups all-purpose flour,Additional granulated sugar for rolling,36 milk chocolate Hershey's Kisses,NA,Baked Bree,https://bakedbree.com/chocolate-kiss-cookies,NA,NA,NA,NA,NA,NA,NA,NA,NA,NA,NA
Peanut Butter Sandwich Cookies,Jonathan Porter,NA,NA,American,Prep Time 15 minutes mins,Cook Time 13 minutes mins,Total Time 28 minutes mins,24 cookies,7,14,1/2 cup unsalted butter softened,2/3 cup granulated sugar,1/3 cup light brown sugar packed,1/2 cup creamy peanut butter,1/2 teaspoon vanilla extract for cookie dough,1 large egg at room temperature,1 1/2 cups all-purpose flour,1/2 teaspoon baking soda,1 teaspoon baking powder,1/4 teaspoon salt,6 tablespoons creamy peanut butter for filling,2 cups powdered sugar,1 1/2 teaspoons vanilla extract,Baked Bree,https://bakedbree.com/peanut-butter-sandwich-cookies,4 tablespoons milk,NA,NA,NA,NA,NA,NA,NA,NA,NA,NA
Peanut Butter Bars,Amy Golden,NA,NA,American,Prep Time 25 minutes mins,NA,Total Time 1 hour hr 25 minutes mins,15 bars,4,8,2 cups graham cracker crumbs,2 cups powdered sugar,1 cup unsalted butter melted,1/2 teaspoon vanilla extract,1 pinch kosher salt,1 1/4 cups creamy peanut butter divided,1 1/2 cups semisweet chocolate chips,Chopped peanuts for garnish (optional),NA,NA,NA,NA,NA,Baked Bree,https://bakedbree.com/peanut-butter-bars,NA,NA,NA,NA,NA,NA,NA,NA,NA,NA,NA
Madeleines,Tysen Ling,NA,NA,French,Prep Time 20 minutes mins,Cook Time 10 minutes mins,Total Time 30 minutes mins,NA,5,9,2 large eggs at room temperature,3/4 teaspoon vanilla extract,1/2 teaspoon lemon zest,1 cup powdered sugar,3/4 cup all-purpose flour,1 pinch kosher salt,1/2 teaspoon baking powder,1/2 cup unsalted butter melted and cooled,Extra powdered sugar for optional garnish,NA,NA,NA,NA,Baked Bree,https://bakedbree.com/madeleines,NA,NA,NA,NA,NA,NA,NA,NA,NA,NA,NA
Avalanche Cookies,Diane Goodman,NA,NA,American,Prep Time 15 minutes mins,NA,Total Time 1 hour hr,24 cookies,3,5,16 ounces white chocolate chips,1/2 cup creamy peanut butter,2 cups Rice Krispies cereal,1 1/4 cups mini marshmallows,1/3 cup mini chocolate chips,NA,NA,NA,NA,NA,NA,NA,NA,Baked Bree,https://bakedbree.com/avalanche-cookies,NA,NA,NA,NA,NA,NA,NA,NA,NA,NA,NA
Chocolate Truffles Recipe,Diane Goodman,NA,NA,French,Prep Time 20 minutes mins,Cook Time 5 minutes mins,Total Time 2 hours hrs 50 minutes mins,NA,5,5,2/3 cup heavy cream,2 teaspoons unsalted butter,8 ounces semisweet chocolate finely chopped,1/4 teaspoon vanilla extract,Unsweetened cocoa powder for coating,NA,NA,NA,NA,NA,NA,NA,NA,Baked Bree,https://bakedbree.com/chocolate-truffles-recipe,NA,NA,NA,NA,NA,NA,NA,NA,NA,NA,NA
Buckeye Recipe,Amy Golden,NA,NA,American,Prep Time 15 minutes mins,NA,Total Time 1 hour hr,NA,5,7,2 cups creamy peanut butter,1/2 cup unsalted butter,1 pinch salt,1 teaspoon vanilla extract,3 1/4 cups powdered sugar,2 cups semisweet chocolate chips,1 teaspoon coconut oil,NA,NA,NA,NA,NA,NA,Baked Bree,https://bakedbree.com/buckeye-recipe,NA,NA,NA,NA,NA,NA,NA,NA,NA,NA,NA
Russian Tea Cakes,Diane Goodman,NA,NA,international,Prep Time 20 minutes mins,Cook Time 13 minutes mins,Total Time 48 minutes mins,36 cookies,8,8,1 cup unsalted butter softened,3/4 teaspoon vanilla extract,1 teaspoon milk plus more as needed,2 cups all-purpose flour,1 pinch kosher salt,6 tablespoons powdered sugar,1 cup finely chopped walnuts,Powdered sugar for rolling,NA,NA,NA,NA,NA,Baked Bree,https://bakedbree.com/russian-tea-cakes,NA,NA,NA,NA,NA,NA,NA,NA,NA,NA,NA
Italian Wedding Cookies,Diane Goodman,NA,NA,Italian,Prep Time 20 minutes mins,Cook Time 20 minutes mins,Total Time 40 minutes mins,40 cookies,6,7,1 1/2 cups unsalted butter softened,3/4 cup powdered sugar sifted,1/2 teaspoon salt,1 1/2 cups finely ground almonds,1 tablespoon vanilla extract,3 cups all-purpose flour,Additional powdered sugar for dusting,NA,NA,NA,NA,NA,NA,Baked Bree,https://bakedbree.com/italian-wedding-cookies,NA,NA,NA,NA,NA,NA,NA,NA,NA,NA,NA
Red Velvet Cake Balls,Tysen Ling,NA,NA,American,Prep Time 20 minutes mins,Cook Time 35 minutes mins,Total Time 1 hour hr 10 minutes mins,NA,5,5,"1 batch red velvet cake from a boxed mix, baked in a 9×13-inch pan",1 container cream cheese frosting (16 ounces),12 ounces white chocolate chopped or in candy melt form,"1/2 teaspoon vegetable oil plus more, if needed",Sprinkles optional,NA,NA,NA,NA,NA,NA,NA,NA,Baked Bree,https://bakedbree.com/red-velvet-cake-balls,NA,NA,NA,NA,NA,NA,NA,NA,NA,NA,NA
Pfeffernüsse Cookies,Amy Golden,NA,NA,German,Prep Time 10 minutes mins,Cook Time 15 minutes mins,Total Time 3 hours hrs 30 minutes mins,24 cookies,6,16,2 1/4 cups all-purpose flour,3/4 teaspoon ground cinnamon,1/2 teaspoon ground allspice,1/4 teaspoon ground nutmeg,1 pinch freshly ground black pepper,1/4 teaspoon ground cloves,1/2 teaspoon baking soda,1/4 teaspoon salt,1/2 cup unsalted butter at room temperature,1/2 cup light brown sugar packed,1/4 cup granulated sugar,1/4 cup molasses,1 large egg,Baked Bree,https://bakedbree.com/pfeffernusse-cookies,3/4 teaspoon anise extract,1/4 teaspoon vanilla extract,1/3 cup confectioners’ sugar for coating,NA,NA,NA,NA,NA,NA,NA,NA
Single-Serving Apple Crisp,Reilly Doucet,NA,NA,American,Prep Time 10 minutes mins,Cook Time 30 minutes mins,Total Time 40 minutes mins,NA,7,11,"1 medium apple peeled, cored, and chopped",1 tablespoon brown sugar,1 1/4 teaspoons all-purpose flour,2 pinches ground cinnamon,1/4 teaspoon vanilla extract,3 tablespoons all-purpose flour,3 1/2 tablespoons old-fashioned rolled oats,2 tablespoons brown sugar,2 tablespoons unsalted butter softened,Pinch of salt,Ice cream or whipped cream (optional),NA,NA,Baked Bree,https://bakedbree.com/single-serving-apple-crisp,NA,NA,NA,NA,NA,NA,NA,NA,NA,NA,NA
Oreo Cake Pops,Tysen Ling,NA,NA,American,Prep Time 30 minutes mins,NA,Total Time 1 hour hr 15 minutes mins,NA,9,6,38 Oreo cookies,6 ounces cream cheese softened to room temperature,2 tablespoons Greek yogurt,5 ounces chocolate candy melts,2 teaspoons vegetable oil,Chocolate sprinkles for decorating optional,NA,NA,NA,NA,NA,NA,NA,Baked Bree,https://bakedbree.com/oreo-cake-pops,NA,NA,NA,NA,NA,NA,NA,NA,NA,NA,NA
Pumpkin Cake Pops,Tysen Ling,NA,NA,American,Prep Time 30 minutes mins,NA,Total Time 45 minutes mins,48 cake pops,5,9,"1 batch pumpkin cake from a boxed mix, baked in a 9×13-inch pan",6 ounces cream cheese room temperature,5 tablespoons unsalted butter softened,1 tablespoon heavy cream,3 cups confectioners’ sugar,12 ounces candy melts white or milk chocolate,1/2 teaspoon vegetable oil,Sprinkles optional,Orange icing optional,NA,NA,NA,NA,Baked Bree,https://bakedbree.com/pumpkin-cake-pops,NA,NA,NA,NA,NA,NA,NA,NA,NA,NA,NA
Peanut Butter Jam Thumbprint Cookies,Amy Golden,NA,NA,American,Prep Time 20 minutes mins,Cook Time 10 minutes mins,Total Time 30 minutes mins,18 cookies,6,11,1/2 cup unsalted butter softened at room temperature,1/2 cup creamy peanut butter,1/4 cup granulated sugar,3/4 cup packed brown sugar,1 large egg at room temperature,1/2 teaspoon vanilla extract,1 1/2 cups all-purpose flour,3/4 teaspoon baking powder,1 pinch salt,Additional granulated sugar for rolling,"1/3 cup raspberry jam plus more, if needed",NA,NA,Baked Bree,https://bakedbree.com/peanut-butter-jam-thumbprint-cookies,NA,NA,NA,NA,NA,NA,NA,NA,NA,NA,NA
Chocolate Rice Krispies Treats,Reilly Doucet,NA,NA,American,Prep Time 15 minutes mins,Cook Time 5 minutes mins,Total Time 2 hours hrs 20 minutes mins,NA,5,7,1/2 cup unsalted butter,10.5 ounces mini marshmallows,1/4 cup unsweetened cocoa powder,1/2 teaspoon vanilla extract,1/2 cup chocolate chips,6 cups Rice Krispies cereal,Additional 1/2 cup mini marshmallows optional,NA,NA,NA,NA,NA,NA,Baked Bree,https://bakedbree.com/chocolate-rice-krispie-treats,NA,NA,NA,NA,NA,NA,NA,NA,NA,NA,NA
Pecan Pie Cookies,Tysen Ling,NA,NA,American,Prep Time 20 minutes mins,Cook Time 18 minutes mins,Total Time 1 hour hr 8 minutes mins,12 cookies,8,16,1/2 cup packed dark brown sugar,1 1/2 tablespoons heavy cream,1 large egg,3/4 teaspoon vanilla extract,1 tablespoon corn syrup,2/3 cup chopped pecans,1/2 cup unsalted butter softened,1/3 cup granulated sugar,1/4 cup light brown sugar packed,1 large egg yolk,2 teaspoons whole milk,1 1/3 cups all-purpose flour,1/4 teaspoon baking soda,Baked Bree,https://bakedbree.com/pecan-pie-cookies,1/2 teaspoon baking powder,1/4 teaspoon salt,Extra chopped pecans optional garnish,NA,NA,NA,NA,NA,NA,NA,NA
Mexican Wedding Cookies,Amy Golden,NA,NA,Mexican,Prep Time 15 minutes mins,Cook Time 12 minutes mins,Total Time 27 minutes mins,32 cookies,5,6,1 cup unsalted butter softened,1/2 cup powdered sugar plus extra for coating,3/4 teaspoon vanilla extract,2 1/4 cups all-purpose flour sifted,1 pinch kosher salt,3/4 cup finely chopped pecans,NA,NA,NA,NA,NA,NA,NA,Baked Bree,https://bakedbree.com/mexican-wedding-cookies,NA,NA,NA,NA,NA,NA,NA,NA,NA,NA,NA
Butterfinger Cookies,Amy Golden,NA,NA,American,Prep Time 15 minutes mins,Cook Time 12 minutes mins,Total Time 27 minutes mins,24 cookies,5,10,2/3 cup unsalted butter softened,1/4 cup brown sugar,1 1/4 cups granulated sugar,2 large eggs at room temperature,1 teaspoon vanilla extract,2 2/3 cups all-purpose flour spooned and leveled,3/4 teaspoon baking soda,1/2 teaspoon baking powder,1/4 teaspoon salt,"4 standard size Butterfinger candy bars about 1.9 ounces each, chopped",NA,NA,NA,Baked Bree,https://bakedbree.com/butterfinger-cookies,NA,NA,NA,NA,NA,NA,NA,NA,NA,NA,NA
Almond Butter Cookies,Reilly Doucet,NA,NA,American,Prep Time 5 minutes mins,Cook Time 10 minutes mins,Total Time 15 minutes mins,12 cookies,4,5,1 cup almond butter,1/2 cup brown sugar,1 teaspoon baking soda,1 large egg beaten,2/3 cup chocolate chips optional,NA,NA,NA,NA,NA,NA,NA,NA,Baked Bree,https://bakedbree.com/almond-butter-cookies,NA,NA,NA,NA,NA,NA,NA,NA,NA,NA,NA
Puppy Chow Recipe,Amy Golden,NA,NA,American,Prep Time 10 minutes mins,NA,Total Time 25 minutes mins,NA,3,6,1 cup semisweet chocolate chips,2 tablespoons unsalted butter,1 cup creamy peanut butter,1/2 teaspoon vanilla extract optional,6 cups Rice Chex cereal,1 1/2 cups powdered sugar,NA,NA,NA,NA,NA,NA,NA,Baked Bree,https://bakedbree.com/puppy-chow-recipe,NA,NA,NA,NA,NA,NA,NA,NA,NA,NA,NA
Date Cookies,Diane Goodman,NA,NA,American,Prep Time 10 minutes mins,Cook Time 10 minutes mins,Total Time 55 minutes mins,36 cookies,5,10,1 cup unsalted butter softened,1 cup granulated sugar,1/3 cup brown sugar,3 eggs at room temperature,3 cups sifted all-purpose flour,1 teaspoon baking soda,3/4 teaspoon ground cinnamon,2 teaspoons milk,1 1/2 cups pitted dates chopped,3/4 cup pecans chopped,NA,NA,NA,Baked Bree,https://bakedbree.com/date-cookies,NA,NA,NA,NA,NA,NA,NA,NA,NA,NA,NA
Halloween Sugar Cookies,Diane Goodman,NA,NA,American,Prep Time 30 minutes mins,Cook Time 10 minutes mins,Total Time 3 hours hrs 40 minutes mins,24 cookies,9,8,1 cup unsalted butter softened,1 cup granulated sugar,2 large eggs,1 1/2 teaspoons vanilla extract,3 cups all-purpose flour,3/4 teaspoon baking powder,1 pinch kosher salt,Food coloring gel orange and black,NA,NA,NA,NA,NA,Baked Bree,https://bakedbree.com/halloween-sugar-cookies,NA,NA,NA,NA,NA,NA,NA,NA,NA,NA,NA
Baked Donut Recipe,Amy Golden,NA,NA,American,Prep Time 10 minutes mins,Cook Time 13 minutes mins,Total Time 1 hour hr 23 minutes mins,NA,9,14,2 cups all-purpose flour,1/2 teaspoon ground cinnamon,1/4 teaspoon ground nutmeg,3/4 cup granulated sugar,1/4 cup brown sugar,2 1/4 teaspoons baking powder,1/4 teaspoon salt,3/4 cup milk,2 large eggs,2 1/2 tablespoons unsalted butter melted,1 1/2 teaspoons vanilla extract,1 cup powdered sugar for glaze,2 tablespoons milk for glaze,Baked Bree,https://bakedbree.com/baked-donut-recipe,1/2 teaspoon vanilla extract for glaze,NA,NA,NA,NA,NA,NA,NA,NA,NA,NA
Snickerdoodle Blondies,Diane Goodman,NA,NA,American,Prep Time 15 minutes mins,Cook Time 35 minutes mins,Total Time 50 minutes mins,24 servings,6,12,"1 cup unsalted butter, melted and cooled",1 1/2 cups granulated sugar,1/2 cup brown sugar,1 1/2 tablespoons milk,2 large eggs,3/4 teaspoon vanilla extract,2 3/4 cups all-purpose flour,1 teaspoon baking powder,1/2 teaspoon cream of tartar,1/2 teaspoon salt,"3 1/2 tablespoons granulated sugar, for topping","1 1/2 teaspoons ground cinnamon, for topping",NA,Baked Bree,https://bakedbree.com/snickerdoodle-blondies,NA,NA,NA,NA,NA,NA,NA,NA,NA,NA,NA
Butter Pecan Cookies,Amy Golden,NA,NA,American,Prep Time 15 minutes mins,Cook Time 15 minutes mins,Total Time 30 minutes mins,12 cookies,4,7,"1/2 cup unsalted butter, at room temperature",1/3 cup granulated sugar,1 1/4 teaspoons vanilla extract,1 pinch salt,1 cup all-purpose flour,1/4 teaspoon ground cinnamon,"3/4 cup pecans, chopped",NA,NA,NA,NA,NA,NA,Baked Bree,https://bakedbree.com/butter-pecan-cookies,NA,NA,NA,NA,NA,NA,NA,NA,NA,NA,NA
Homemade Oreos,Amalena Caldwell,NA,NA,American,Prep Time 40 minutes mins,Cook Time 10 minutes mins,Total Time 50 minutes mins,40 cookies,13,14,8 ounces unsalted butter softened,1 cup granulated sugar,1 large egg,1 teaspoon vanilla extract,1 3/4 cups all-purpose flour,2/3 cup black cocoa powder,1/2 teaspoon baking powder,1/2 teaspoon baking soda,1/2 teaspoon salt,4 ounces unsalted butter softened,4 1/2 tablespoons vegetable shortening,2 cups powdered sugar,Clear vanilla extract to taste,Baked Bree,https://bakedbree.com/homemade-oreos,Pinch of kosher salt,NA,NA,NA,NA,NA,NA,NA,NA,NA,NA
Peanut Butter Blondies,Amy Golden,NA,NA,American,Prep Time 5 minutes mins,Cook Time 25 minutes mins,Total Time 30 minutes mins,NA,6,9,1/2 cup unsalted butter melted,3/4 cup light brown sugar,1/4 cup granulated sugar,1 large egg,1 1/4 teaspoons vanilla extract,1/2 cup peanut butter,1 pinch kosher salt,1 cup all-purpose flour,1/2 teaspoon baking powder,NA,NA,NA,NA,Baked Bree,https://bakedbree.com/peanut-butter-blondies,NA,NA,NA,NA,NA,NA,NA,NA,NA,NA,NA
Pumpkin Cheesecake Cookies,Amy Golden,NA,NA,American,Prep Time 15 minutes mins,Cook Time 15 minutes mins,Total Time 2 hours hrs 15 minutes mins,36 cookies,6,12,8 ounces cream cheese softened,4 1/2 tablespoons granulated sugar,2 1/2 teaspoons vanilla extract divided,4 cups all-purpose flour,3/4 teaspoon baking powder,1/4 teaspoon baking soda,1/4 teaspoon salt,1 3/4 teaspoons pumpkin pie spice,8 ounces unsalted butter softened,1 cup light brown sugar packed,1 large egg,1 cup canned pumpkin purée,NA,Baked Bree,https://bakedbree.com/pumpkin-cheesecake-cookies,NA,NA,NA,NA,NA,NA,NA,NA,NA,NA,NA
Pumpkin Cookies,Amy Golden,NA,NA,American,Prep Time 20 minutes mins,Cook Time 11 minutes mins,Total Time 31 minutes mins,36 cookies,8,12,8 ounces unsalted butter softened,3/4 cup granulated sugar,1/4 cup packed light brown sugar,1 large egg,2 1/2 teaspoons vanilla extract,1 1/2 cups pumpkin purée,2 cups all-purpose flour,1 tablespoon pumpkin pie spice,1/4 teaspoon kosher salt,1 teaspoon baking powder,1 teaspoon baking soda,"Icing for drizzling, optional",NA,Baked Bree,https://bakedbree.com/pumpkin-cookies,NA,NA,NA,NA,NA,NA,NA,NA,NA,NA,NA
Donut Icing,Diane Goodman,NA,NA,American,Prep Time 5 minutes mins,NA,Total Time 5 minutes mins,NA,3,3,4 cups powdered sugar sifted,1/2 teaspoon vanilla extract,8-12 tablespoons milk,NA,NA,NA,NA,NA,NA,NA,NA,NA,NA,Baked Bree,https://bakedbree.com/donut-icing,NA,NA,NA,NA,NA,NA,NA,NA,NA,NA,NA
Mint Brownies,Amalena Caldwell,NA,NA,American,Prep Time 20 minutes mins,Cook Time 30 minutes mins,Total Time 2 hours hrs 20 minutes mins,NA,14,14,1 cup unsalted butter 2 sticks,4 ounces unsweetened baking chocolate chopped,2 cups granulated sugar,4 large eggs,2 teaspoons pure vanilla extract,1 1/3 cups all-purpose flour,3/4 teaspoon baking powder,1/4 cup unsalted butter softened,2 cups powdered sugar,1 1/2 tablespoons milk,1 1/4 teaspoons peppermint extract,Green food coloring optional,1 1/4 cups semi-sweet chocolate chips,Baked Bree,https://bakedbree.com/mint-brownies,6 tablespoons unsalted butter,NA,NA,NA,NA,NA,NA,NA,NA,NA,NA
Sugar Cookie Bars,Amy Golden,NA,NA,American,Prep Time 20 minutes mins,Cook Time 20 minutes mins,Total Time 1 hour hr,20 bars,15,13,8 ounces unsalted butter softened,1 cup granulated sugar,1 large egg,1 1/4 teaspoons vanilla extract,3 cups all-purpose flour,1 1/4 teaspoons baking powder,1/4 teaspoon salt,4 ounces unsalted butter softened,3 1/4 cups powdered sugar plus more if needed,3/4 teaspoon vanilla extract,2-4 tablespoons milk,Food coloring optional,Sprinkles optional,Baked Bree,https://bakedbree.com/sugar-cookie-bars,NA,NA,NA,NA,NA,NA,NA,NA,NA,NA,NA
Red Velvet Cookies,Amy Golden,NA,NA,American,Prep Time 15 minutes mins,Cook Time 12 minutes mins,Total Time 37 minutes mins,20 cookies,8,10,2 cups all-purpose flour,1/4 cup unsweetened cocoa powder,1 1/4 teaspoons baking soda,1/4 teaspoon salt,4 ounces unsalted butter softened,1 cup granulated sugar,1 large egg,2 1/2 teaspoons pure vanilla extract,1 tablespoon red food coloring,2 cups white chocolate chips,NA,NA,NA,Baked Bree,https://bakedbree.com/red-velvet-cookies,NA,NA,NA,NA,NA,NA,NA,NA,NA,NA,NA
Cookie in a Mug,Amy Golden,NA,NA,American,Prep Time 2 minutes mins,Cook Time 1 minute min,Total Time 3 minutes mins,1 serving,4,8,4 teaspoons unsalted butter melted,2 tablespoons brown sugar,Splash of vanilla extract,Pinch of salt,1 egg yolk,3 tablespoons all-purpose flour,1 1/2 tablespoons chocolate chips plus more for sprinkling,Vanilla ice cream for serving (optional),NA,NA,NA,NA,NA,Baked Bree,https://bakedbree.com/cookie-in-a-mug,NA,NA,NA,NA,NA,NA,NA,NA,NA,NA,NA
Pumpkin Chocolate Chip Cookies,Amy Golden,NA,NA,American,Prep Time 15 minutes mins,Cook Time 12 minutes mins,Total Time 27 minutes mins,24 cookies,6,12,1 cup canned pumpkin purée,1/2 cup vegetable oil,1/2 cup granulated sugar,1/2 cup packed light brown sugar,1 large egg,1 1/2 teaspoons vanilla extract,2 cups all-purpose flour,2 1/2 teaspoons pumpkin pie spice,2 1/2 teaspoons baking powder,1/2 teaspoon baking soda,1/4 teaspoon salt,1 1/2 cups semisweet chocolate chips,NA,Baked Bree,https://bakedbree.com/pumpkin-chocolate-chip-cookies,NA,NA,NA,NA,NA,NA,NA,NA,NA,NA,NA
Flourless Peanut Butter Cookies,Amalena Caldwell,NA,NA,American,Prep Time 10 minutes mins,Cook Time 12 minutes mins,Total Time 52 minutes mins,12 cookies,4,6,1 cup creamy peanut butter,1/2 cup granulated sugar,1/4 cup brown sugar packed,3/4 teaspoon vanilla extract,1 pinch kosher salt,1 large egg,NA,NA,NA,NA,NA,NA,NA,Baked Bree,https://bakedbree.com/flourless-peanut-butter-cookies,NA,NA,NA,NA,NA,NA,NA,NA,NA,NA,NA
Peanut Butter Cup Cookies,Amy Golden,NA,NA,American,Prep Time 20 minutes mins,Cook Time 9 minutes mins,Total Time 29 minutes mins,36 cookies,6,11,1 3/4 cups all-purpose flour,1/4 teaspoon salt,1 teaspoon baking soda,36 miniature peanut butter cups unwrapped,1/2 cup butter softened,2/3 cup granulated sugar,1/3 cup packed brown sugar,1/2 cup peanut butter,1 egg beaten,1 1/4 teaspoons vanilla extract,1 tablespoon milk,NA,NA,Baked Bree,https://bakedbree.com/peanut-butter-cup-cookies,NA,NA,NA,NA,NA,NA,NA,NA,NA,NA,NA
Cinnamon Roll Cookies,Amy Golden,NA,NA,American,Prep Time 20 minutes mins,Cook Time 10 minutes mins,Total Time 2 hours hrs 30 minutes mins,36 cookies,7,12,6 ounces unsalted butter softened,3/4 cup granulated sugar,1 large egg room temperature,1 3/4 teaspoons vanilla extract,2 1/4 cups all-purpose flour,3/4 teaspoon baking powder,1/2 teaspoon salt,2 tablespoons unsalted butter melted,3 1/2 tablespoons granulated sugar for cinnamon sugar,2 1/2 teaspoons ground cinnamon for cinnamon sugar,1 cup powdered sugar,2 1/2 to 3 tablespoons milk,NA,Baked Bree,https://bakedbree.com/cinnamon-roll-cookies,NA,NA,NA,NA,NA,NA,NA,NA,NA,NA,NA
Pumpkin Oatmeal Cookies,Amy Golden,NA,NA,American,Prep Time 15 minutes mins,Cook Time 12 minutes mins,Total Time 27 minutes mins,18 cookies,6,12,1 cup all-purpose flour,3/4 teaspoon baking soda,1/2 teaspoon salt,1 teaspoon ground cinnamon,1 teaspoon pumpkin pie spice,1 cup old-fashioned rolled oats,1/2 cup unsalted butter softened,1/2 cup brown sugar,1/4 cup granulated sugar,1 large egg,1 teaspoon vanilla extract,1/2 cup pumpkin purée,NA,Baked Bree,https://bakedbree.com/pumpkin-oatmeal-cookies,NA,NA,NA,NA,NA,NA,NA,NA,NA,NA,NA
Peanut Butter Cookies,Amy Golden,NA,NA,American,Prep Time 15 minutes mins,Cook Time 12 minutes mins,Total Time 32 minutes mins,18 cookies,7,9,1 1/2 cups all-purpose flour,1 teaspoon baking powder,1/4 teaspoon kosher salt,1/2 cup unsalted butter softened,1 cup creamy peanut butter,2/3 cup packed brown sugar,1/3 cup granulated sugar,1 large egg at room temperature,1 1/2 teaspoons vanilla extract,NA,NA,NA,NA,Baked Bree,https://bakedbree.com/peanut-butter-cookies,NA,NA,NA,NA,NA,NA,NA,NA,NA,NA,NA
Black and White Cookies,Amy Golden,NA,NA,American,Prep Time 30 minutes mins,Cook Time 15 minutes mins,Total Time 1 hour hr,8 cookies,11,14,1 1/3 cups all-purpose flour,1/2 teaspoon baking powder,1/4 teaspoon baking soda,1/4 teaspoon salt,3 ounces unsalted butter softened,1/2 cup granulated sugar,1 large egg at room temperature,1 1/2 teaspoons vanilla extract,1/3 cup whole milk,2 1/2 cups powdered sugar,2 tablespoons light corn syrup,1/2 teaspoon vanilla extract,5 to 6 tablespoons water divided,Baked Bree,https://bakedbree.com/black-and-white-cookies,3 tablespoons unsweetened cocoa powder,NA,NA,NA,NA,NA,NA,NA,NA,NA,NA
Apple Cider Donuts,Diane Goodman,NA,NA,American,Prep Time 30 minutes mins,Cook Time 10 minutes mins,Total Time 40 minutes mins,12 donuts,6,15,1 1/3 cups apple cider,2 cups all-purpose flour,1 teaspoon baking powder,1/2 teaspoon baking soda,3/4 teaspoon ground cinnamon,1/2 teaspoon ground nutmeg,1/4 teaspoon kosher salt,3 tablespoons unsalted butter melted,2/3 cup light brown sugar packed,1/3 cup granulated sugar,1 large egg,1 teaspoon vanilla extract,1/2 cup buttermilk,Baked Bree,https://bakedbree.com/apple-cider-donuts,1 cup granulated sugar for coating,1 teaspoon ground cinnamon for coating,NA,NA,NA,NA,NA,NA,NA,NA,NA
Peach Cobbler Recipe,Amy Golden,NA,NA,American,Prep Time 15 minutes mins,Cook Time 45 minutes mins,Total Time 1 hour hr,8 servings,5,9,6 large peaches peeled and sliced,1/3 cup brown sugar,1 cup all-purpose flour,3/4 cup granulated sugar,1/4 teaspoon salt,1/2 cup unsalted butter melted,1 1/2 teaspoons vanilla extract,2 teaspoons baking powder,Ground cinnamon for sprinkling,NA,NA,NA,NA,Baked Bree,https://bakedbree.com/peach-cobbler-recipe,NA,NA,NA,NA,NA,NA,NA,NA,NA,NA,NA
Key Lime Bars,Amy Golden,NA,NA,American,Prep Time 15 minutes mins,Cook Time 25 minutes mins,Total Time 3 hours hrs 40 minutes mins,16 bars,7,7,1 1/2 cups graham cracker crumbs,1/3 cup granulated sugar,6 tablespoons unsalted butter melted,4 large egg yolks,14 ounces sweetened condensed milk,1/2 cup key lime juice,1 tablespoon lime zest,NA,NA,NA,NA,NA,NA,Baked Bree,https://bakedbree.com/key-lime-bars,NA,NA,NA,NA,NA,NA,NA,NA,NA,NA,NA
Cannoli Recipe,Diane Goodman,NA,NA,Italian,Prep Time 45 minutes mins,Cook Time 10 minutes mins,Total Time 55 minutes mins,18 servings,13,14,2 cups all-purpose flour,2 tablespoons granulated sugar,1/4 teaspoon ground cinnamon,3 tablespoons unsalted butter chilled and cubed,1/3 cup Marsala wine,1 large egg,1 egg white for sealing dough,Vegetable oil for frying,15 ounces whole milk ricotta cheese drained,1/2 cup powdered sugar plus extra for dusting,1 teaspoon pure vanilla extract,1/3 cup mini chocolate chips,1 teaspoon orange zest optional,Baked Bree,https://bakedbree.com/cannoli,1 tablespoon chopped pistachio,NA,NA,NA,NA,NA,NA,NA,NA,NA,NA
Mantecadas Recipe,Diane Goodman,NA,NA,Mexican,Prep Time 10 minutes mins,Cook Time 20 minutes mins,Total Time 30 minutes mins,12 servings,9,8,4 large eggs,1 cup granulated sugar,1 cup vegetable oil,3/4 cup whole milk,2 teaspoons vanilla extract,2 cups all-purpose flour,2 teaspoons baking powder,1/2 teaspoon salt,NA,NA,NA,NA,NA,Baked Bree,https://bakedbree.com/mantecadas,NA,NA,NA,NA,NA,NA,NA,NA,NA,NA,NA
Key Lime Cookies,Amalena Caldwell,5, 1 ,American,Prep Time 10 minutes mins,Cook Time 10 minutes mins,Total Time 20 minutes mins,24 cookies,9,10,3/4 cup unsalted butter softened,3/4 cup granulated sugar,1 large egg,1 tablespoon key lime zest,3 tablespoons key lime juice,1 3/4 cups all-purpose flour,1/2 teaspoon baking soda,1/2 teaspoon salt,1 cup powdered sugar (for glaze),1 tablespoon key lime juice (for glaze),NA,NA,NA,Baked Bree,https://bakedbree.com/key-lime-cookies,NA,NA,NA,NA,NA,NA,NA,NA,NA,NA,NA
Ricotta Cookies Recipe,Amalena Caldwell,NA,NA,italian-american,Prep Time 15 minutes mins,Cook Time 10 minutes mins,Total Time 25 minutes mins,24 cookies,10,13,2 cups all-purpose flour,1 teaspoon baking powder,1/2 teaspoon baking soda,1/4 teaspoon salt,1/2 cup unsalted butter softened,1 cup granulated sugar,1 large egg,1 cup ricotta cheese,1/2 teaspoon vanilla extract,1 1/2 cups powdered sugar,2 tablespoons milk,1/2 teaspoon almond extract,Sprinkles optional,Baked Bree,https://bakedbree.com/ricotta-cookies,NA,NA,NA,NA,NA,NA,NA,NA,NA,NA,NA
Reese’s Cheesecake Bars,Bree Hester,NA,NA,baking,Prep Time 15 minutes mins,Cook Time 55 minutes mins,Total Time 6 hours hrs 10 minutes mins,12 bars,10,13,7 graham crackers,3 tablespoons brown sugar,6 tablespoons melted butter cooled,2 tablespoons flour,1/8 teaspoon salt,2 packages cream cheese (8 ounces each) room temperature,2/3 cups sugar,2 eggs,1/4 cup sour cream,1 teaspoon vanilla extract,12 whole Reese's Peanut Butter Cups divided,2 ounces semisweet chocolate melted,"Reese's Pieces optional, for garnish",Baked Bree,https://bakedbree.com/reeses-cheesecake-bars,NA,NA,NA,NA,NA,NA,NA,NA,NA,NA,NA
Baby Shower Cupcakes,Bree Hester,NA,NA,baking,Prep Time 30 minutes mins,Cook Time 30 minutes mins,Total Time 1 hour hr,24 cupcakes,11,17,3 cups cake flour not self-rising,1 1/2 cups flour,3/4 teaspoon baking soda,2 1/4 teaspoons baking powder,1 1/2 teaspoons kosher salt,1 cup plus 2 Tablespoons unsalted butter at room temperature,2 1/4 cups sugar,5 large whole eggs plus 3 egg yolks at room temperature,2 cups buttermilk at room temperature,2 teaspoons vanilla,2 sticks room temperature butter,6-7 cups confectioners sugar,6-8 Tablespoons heavy cream,Baked Bree,https://bakedbree.com/baby-shower-cupcakes,1 vanilla bean,1 teaspoon vanilla extract,1/2 teaspoon almond extract optional,food coloring optional,NA,NA,NA,NA,NA,NA,NA
Chocolate Snickerdoodles,Bree Hester,5, 3 ,"American, Holiday Baking",Prep Time 15 minutes mins,Cook Time 12 minutes mins,Total Time 1 hour hr 7 minutes mins,24 (2 to 3 dozen),12,11,2 1/4 cups flour,1/2 cup cocoa powder,1 teaspoon cream of tartar,1/2 teaspoon baking soda,1/4 teaspoon kosher salt,1/2 cup butter at room temperature,1 1/2 cups granulated sugar,2 eggs,1 teaspoon vanilla,3 tablespoons granulated sugar,1 tablespoon ground cinnamon,NA,NA,Baked Bree,https://bakedbree.com/chocolate-snickerdoodles,NA,NA,NA,NA,NA,NA,NA,NA,NA,NA,NA
Spooky Witch Finger Cookies (Halloween Cookies),Paola Westbeek,NA,NA,"American, Holiday Baking",Prep Time 15 minutes mins,Cook Time 20 minutes mins,Total Time 2 hours hrs 35 minutes mins,NA,9,9,1 cup butter softened,1/2 cup granulated sugar,1 large egg,2 teaspoons almond extract,1 cup powdered sugar,2 2/3 cups all-purpose flour,3/4 teaspoon salt,24 blanched almonds,1/2 cup strawberry jam,NA,NA,NA,NA,Baked Bree,https://bakedbree.com/witch-finger-cookies,NA,NA,NA,NA,NA,NA,NA,NA,NA,NA,NA
Perfect Chocolate Chip Cookies Recipe,Bree Hester,4.64, 11 ,American,Prep Time 20 minutes mins,Cook Time 16 minutes mins,Total Time 36 minutes mins,24 cookies,7,11,225 grams unsalted butter room temperature,220 grams light brown sugar,220 grams sugar,2 eggs,1 teaspoon vanilla,250 grams all-purpose flour,250 grams bread flour,1 teaspoon baking powder,1 teaspoon baking soda,1 teaspoon flaked sea salt,500 grams chocolate chopped,NA,NA,Baked Bree,https://bakedbree.com/perfect-chocolate-chip-cookies,NA,NA,NA,NA,NA,NA,NA,NA,NA,NA,NA
Rocky Road Bars,Bree Hester,NA,NA,American,Prep Time 10 minutes mins,Cook Time 20 minutes mins,Total Time 1 hour hr 30 minutes mins,NA,8,5,8 graham crackers,1 1/2 cups raw almonds that have been toasted and coarsely chopped,1 cup marshmallow fluff,1 12-ounce bag semi sweet chips,1 14-ounce can sweetened condensed milk,NA,NA,NA,NA,NA,NA,NA,NA,Baked Bree,https://bakedbree.com/rocky-road-bars,NA,NA,NA,NA,NA,NA,NA,NA,NA,NA,NA
Tie Dye Cookies,Bree Hester,4.67, 12 ,baking,Prep Time 20 minutes mins,Cook Time 8 minutes mins,Total Time 2 hours hrs 28 minutes mins,NA,4,2,1 kg sugar cookie dough,5 various food colors,NA,NA,NA,NA,NA,NA,NA,NA,NA,NA,NA,Baked Bree,https://bakedbree.com/tie-dye-cookies,NA,NA,NA,NA,NA,NA,NA,NA,NA,NA,NA
Salted Peanut Butter Candy-Pretzel Cowboy Cookies,Bree Hester,NA,NA,baking,Prep Time 15 minutes mins,Cook Time 12 minutes mins,Total Time 52 minutes mins,36 cookies,10,15,1 cup unsalted butter at room temperature,1 cup light brown sugar packed,2 eggs,1 tablespoon vanilla,2 cups flour,1 1/2 cups old-fashioned rolled oats,1 teaspoon baking soda,1/2 teaspoon cinnamon,1/2 teaspoon salt,1 cup pretzels crushed,1 cup M&M's Peanut Butter candies,1/2 cup roasted peanuts roughly chopped,1/2 cup semisweet chocolate chips,Baked Bree,https://bakedbree.com/salted-peanut-butter-pretzel-cowboy-cookies,1/2 cup milk chocolate chunks,Flaked sea salt,NA,NA,NA,NA,NA,NA,NA,NA,NA
Chocolate Macaroons,Bree Hester,NA,NA,"American, Bakery-style",Prep Time 15 minutes mins,Cook Time 25 minutes mins,Total Time 2 hours hrs 10 minutes mins,24 macaroons,6,7,1 can sweetened condensed milk (14 ounces),2 tablespoons sour cream,1 tablespoon heavy cream,1½ teaspoons vanilla extract,2 bags sweetened shredded coconut (14 ounces each),1½ cups milk chocolate chips,1½ cups dark chocolate chips,NA,NA,NA,NA,NA,NA,Baked Bree,https://bakedbree.com/chocolate-covered-macaroons,NA,NA,NA,NA,NA,NA,NA,NA,NA,NA,NA
Blueberry Cheesecake Bars,Bree Hester,5, 1 ,"American, Spring dessert",Prep Time 20 minutes mins,Cook Time 40 minutes mins,Total Time 3 hours hrs,NA,11,13,2 tablespoons sugar,2 teaspoons cornstarch,1 cup blueberries fresh or frozen,1/4 cup orange juice,2 cups flour,1/2 cup powdered sugar,1 cup butter,1 8-ounce cream cheese at room temperature,1/2 cup sugar,1 tablespoon flour,2 eggs,2 teaspoons orange zest,1 teaspoon vanilla,Baked Bree,https://bakedbree.com/blueberry-cheesecake-bars,NA,NA,NA,NA,NA,NA,NA,NA,NA,NA,NA
Chocolate Peanut Butter Stacks,Bree Hester,NA,NA,American,Prep Time 30 minutes mins,Cook Time 30 minutes mins,Total Time 5 hours hrs,NA,7,11,Chocolate Shortbread Cookie adapted from Dorie,1 1/2 cups flour,1/2 cup unsweetened cocoa powder,2 sticks room temperature butter,2/3 powdered sugar,1 egg yolk,3/4 sea salt,1 teaspoon vanilla,peanut butter pie filling,caramel sauce,salted and roasted peanuts,NA,NA,Baked Bree,https://bakedbree.com/chocolate-peanut-butter-stacks,NA,NA,NA,NA,NA,NA,NA,NA,NA,NA,NA
Oatmeal Cream Pies,Bree Hester,5, 1 ,American,Prep Time 15 minutes mins,Cook Time 10 minutes mins,Total Time 40 minutes mins,12 pies,7,13,1 stick butter room temperature,3/4 cup brown sugar,1 egg,1 teaspoon vanilla,1 1/4 cups flour,1 1/2 cups oats,1/2 teaspoon baking soda,1/2 teaspoon salt,1 /2 teaspoon cinnamon,1 stick butter room temperature,1 7- ounce container marshmallow creme,3 cups powdered sugar,1 teaspoon vanilla,Baked Bree,https://bakedbree.com/oatmeal-cream-pies,NA,NA,NA,NA,NA,NA,NA,NA,NA,NA,NA
Easy Lemon Bars Recipe,Bree Hester,4, 1 ,baking,Prep Time 20 minutes mins,Cook Time 55 minutes mins,Total Time 1 hour hr 35 minutes mins,18 bars,5,10,2 cups flour,1 cup confectioners’ sugar,Pinch of salt,2 sticks unsalted butter at room temperature,4 eggs,2 cups sugar,4 tablespoons lemon juice,4 tablespoons flour,1/2 teaspoon lemon extract,1 teaspoon baking powder,NA,NA,NA,Baked Bree,https://bakedbree.com/lemon-bars,NA,NA,NA,NA,NA,NA,NA,NA,NA,NA,NA
Toffee Blondies in a Jar,Bree Hester,NA,NA,"American, Holiday Baking",Prep Time 10 minutes mins,Cook Time 25 minutes mins,Total Time 35 minutes mins,12 bars,8,12,1 cup brown sugar,1/2 cup mini chocolate chips,1 cup flour,1 teaspoon baking powder,1/4 teaspoon salt,3/4 cup chopped pecans or walnuts,1/2 cup Heath Chips,1 quart size mason jar,the contents of the jar,1/4 cup melted butter,2 lightly beaten eggs,1 teaspoon vanilla,NA,Baked Bree,https://bakedbree.com/toffee-blondies-week-4-of-12-weeks-of-cookies,NA,NA,NA,NA,NA,NA,NA,NA,NA,NA,NA
Maple Blondies,Bree Hester,5, 2 ,American,Prep Time 10 minutes mins,Cook Time 20 minutes mins,Total Time 30 minutes mins,NA,7,10,2 cups flour,1 teaspoon baking powder,3/4 teaspoon salt,1/4 teaspoon baking soda,10 tablespoons melted butter,1 cup brown sugar,1/2 cup pure maple syrup,2 eggs,1 teaspoon vanilla,1 cup pecan pieces,NA,NA,NA,Baked Bree,https://bakedbree.com/maple-blondies,NA,NA,NA,NA,NA,NA,NA,NA,NA,NA,NA
Banana Oatmeal Cookies,Bree Hester,4, 2 ,baking,Prep Time 10 minutes mins,Cook Time 15 minutes mins,Total Time 25 minutes mins,18 pieces,7,12,1/2 cup peanut butter,1/2 cup butter room temperature,3/4 cup brown sugar,1 egg,1 tsp vanilla,2 ripe Dole bananas mashed,1/2 tsp baking soda,1/4 tsp salt,3/4 cup all purpose flour,3/4 cup whole wheat flour,1/4 cup toasted wheat germ,2 cup rolled oat,NA,Baked Bree,https://bakedbree.com/banana-oat-breakfast-cookies,NA,NA,NA,NA,NA,NA,NA,NA,NA,NA,NA
Spiced Chocolate Chip Cookie Bars,Bree Hester,NA,NA,"American, German",Prep Time 10 minutes mins,Cook Time 22 minutes mins,Total Time 32 minutes mins,NA,6,13,3 cups flour,3/4 teaspoon baking soda,3/4 teaspoon salt,1 1/2 teaspoons cinnamon,1/2 teaspoon ground ginger,1/2 teaspoon cardamom,1/2 teaspoon freshly grated nutmeg,1 cup butter room temperature,1 cup light brown sugar,3/4 cup sugar,2 eggs plus 1 yolk,2 teaspoons vanilla,1 cup chocolate chips or 250 g bar dark chocolate,Baked Bree,https://bakedbree.com/spiced-chocolate-chip-cookie-bars,NA,NA,NA,NA,NA,NA,NA,NA,NA,NA,NA
Chocolate Cinnamon Rugelach Recipe with Instructions,Bree Hester,NA,NA,baking,Prep Time 20 minutes mins,Cook Time 15 minutes mins,Total Time 5 hours hrs 5 minutes mins,NA,16,13,1 cup butter room temperature,"1 brick of 8-ounces. cream cheese, room temperature",2 1/4 cups flour,1/4 teaspoon salt,1/4 cup powdered sugar,1 egg yolk,1 teaspoon vanilla,1/2 teaspoon almond extract,2 cups milk chocolate chips,3/4 teaspoon cinnamon divided,1 egg,2 tablespoons sanding sugar or regular sugar,1 teaspoon flaked sea salt,Baked Bree,https://bakedbree.com/chocolate-cinnamon-rugelach,NA,NA,NA,NA,NA,NA,NA,NA,NA,NA,NA
Reese’s Peanut Butter Cookies,Bree Hester,NA,NA,American,Prep Time 10 minutes mins,Cook Time 10 minutes mins,Total Time 20 minutes mins,2 dozen,6,11,1/2 cup sugar,1/2 cup brown sugar,1/2 cup room temperature butter,1/2 cup creamy peanut butter,1 teaspoon vanilla,1 egg,1 1/4 cups flour,1/4 cup cocoa,1 teaspoon baking soda,1/4 teaspoon salt,1 1/4 cups Reese’s Pieces,NA,NA,Baked Bree,https://bakedbree.com/reeses-pieces-cookies,NA,NA,NA,NA,NA,NA,NA,NA,NA,NA,NA
Snowman Sugar Cookies (Christmas Treat),Bree Hester,4.75, 12 ,baking,Prep Time 15 minutes mins,Cook Time 8 minutes mins,Total Time 2 hours hrs 23 minutes mins,6 dozen,6,8,2 cups softened unsalted butter,3 cups sugar,4 eggs,1 Tablespoon vanilla extract,1 tablespoon butter extract optional,7 cups flour,2 teaspoons baking powder,1 teaspoon salt,NA,NA,NA,NA,NA,Baked Bree,https://bakedbree.com/sugar-cookies,NA,NA,NA,NA,NA,NA,NA,NA,NA,NA,NA
Frosted Sugar Cookies,Bree Hester,4.50, 2 ,American,Prep Time 15 minutes mins,Cook Time 15 minutes mins,Total Time 1 hour hr,16 cookies,6,8,1 roll refrigerated sugar cookie dough (16 1/2 ounces),4 ounces cream cheese room temperature,1/2 cup butter room temperature,2 cups powdered sugar,2 tablespoons heavy cream,1/2 teaspoon almond extract,Food coloring optional,Assorted sprinkles optional,NA,NA,NA,NA,NA,Baked Bree,https://bakedbree.com/frosted-sugar-cookies,NA,NA,NA,NA,NA,NA,NA,NA,NA,NA,NA
Chocolate Peanut Butter Whoopie Pie,Bree Hester,5, 4 ,American,Prep Time 15 minutes mins,Cook Time 10 minutes mins,Total Time 25 minutes mins,12 whoopie pies,12,17,1 – 12 ounce package mini chocolate chips,2 Tablespoons milk,3/4 cup butter room temperature,1/4 cup creamy peanut butter,1 1/2 cups sugar,1 teaspoon baking soda,1 teaspoon baking powder,2 eggs,1/2 cup milk,1 teaspoon vanilla,1/2 cup unsweetened cocoa powder,3 cups flour,1 cup room temperature butter,Baked Bree,https://bakedbree.com/chocolate-peanut-butter-whoopie-pie,1 cup creamy peanut butter,1 cup marshmallow creme,2 cups powdered sugar,2 Tablespoons milk,NA,NA,NA,NA,NA,NA,NA
Chewy Honey Gingersnap Cookies,Bree Hester,NA,NA,American,Prep Time 15 minutes mins,Cook Time 10 minutes mins,Total Time 25 minutes mins,24 cookies,6,12,2 cups all-purpose flour,1 teaspoon baking soda,1/2 teaspoon salt,2 tablespoons crystallized ginger finely chopped,1 teaspoon ground ginger,1 teaspoon cinnamon,1/4 teaspoon ground cloves,1/2 cup unsalted butter room temperature,1/2 cup honey,1/2 cup plus 2 tablespoons Dixie Crystals Extra Fine Granulated Sugar,1 egg,1 teaspoon vanilla extract,NA,Baked Bree,https://bakedbree.com/chewy-honey-gingersnap-cookies,NA,NA,NA,NA,NA,NA,NA,NA,NA,NA,NA
Homemade Cinnamon-Nut Rugelach,Bree Hester,5, 2 ,"American, ashkenazi, eastern european, jewish",Prep Time 45 minutes mins,Cook Time 20 minutes mins,Total Time 3 hours hrs 30 minutes mins,24 servings,20,14,1 package cream cheese (8 ounces) at room temperature,2 sticks unsalted butter at room temperature,1/4 cup granulated sugar,1/4 teaspoon salt,1 teaspoon vanilla extract,2 cups all-purpose flour,9 tablespoons granulated sugar divided,1/4 cup brown sugar,1 1/2 teaspoons cinnamon divided,1 cup walnuts chopped,1/2 cup raspberry jam,1/2 cup apricot preserves,1 egg,Baked Bree,https://bakedbree.com/rugelach-cookies,Splash of milk,NA,NA,NA,NA,NA,NA,NA,NA,NA,NA
How to Make Cinnamon Twists,Bree Hester,5, 1 ,American,Prep Time 15 minutes mins,Cook Time 15 minutes mins,Total Time 1 hour hr,NA,7,14,1 cup milk,2 eggs,1/3 cup butter room temperature,1/2 cup sugar,1 teaspoon salt,4 cups flour,2 1/4 teaspoons yeast,1 cup brown sugar,2 1/2 Tablespoons cinnamon,1/3 cup butter room temperature,1 Tablespoon flour,1 cup powdered sugar,3 Tablespoons water,Baked Bree,https://bakedbree.com/bread-machine-cinnamon-twists,1 teaspoon vanilla,NA,NA,NA,NA,NA,NA,NA,NA,NA,NA
Heath Bar Cookies,Bree Hester,5, 2 ,American,Prep Time 15 minutes mins,Cook Time 10 minutes mins,Total Time 55 minutes mins,36 cookies,8,11,1 bag mini Heath Bars (10.2 ounces) unwrapped,1 cup butter room temperature,1 cup sugar,1 cup brown sugar,2 eggs,2 teaspoons vanilla extract,3 cups flour,1 teaspoon baking soda,2 teaspoons hot water,1/2 teaspoon salt,1/2 teaspoon cream of tartar,NA,NA,Baked Bree,https://bakedbree.com/heath-bar-cookies,NA,NA,NA,NA,NA,NA,NA,NA,NA,NA,NA
Classic Peanut Butter Blossom Cookies,Gavin Crisp,NA,NA,American,Prep Time 15 minutes mins,Cook Time 15 minutes mins,Total Time 30 minutes mins,NA,8,9,1 1/2 cup Cake flour,1/2 cup Butter,1 cup Peanut butter,1/2 cup White sugar,1 tsp Vanilla essence,1 egg large,Pinch Salt,3/4 tsp baking powder,18 Kisses chocolates,NA,NA,NA,NA,Baked Bree,https://bakedbree.com/peanut-butter-blossom-cookies,NA,NA,NA,NA,NA,NA,NA,NA,NA,NA,NA
Soft and Chewy Chocolate Chip Cookies,Bree Hester,4.54, 15 ,baking,Prep Time 5 minutes mins,Cook Time 9 minutes mins,Total Time 14 minutes mins,24 cookies,6,9,1 cup melted butter cooled,3/4 cup sugar,3/4 cup brown sugar,2 eggs,1 teaspoon vanilla,3 cups flour more if needed,1 teaspoon baking soda,1 teaspoon salt,1 package chocolate chips,NA,NA,NA,NA,Baked Bree,https://bakedbree.com/chocolate-chip-cookies,NA,NA,NA,NA,NA,NA,NA,NA,NA,NA,NA
Homemade Nanaimo Bars,Bree Hester,5, 1 ,American,Prep Time 1 hour hr 40 minutes mins,Cook Time 20 minutes mins,Total Time 2 hours hrs,NA,10,13,1/2 cup butter,1/4 cup brown sugar,3 Tablespoons cocoa,1 egg,2 cups graham cracker crumbs,1 cup coconut,1/2 cup chopped walnuts,2 cups powdered sugar,1/4 cup room temperature butter,1/4 cup heavy cream,2 Tablespoons custard powder,3 ounces chocolate chips,1/4 butter,Baked Bree,https://bakedbree.com/nanaimo-bars-week-9-of-12-weeks-of-christmas,NA,NA,NA,NA,NA,NA,NA,NA,NA,NA,NA
Rice Krispies Treats With Vanilla Brown Butter,Bree Hester,4.54, 13 ,American,Prep Time 10 minutes mins,Cook Time 15 minutes mins,Total Time 1 hour hr 25 minutes mins,18 servings,11,5,9 cups Rice Krispies cereal,1 cup butter,1/2 vanilla bean,2 bags marshmallows 10 ounces each,1/2 teaspoon kosher salt,NA,NA,NA,NA,NA,NA,NA,NA,Baked Bree,https://bakedbree.com/brown-butter-vanilla-bean-rice-krispie-treats,NA,NA,NA,NA,NA,NA,NA,NA,NA,NA,NA
Pumpkin Butter Bars,Bree Hester,5, 1 ,American,Prep Time 15 minutes mins,Cook Time 40 minutes mins,Total Time 55 minutes mins,NA,9,9,1 box yellow cake mix,1/2 cup melted butter,3 eggs,1 13.5-ounce jar pumpkin butter (I used the William-Sonoma brand),2 Tablespoons milk,1 Tablespoon flour,1/4 cup sugar,1 teaspoon cinnamon,4 Tablespoons cold butter,NA,NA,NA,NA,Baked Bree,https://bakedbree.com/pumpkin-butter-bars,NA,NA,NA,NA,NA,NA,NA,NA,NA,NA,NA
Sugar Saucer Cookies,Bree Hester,NA,NA,American,Prep Time 20 minutes mins,Cook Time 15 minutes mins,Total Time 2 hours hrs,20 cookies,14,10,4 cups all-purpose flour,1 teaspoon baking soda,1/2 teaspoon kosher salt,1 1/2 cups unsalted butter at room temperature,1/2 cup vegetable oil,1 cup granulated sugar,1 cup powdered sugar,2 large eggs,4 teaspoons vanilla extract,"1/2 cup coarse sugar or colored sprinkles, optional, for rolling",NA,NA,NA,Baked Bree,https://bakedbree.com/sugar-saucers,NA,NA,NA,NA,NA,NA,NA,NA,NA,NA,NA
Snickerdoodle Stacks,Bree Hester,5, 1 ,American,Prep Time 10 minutes mins,Cook Time 15 minutes mins,Total Time 25 minutes mins,NA,6,8,3 Tablespoons sugar,1 teaspoon cinnamon,1 package 16 oz Pillsbury® Ready to Bake!™ refrigerated sugar cookies,1 cup heavy whipping cream,1/4 cup sugar,"1 8-ounce tub mascarpone, room temperature",1 teaspoon cinnamon,1 teaspoon vanilla,NA,NA,NA,NA,NA,Baked Bree,https://bakedbree.com/snickerdoodle-stacks,NA,NA,NA,NA,NA,NA,NA,NA,NA,NA,NA
Icebox Cookies,Dori Rose,NA,NA,American,Prep Time 20 minutes mins,Cook Time 10 minutes mins,Total Time 4 hours hrs 30 minutes mins,30 cookies,10,8,1 cup unsalted butter softened,1 1/2 cups granulated sugar,1 large egg room temperature,1 teaspoon vanilla extract,2 1/2 cups all-purpose flour,1 teaspoon baking powder,3/4 teaspoon salt,"Optional: sprinkles chopped nuts, or chopped chocolate for add-ins",NA,NA,NA,NA,NA,Baked Bree,https://bakedbree.com/icebox-cookies,NA,NA,NA,NA,NA,NA,NA,NA,NA,NA,NA
Cinnamon Scones,Jill Beaverson,NA,NA,American,Prep Time 30 minutes mins,Cook Time 25 minutes mins,Total Time 55 minutes mins,8 scones,11,12,2 cups all-purpose flour plus more for hands and work surface,2 1/2 teaspoons baking powder,1 teaspoon ground cinnamon,1/2 teaspoon salt,1/2 cup unsalted butter frozen,1/2 cup heavy cream plus more for brushing,1/2 cup packed light brown sugar,1 large egg,1 1/2 teaspoons pure vanilla extract,1 cup confectioners’ sugar,3 tablespoons milk,Coarse sugar for topping,NA,Baked Bree,https://bakedbree.com/cinnamon-scones,NA,NA,NA,NA,NA,NA,NA,NA,NA,NA,NA
Pumpkin Scones,Melissa Nicholson,NA,NA,American,Prep Time 20 minutes mins,Cook Time 25 minutes mins,Total Time 45 minutes mins,8 servings,8,11,2 cups all-purpose flour,2 1/2 teaspoons baking powder,1 teaspoon ground cinnamon,1 1/2 teaspoons pumpkin pie spice,1/2 teaspoon salt,1/2 cup unsalted butter frozen,1/3 cup heavy cream plus 2 tablespoons,1 large egg,1/2 cup canned pumpkin puree,1/2 cup light brown sugar,1 teaspoon vanilla extract,NA,NA,Baked Bree,https://bakedbree.com/pumpkin-scones,NA,NA,NA,NA,NA,NA,NA,NA,NA,NA,NA
Butterscotch Cookies,Evan Smith,NA,NA,American,Prep Time 25 minutes mins,Cook Time 12 minutes mins,Total Time 2 hours hrs 37 minutes mins,42 cookies,8,9,2 3/4 cups all-purpose flour,1 teaspoon baking soda,1 teaspoon salt,1 cup unsalted butter softened,1 cup packed brown sugar,1/2 cup granulated sugar,2 large eggs at room temperature,2 teaspoons vanilla extract,11 ounces butterscotch chips,NA,NA,NA,NA,Baked Bree,https://bakedbree.com/butterscotch-cookies,NA,NA,NA,NA,NA,NA,NA,NA,NA,NA,NA
Sugar Cookie Recipe,Diane Goodman,NA,NA,American,Prep Time 10 minutes mins,Cook Time 12 minutes mins,Total Time 22 minutes mins,10 cookies,9,8,2 1/4 cups all-purpose flour,1/2 teaspoon baking soda,1/2 teaspoon baking powder,1/4 teaspoon salt,1 1/2 cups granulated sugar divided,3/4 cup unsalted butter softened,1 large egg,2 teaspoons vanilla extract,NA,NA,NA,NA,NA,Baked Bree,https://bakedbree.com/sugar-cookie-recipe,NA,NA,NA,NA,NA,NA,NA,NA,NA,NA,NA
Cinnamon Cookies,Melissa Nicholson,NA,NA,American,Prep Time 25 minutes mins,Cook Time 11 minutes mins,Total Time 36 minutes mins,33 cookies,10,10,3/4 cup unsalted butter softened,1 cup granulated sugar,2 large eggs,2 teaspoons pure vanilla extract,3 1/2 cups all-purpose flour,1 teaspoon baking soda,3/4 teaspoon salt,1 1/2 teaspoons cream of tartar,1/3 cup granulated sugar for rolling,1 1/2 tablespoons ground cinnamon for rolling,NA,NA,NA,Baked Bree,https://bakedbree.com/cinnamon-cookies,NA,NA,NA,NA,NA,NA,NA,NA,NA,NA,NA
Peanut Butter Brownies,Melissa Nicholson,NA,NA,American,Prep Time 20 minutes mins,Cook Time 30 minutes mins,Total Time 1 hour hr 50 minutes mins,9 servings,9,9,1 1/4 cups creamy peanut butter,10 tablespoons unsalted butter,4 ounces semi-sweet chocolate chopped,1 cup granulated sugar,2 large eggs plus 1 egg yolk,1 teaspoon vanilla extract,1/2 cup all-purpose flour,1/4 cup unsweetened cocoa powder sifted,1/4 teaspoon fine salt,NA,NA,NA,NA,Baked Bree,https://bakedbree.com/peanut-butter-brownies,NA,NA,NA,NA,NA,NA,NA,NA,NA,NA,NA
Cocoa Powder Brownies,Michael Steliga,NA,NA,American,Prep Time 10 minutes mins,Cook Time 20 minutes mins,Total Time 30 minutes mins,16 brownies,8,8,1/2 cup unsalted butter melted,1 tablespoon cooking oil vegetable or canola oil,1 1/8 cup superfine sugar,2 large eggs,2 teaspoons vanilla extract,1/2 cup all-purpose flour,1/2 cup unsweetened cocoa powder,1/4 teaspoon salt,NA,NA,NA,NA,NA,Baked Bree,https://bakedbree.com/cocoa-powder-brownies,NA,NA,NA,NA,NA,NA,NA,NA,NA,NA,NA
Brownies,Diane Goodman,NA,NA,American,Prep Time 10 minutes mins,Cook Time 20 minutes mins,Total Time 30 minutes mins,16 brownies,8,8,1/2 cup unsalted butter melted,1 tablespoon cooking oil olive or coconut oil,1 1/8 cup superfine sugar,2 large eggs,2 teaspoons vanilla extract,1/2 cup all-purpose flour,1/2 cup unsweetened cocoa powder,1/4 teaspoon salt,NA,NA,NA,NA,NA,Baked Bree,https://bakedbree.com/brownies-recipe,NA,NA,NA,NA,NA,NA,NA,NA,NA,NA,NA
Nutella Brownies,Amy Golden,NA,NA,American,Prep Time 10 minutes mins,Cook Time 36 minutes mins,Total Time 46 minutes mins,12 servings,7,8,1/3 cup unsalted butter softened,1/2 cup packed light brown sugar,2 large eggs at room temperature,2 teaspoons vanilla extract,1 1/4 cups chocolate hazelnut spread divided,1/2 teaspoon salt,3/4 cup all-purpose flour,3/4 cup semi-sweet chocolate chips optional,NA,NA,NA,NA,NA,Baked Bree,https://bakedbree.com/nutella-brownies,NA,NA,NA,NA,NA,NA,NA,NA,NA,NA,NA
Chocolate Scones,Dori Rose,NA,NA,American,Prep Time 20 minutes mins,Cook Time 15 minutes mins,Total Time 35 minutes mins,8 servings,8,9,2 cups all-purpose flour,1/3 cup unsweetened cocoa powder,1/2 cup granulated sugar,1 tablespoon baking powder,1/2 teaspoon salt,1/2 cup unsalted butter very cold and cubed,3/4 cup heavy cream cold,1 teaspoon vanilla extract,3/4 cup semisweet chocolate chips,NA,NA,NA,NA,Baked Bree,https://bakedbree.com/chocolate-scones,NA,NA,NA,NA,NA,NA,NA,NA,NA,NA,NA
Gingerbread Cookies,Charlotte LaPointe,NA,NA,American,Prep Time 20 minutes mins,Cook Time 10 minutes mins,Total Time 4 hours hrs 30 minutes mins,24 cookies,8,11,3 cups all-purpose flour,1 teaspoon baking soda,1/4 teaspoon salt,1 tablespoon ground ginger,1 tablespoon ground cinnamon,1/2 teaspoon ground cloves,3/4 cup unsalted butter softened,1/2 cup packed brown sugar,1 large egg,1/2 cup molasses,1 teaspoon pure vanilla extract,NA,NA,Baked Bree,https://bakedbree.com/gingerbread-cookies,NA,NA,NA,NA,NA,NA,NA,NA,NA,NA,NA
Gingersnap Cookies,Michael Steliga,NA,NA,American,Prep Time 15 minutes mins,Cook Time 15 minutes mins,Total Time 30 minutes mins,28 cookies,7,11,1 1/2 sticks unsalted butter at cool room temperature,1 1/4 cups granulated sugar divided,1/4 cup lightly packed light brown sugar,1/3 cup unsulphured molasses,1 large egg,1/2 teaspoon fine salt,2 teaspoons baking soda,1 1/2 teaspoons ground ginger,1 teaspoon ground cinnamon,1/4 teaspoon ground cloves,2 1/4 cups all-purpose flour,NA,NA,Baked Bree,https://bakedbree.com/gingersnap-cookies,NA,NA,NA,NA,NA,NA,NA,NA,NA,NA,NA
Ginger Molasses Cookies,Amy Golden,NA,NA,American,Prep Time 15 minutes mins,Cook Time 10 minutes mins,Total Time 25 minutes mins,24 cookies,8,11,1 1/2 cups unsalted butter softened,1 cup granulated sugar,1 cup packed brown sugar,1/2 cup molasses,2 large eggs,4 1/2 cups all-purpose flour,4 teaspoons baking soda,1 tablespoon ground ginger,2 teaspoons ground cinnamon,1 teaspoon ground cloves,1 teaspoon salt,NA,NA,Baked Bree,https://bakedbree.com/ginger-molasses-cookies,NA,NA,NA,NA,NA,NA,NA,NA,NA,NA,NA
Gluten-Free Brownie Recipe,Melissa Nicholson,NA,NA,American,Prep Time 5 minutes mins,Cook Time 35 minutes mins,Total Time 40 minutes mins,16 servings,7,10,2 large eggs room temperature,3/4 cup granulated sugar,1 2/3 cups semi-sweet chocolate chips divided,3/4 cup neutral oil such as vegetable or canola,2 teaspoons vanilla extract,2 tablespoons milk any variety,1/2 cup plus 2 tablespoons gluten free all-purpose flour,2 tablespoons unsweetened cocoa powder,1/4 teaspoon salt,1/4 teaspoon baking powder,NA,NA,NA,Baked Bree,https://bakedbree.com/gluten-free-brownie-recipe,NA,NA,NA,NA,NA,NA,NA,NA,NA,NA,NA
Cranberry Orange Cookies,Amy Golden,NA,NA,American,Prep Time 15 minutes mins,Cook Time 12 minutes mins,Total Time 27 minutes mins,24 cookies,9,10,1 cup unsalted butter softened,1 cup granulated sugar,1 large egg,2 1/4 cups all-purpose flour,1/2 teaspoon baking powder,1/4 teaspoon baking soda,1/4 teaspoon salt,1 tablespoon orange zest,2 tablespoons fresh orange juice,1 cup dried cranberries,NA,NA,NA,Baked Bree,https://bakedbree.com/cranberry-orange-cookies,NA,NA,NA,NA,NA,NA,NA,NA,NA,NA,NA
Biscotti Recipe,Charlotte LaPointe,NA,NA,Italian,Prep Time 20 minutes mins,Cook Time 45 minutes mins,Total Time 1 hour hr 5 minutes mins,24 biscotti,9,8,2 cups all-purpose flour,1 teaspoon baking powder,1/4 teaspoon salt,3/4 cup granulated sugar,1/2 cup unsalted butter softened,2 large eggs,1 teaspoon pure vanilla extract,1 cup whole almonds toasted and coarsely chopped,NA,NA,NA,NA,NA,Baked Bree,https://bakedbree.com/biscotti,NA,NA,NA,NA,NA,NA,NA,NA,NA,NA,NA
Strawberry Scones,Evan Smith,NA,NA,American,Prep Time 20 minutes mins,Cook Time 18 minutes mins,Total Time 38 minutes mins,8 servings,11,9,2 cups all-purpose flour,1 tablespoon baking powder,3 tablespoons granulated sugar,1/2 teaspoon salt,6 tablespoons unsalted butter chilled and cubed,3/4 cup half-and-half,1 cup fresh strawberries diced,1 tablespoon turbinado sugar optional for topping,1 large egg beaten for egg wash,NA,NA,NA,NA,Baked Bree,https://bakedbree.com/strawberry-scones,NA,NA,NA,NA,NA,NA,NA,NA,NA,NA,NA
Gingerbread Cookie Frosting,Kathryn Funk,NA,NA,American,Prep Time 5 minutes mins,NA,Total Time 5 minutes mins,NA,5,5,3 cups confectioners’ sugar,1/2 teaspoon vanilla extract,2 teaspoons light corn syrup,4-5 tablespoons water room temperature,Pinch of salt,NA,NA,NA,NA,NA,NA,NA,NA,Baked Bree,https://bakedbree.com/gingerbread-cookie-frosting,NA,NA,NA,NA,NA,NA,NA,NA,NA,NA,NA
Peppermint Sugar Cookies,Amy Golden,NA,NA,American,Prep Time 20 minutes mins,Cook Time 12 minutes mins,Total Time 32 minutes mins,4 dozen,8,7,1 cup unsalted butter softened,1 cup granulated sugar,1/4 teaspoon salt,2 large egg yolks,2 teaspoons pure vanilla extract,2 cups all-purpose flour,1/2 cup peppermint candy crushed,NA,NA,NA,NA,NA,NA,Baked Bree,https://bakedbree.com/peppermint-sugar-cookies,NA,NA,NA,NA,NA,NA,NA,NA,NA,NA,NA
Christmas Cookies,Diane Goodman,NA,NA,American,Prep Time 20 minutes mins,Cook Time 10 minutes mins,Total Time 30 minutes mins,40 cookies,6,7,1 cup unsalted butter softened,1 cup granulated sugar,1 large egg,1 teaspoon vanilla extract,3 cups all-purpose flour,1 tablespoon baking powder,1/4 teaspoon salt,NA,NA,NA,NA,NA,NA,Baked Bree,https://bakedbree.com/christmas-cookies,NA,NA,NA,NA,NA,NA,NA,NA,NA,NA,NA
Vegan Gingerbread Cookies,Evan Smith,NA,NA,vegan,Prep Time 1 hour hr 15 minutes mins,Cook Time 12 minutes mins,Total Time 1 hour hr 27 minutes mins,NA,8,15,1/2 cup vegan butter softened,3/4 cup dark brown sugar packed,3/4 cup unsulphured molasses,1 teaspoon vanilla extract,3 cups all-purpose flour,1 teaspoon baking powder,1/2 teaspoon baking soda,1 tablespoon ground ginger,1 teaspoon ground cinnamon,1/2 teaspoon ground nutmeg,1/4 teaspoon ground cloves,1/2 teaspoon salt,1 cup powdered sugar,Baked Bree,https://bakedbree.com/vegan-gingerbread-cookies,1/4 teaspoon vanilla extract,1 1/2 tablespoons unsweetened almond milk or as needed,NA,NA,NA,NA,NA,NA,NA,NA,NA
Brownie Cookies,Evan Smith,NA,NA,American,Prep Time 15 minutes mins,Cook Time 10 minutes mins,Total Time 25 minutes mins,8 cookies,9,8,3.5 ounces dark chocolate chopped,4 tablespoons unsalted butter,1 tablespoon unsweetened cocoa powder,1 large egg room temperature,1/3 cup granulated sugar,1/4 cup brown sugar packed,1/2 cup all-purpose flour,1/4 teaspoon salt,NA,NA,NA,NA,NA,Baked Bree,https://bakedbree.com/brownie-cookies,NA,NA,NA,NA,NA,NA,NA,NA,NA,NA,NA
Chocolate Cupcake Recipe,Diane Goodman,NA,NA,American,Prep Time 20 minutes mins,Cook Time 20 minutes mins,Total Time 40 minutes mins,NA,6,9,1 1/2 cups all-purpose flour,1 1/4 cups granulated sugar,1/4 cup unsweetened cocoa powder,3/4 teaspoon baking soda,1/4 teaspoon salt,1 cup buttermilk room temperature,1/2 cup vegetable oil,1 large egg,2 teaspoons vanilla extract,NA,NA,NA,NA,Baked Bree,https://bakedbree.com/chocolate-cupcakes,NA,NA,NA,NA,NA,NA,NA,NA,NA,NA,NA
The Best Chocolate Peppermint Cookies,Christie Matherne,NA,NA,American,Prep Time 20 minutes mins,Cook Time 15 minutes mins,Total Time 1 hour hr 15 minutes mins,NA,7,14,½ cup butter softened,½ cup brown sugar,½ cup granulated sugar,1 egg,1 teaspoon vanilla extract,1 teaspoon peppermint extract,1½ cups all-purpose flour,½ cup cocoa powder,1 teaspoon baking powder,½ teaspoon salt,2 teaspoons whole milk,½ cup dark chocolate chips,1 cup white chocolate,Baked Bree,https://bakedbree.com/chocolate-peppermint-cookies,¼ cup peppermint candies crushed,NA,NA,NA,NA,NA,NA,NA,NA,NA,NA
Irish Potatoes,Bree Hester,4.55, 40 ,"American, Irish",Prep Time 15 minutes mins,NA,Total Time 45 minutes mins,NA,8,6,1/2 stick of butter softened,1/2 brick of cream cheese softened,1 tsp vanilla extract,4 cups confectioner's sugar,2 1/2 cups sweetened coconut,2 tbsp cinnamon,NA,NA,NA,NA,NA,NA,NA,Baked Bree,https://bakedbree.com/irish-potatoes,NA,NA,NA,NA,NA,NA,NA,NA,NA,NA,NA
Best Cream Cheese Frosting Recipe,Diane Goodman,NA,NA,American,Prep Time 10 minutes mins,NA,Total Time 10 minutes mins,NA,4,5,"1/2 cup unsalted butter 1 stick, softened to room temperature",8 ounces cream cheese softened to room temperature (use brick-style for best results),1 teaspoon pure vanilla extract,1/4 teaspoon salt to balance the sweetness,4 cups powdered sugar sifted,NA,NA,NA,NA,NA,NA,NA,NA,Baked Bree,https://bakedbree.com/cream-cheese-frosting,NA,NA,NA,NA,NA,NA,NA,NA,NA,NA,NA
Strawberry Buttercream Frosting,Diane Goodman,5, 1 ,American,Prep Time 15 minutes mins,NA,Total Time 15 minutes mins,NA,5,6,4 ounces fresh or frozen strawberries quartered (or 1 cup freeze-dried strawberries),1 cup unsalted butter softened to room temperature,4 cups powdered sugar sifted,"1 teaspoon pure vanilla extract optional, but recommended for an extra hint of flavor",1 teaspoon salt,2-4 tablespoons heavy cream or milk use only if opting for freeze-dried strawberries,NA,NA,NA,NA,NA,NA,NA,Baked Bree,https://bakedbree.com/strawberry-buttercream-frosting,NA,NA,NA,NA,NA,NA,NA,NA,NA,NA,NA
Red Velvet Shortbread Cookies,Bree Hester,4.67, 3 ,American,Prep Time 20 minutes mins,Cook Time 15 minutes mins,Total Time 2 hours hrs 35 minutes mins,24 cookies,9,8,1 1/4 cups flour,1/3 cup sugar,2 tablespoons cocoa powder,1/4 teaspoon salt,1/2 cup cold butter,1 tablespoon red food coloring,4 ounces white chocolate melts,1 teaspoon vegetable oil,NA,NA,NA,NA,NA,Baked Bree,https://bakedbree.com/red-velvet-shortbread-cookies,NA,NA,NA,NA,NA,NA,NA,NA,NA,NA,NA
Snowflake Fudge,Bree Hester,5, 1 ,American,Prep Time 5 minutes mins,Cook Time 5 minutes mins,Total Time 4 hours hrs 35 minutes mins,48 pieces,6,9,3 cups powdered sugar,1 1/2 cups heavy cream,1 teaspoon salt,2 teaspoons vanilla extract,12 tablespoons unsalted butter,4 1/2 cups mini marshmallows,1 tablespoon orange zest,4 1/2 cups white chocolate chips,"Sprinkles to decorate, optional",NA,NA,NA,NA,Baked Bree,https://bakedbree.com/snowflake-fudge-week-7-of-12-weeks-of-holiday-treats,NA,NA,NA,NA,NA,NA,NA,NA,NA,NA,NA
Almond Cafe Cookies,Bree Hester,5, 1 ,American,Prep Time 20 minutes mins,Cook Time 18 minutes mins,Total Time 38 minutes mins,NA,7,6,2 packages Pillsbury Ready to Bake sugar cookies,8 ounce tube almond paste,2 tablespoons Smuckers Apricot Preserves,1 cup flour,2 egg whites,1 1/4 cups sliced almonds,NA,NA,NA,NA,NA,NA,NA,Baked Bree,https://bakedbree.com/almond-cafe-cookies,NA,NA,NA,NA,NA,NA,NA,NA,NA,NA,NA
The Best Ginger Cookies Ever,Bree Hester,4.54, 13 ,American,Prep Time 20 minutes mins,Cook Time 15 minutes mins,Total Time 1 hour hr 40 minutes mins,NA,8,11,1/2 cup crystallized ginger chopped,3/4 cup granulated sugar divided,6 tablespoons butter room temperature,1/4 cup molasses,1 egg,2 cups flour,2 teaspoons baking soda,1 teaspoon ground ginger,3/4 teaspoon cinnamon,1/2 teaspoon freshly grated nutmeg,1/4 cup sanding sugar for rolling,NA,NA,Baked Bree,https://bakedbree.com/best-ginger-cookies-ever,NA,NA,NA,NA,NA,NA,NA,NA,NA,NA,NA
Spiced Snickerdoodles,Bree Hester,5, 2 ,American,Prep Time 15 minutes mins,Cook Time 20 minutes mins,Total Time 1 hour hr 25 minutes mins,36 cookies,12,17,1 cup unsalted butter at room temperature,1 1/2 cups granulated sugar,2 large eggs,1 teaspoon vanilla bean paste or 1 teaspoon vanilla extract,2 3/4 cups all-purpose flour,1 teaspoon cream of tartar,1/2 teaspoon baking soda,1/4 teaspoon salt,1/2 teaspoon cardamom,1/2 teaspoon cinnamon,1/2 teaspoon allspice,1/4 cup granulated sugar,1 vanilla bean split and seeds scraped—use seeds only,Baked Bree,https://bakedbree.com/spiced-snickerdoodles,1 teaspoon allspice,1/2 teaspoon cardamom,1/2 teaspoon cinnamon,"1 tablespoon sanding sugar gold, another color, or plain",NA,NA,NA,NA,NA,NA,NA
William’s Milk Chocolate Chip Cookies,Bree Hester,5, 2 ,American,Prep Time 10 minutes mins,Cook Time 15 minutes mins,Total Time 25 minutes mins,NA,7,10,1 cup unsalted butter room temperature,1 cup light brown sugar,1/3 cup sugar,2 eggs,2 teaspoons vanilla,2 1/2 cups flour,1 teaspoon baking powder,1 teaspoon baking soda,3/4 teaspoon kosher salt,2 cups milk chocolate chips,NA,NA,NA,Baked Bree,https://bakedbree.com/williams-chocolate-chip-cookies,NA,NA,NA,NA,NA,NA,NA,NA,NA,NA,NA
Soft Whole Wheat Caramel Chip Cookies,Bree Hester,NA,NA,American,Prep Time 10 minutes mins,Cook Time 12 minutes mins,Total Time 22 minutes mins,NA,4,14,6 Tablespoons butter room temperature,1/3 cup sugar,1/2 cup light brown sugar,3 Tablespoons honey,2 teaspoons vanilla,1/2 teaspoon espresso powder,3/4 teaspoon salt,1 Tablespoon apple cider vinegar,1 egg,1/2 teaspoon baking soda,1/2 teaspoon baking powder,2 cups white whole wheat flour,2 cups chocolate covered caramel chips,Baked Bree,https://bakedbree.com/soft-whole-wheat-caramel-chip-cookies,1 cup semisweet chocolate chips,NA,NA,NA,NA,NA,NA,NA,NA,NA,NA
Snickers Cookies,Bree Hester,4.25, 12 ,American,Prep Time 20 minutes mins,Cook Time 15 minutes mins,Total Time 35 minutes mins,NA,6,10,1 cup butter room temperature,3/4 cup brown sugar,3/4 cup sugar,2 eggs,2 teaspoons vanilla,2 2/3 cup flour,1 teaspoon baking soda,1/2 teaspoon baking powder,3/4 teaspoon fine sea salt,1 bag Snickers baking bites or 5 full size Snickers chopped,NA,NA,NA,Baked Bree,https://bakedbree.com/snickers-cookies,NA,NA,NA,NA,NA,NA,NA,NA,NA,NA,NA
Red Velvet Cheesecake Cups,alex,5, 1 ,baking,Prep Time 45 minutes mins,Cook Time 10 minutes mins,Total Time 55 minutes mins,NA,7,19,170 grams brown sugar,20 grams demerara sugar,115 grams butter room temperature,1 egg,1/4 teaspoon vanilla,1/4 teaspoon red gel food color,235 grams flour,15 grams cocoa powder,1/4 teaspoon baking soda,1/2 teaspoon salt,290 grams cream cheese room temperature,60 grams sugar,1 egg,Baked Bree,https://bakedbree.com/red-velvet-cheesecake-cups,1/4 teaspoon vanilla,150 grams butter room temperature,330 grams powdered sugar sifted,1/4 teaspoon vanilla,2 tablespoons Oreo crumbs,2 to 3 tablespoons milk,NA,NA,NA,NA,NA
King Cake Cookies with Praline Pecan,Bree Hester,5, 1 ,baking,Prep Time 20 minutes mins,Cook Time 15 minutes mins,Total Time 35 minutes mins,NA,13,20,1 cup butter room temperature,1 1/4 cup sugar,2 teaspoons cinnamon,3 egg yolks,1 Tablespoon honey,1 teaspoon vanilla,1/2 teaspoon lemon extract,2 1/2 cups flour,1 teaspoon baking powder,1/2 teaspoon salt,1/2 teaspoon cream of tartar,1/4 cup sugar,1 Tablespoon cinnamon,Baked Bree,https://bakedbree.com/king-cake-cookies-with-praline-pecan,1 cup brown sugar,1 cup white sugar,1/2 cup evaporated milk,2 Tablespoons butter,1 1/4 cups pecan halves,1/2 teaspoon vanilla,"yellow green, and purple sprinkles",NA,NA,NA,NA
Chai Latte Marshmallows,Bree Hester,NA,NA,American,Prep Time 45 minutes mins,Cook Time 10 minutes mins,Total Time 7 hours hrs 35 minutes mins,18 marshmallows,16,24,3 black tea bags,3 cinnamon sticks,2 cardamom pods,3 whole cloves,3 allspice berries,1/2 teaspoon ground ginger or a 1-inch piece of fresh ginger,1 cup boiling water,1 1/2 cups powdered sugar,1 cup cornstarch,2 teaspoons ground cinnamon whisk into part of the coating for dusting,4 1/2 teaspoons unflavored powdered gelatin,1/2 cup cold water,3/4 cup granulated sugar,Baked Bree,https://bakedbree.com/chai-latte-marshmallows,"1/2 cup light corn syrup, divided 1/4 cup for the saucepan, 1/4 cup for the mixer",1/4 cup water,Pinch of sea salt,4 1/2 teaspoons unflavored powdered gelatin,1/2 cup chai tea mixture from above,3/4 cup granulated sugar,"6 tablespoons light corn syrup, divided 3 tablespoons for the syrup, 3 tablespoons for the mixer",2 tablespoons honey,1 vanilla pod seeded and scraped,1/4 cup water,Pinch of sea salt
Sunflower Seed Cookies,Bree Hester,4.43, 19 ,American,Prep Time 15 minutes mins,Cook Time 10 minutes mins,Total Time 1 hour hr,36 cookies,8,9,1/2 cup butter room temperature,2 cups brown sugar,2 eggs,2 teaspoons vanilla extract,2 cups all-purpose flour,2 cups old-fashioned oats,1 teaspoon baking soda,1 teaspoon salt,1 1/2 cups raw sunflower seeds,NA,NA,NA,NA,Baked Bree,https://bakedbree.com/sunflower-seed-cookies,NA,NA,NA,NA,NA,NA,NA,NA,NA,NA,NA
Pumpkin Salted Caramel Blondies,Bree Hester,NA,NA,"American, Fall-Inspired, Seasonal Baking",Prep Time 20 minutes mins,Cook Time 40 minutes mins,Total Time 2 hours hrs,9 servings,10,11,1 1/2 cups (Sea Salt And Vanilla Bean Caramel Sauce),2 cups flour,1 teaspoon cinnamon,1/2 teaspoon freshly grated nutmeg,1 teaspoon baking soda,1 teaspoon salt,2 sticks butter at room temperature,1 1/4 cups brown sugar,1 large egg,2 teaspoons vanilla extract,1 cup pumpkin purée,NA,NA,Baked Bree,https://bakedbree.com/pumpkin-salted-caramel-blondies,NA,NA,NA,NA,NA,NA,NA,NA,NA,NA,NA
Easy Homemade Brownies,Bree Hester,4.88, 8 ,American,Prep Time 15 minutes mins,Cook Time 25 minutes mins,Total Time 40 minutes mins,12 brownies,6,7,1 1/4 sticks butter,1 1/4 cups sugar,3/4 cups plus 2 tablespoons cocoa powder,1/4 teaspoon salt,2 teaspoons vanilla,2 eggs,1/2 cup flour,NA,NA,NA,NA,NA,NA,Baked Bree,https://bakedbree.com/easy-homemade-brownies,NA,NA,NA,NA,NA,NA,NA,NA,NA,NA,NA
S’mores Cookies Recipe,Linda Konde,NA,NA,American,Prep Time 10 minutes mins,Cook Time 15 minutes mins,Total Time 50 minutes mins,12 cookies,9,12,1/2 cup unsalted butter at room temperature,1/2 cup light brown sugar,1/2 cup sugar,1 large egg,1/2 teaspoon vanilla,1 1/2 cups all-purpose flour,1/2 teaspoon baking soda,1/2 teaspoon baking powder,1/4 teaspoon salt,3/4 cup Hershey’s chocolate chopped,1 cup mini marshmallows,2-3 pieces of Graham crackers,NA,Baked Bree,https://bakedbree.com/smores-cookies-recipe,NA,NA,NA,NA,NA,NA,NA,NA,NA,NA,NA
The Most Amazing Chocolate Fudge,Bree Hester,5, 1 ,American,Prep Time 10 minutes mins,Cook Time 8 minutes mins,Total Time 3 hours hrs 18 minutes mins,48 squares,6,9,2 cups sugar,1 teaspoon salt,6 tablespoons butter,1 cup cream,3 1/2 cups mini marshmallows,3 cups semisweet chocolate chips,1 teaspoon vanilla extract,Sprinkles optional,Crushed peppermint candies optional,NA,NA,NA,NA,Baked Bree,https://bakedbree.com/chocolate-fudge,NA,NA,NA,NA,NA,NA,NA,NA,NA,NA,NA
Salted Brown Butter Pecan Blondies,Angela Easley,NA,NA,baking,Prep Time 15 minutes mins,Cook Time 23 minutes mins,Total Time 38 minutes mins,20 bars,5,11,¾ cup butter,1 ¾ cups brown sugar,2 eggs,1 Tablespoon vanilla,2 cups flour,1 teaspoon kosher salt,1 teaspoon baking powder,1 cup pecans chopped and toasted,1 cup semi-sweet chocolate chips,½ cup milk chocolate chopped,Flaked sea salt,NA,NA,Baked Bree,https://bakedbree.com/salted-brown-butter-pecan-blondies,NA,NA,NA,NA,NA,NA,NA,NA,NA,NA,NA
Hot Chocolate Cookies,Bree Hester,4.34, 6 ,American,Prep Time 15 minutes mins,Cook Time 11 minutes mins,Total Time 1 hour hr 31 minutes mins,24 cookies,9,12,"2 sticks salted butter, at room temperature",1 cup granulated sugar,2/3 cup brown sugar,3 1/4 cups all-purpose flour,4 packages hot chocolate mix (1.38 ounces each) not sugar-free,1 1/4 teaspoons baking soda,1 teaspoon salt,2 large eggs,1 teaspoon vanilla extract,1 cup white chocolate chips,1 cup milk chocolate chips,1 cup semisweet chocolate chips,NA,Baked Bree,https://bakedbree.com/hot-chocolate-cookies,NA,NA,NA,NA,NA,NA,NA,NA,NA,NA,NA
Brookies,Bree Hester,5, 1 ,"American, baking, comfort food",Prep Time 40 minutes mins,Cook Time 35 minutes mins,Total Time 3 hours hrs 15 minutes mins,16 servings,18,17,5 tablespoons unsalted butter softened,1/2 cup light brown sugar packed,1/4 cup + 2 tablespoons granulated sugar,1 large egg,1 large egg yolk,1/4 teaspoon vanilla extract,1 cup + 2 tablespoons all-purpose flour,1/4 teaspoon salt,1/2 cup + 2 tablespoons mini chocolate chips,1 cup dark chocolate chips,11 tablespoons unsalted butter,3 large eggs,1 1/2 cups + 2 tablespoons granulated sugar,Baked Bree,https://bakedbree.com/brookies,1/2 cup unsweetened cocoa powder,1 cup all-purpose flour,1/2 teaspoon baking powder,1/2 teaspoon salt,NA,NA,NA,NA,NA,NA,NA
Oatmeal Peanut Butter Jar Cookies,Bree Hester,NA,NA,American,Prep Time 20 minutes mins,Cook Time 15 minutes mins,Total Time 35 minutes mins,NA,7,13,1 quart mason jar,1 1/4 cup rolled oats,3/4 cup flour,1/2 cup brown sugar,1/4 cup sugar,1/2 teaspoon baking powder,1/8 teaspoon baking soda,1/2 cup chopped dry roasted peanuts,1 cup mini Reese’s peanut butter cups,1/2 cup creamy peanut butter,1/4 cup butter at room temperature,2 eggs,1 teaspoon vanilla,Baked Bree,https://bakedbree.com/oatmeal-peanut-butter-jar-cookies,NA,NA,NA,NA,NA,NA,NA,NA,NA,NA,NA
Rich and Crunchy English Toffee,Bree Hester,4.67, 3 ,"American, English",Prep Time 10 minutes mins,Cook Time 15 minutes mins,Total Time 1 hour hr 10 minutes mins,NA,6,7,1 cup chopped toasted almonds,1 cup butter,1/4 teaspoon salt,1 cup sugar,1 tablespoon light corn syrup,3 tablespoons water,3/4 cup semisweet chocolate chips,NA,NA,NA,NA,NA,NA,Baked Bree,https://bakedbree.com/english-toffee,NA,NA,NA,NA,NA,NA,NA,NA,NA,NA,NA
Peppermint-White Chocolate Bars,Bree Hester,5, 1 ,baking,Prep Time 20 minutes mins,Cook Time 32 minutes mins,Total Time 2 hours hrs 7 minutes mins,18 servings,14,16,12 ounces white chocolate chopped,1/2 cup unsalted butter,1/2 cup granulated sugar,3 large eggs,2 teaspoons vanilla extract,1 teaspoon peppermint extract,1 1/2 cups all-purpose flour,1 cup mini semisweet chocolate chips,6 ounces white chocolate chopped,1/2 cup unsalted butter at room temperature,3 1/2 cups powdered sugar divided,1/3 cup sour cream,1/2 teaspoon vanilla extract,Baked Bree,https://bakedbree.com/peppermint-white-chocolate-bars,1/2 teaspoon peppermint extract,1/4 teaspoon salt,"Peppermint candies crushed, for topping",NA,NA,NA,NA,NA,NA,NA,NA
Valentine’s Day Cookie Cake,Bree Hester,NA,NA,baking,Prep Time 45 minutes mins,Cook Time 28 minutes mins,Total Time 2 hours hrs 43 minutes mins,12 servings,16,17,3/4 cup unsalted butter at room temperature,3/4 cup light brown sugar packed,2/3 cup granulated sugar,2 teaspoons vanilla extract,1 egg,1 egg yolk,2 cups all-purpose flour,2 teaspoons cornstarch,1/2 teaspoon baking powder,3/4 teaspoon salt,1 cup semisweet chocolate chips,3/4 cup unsalted butter at room temperature,2 cups powdered sugar,Baked Bree,https://bakedbree.com/valentines-day-cookie-cake,2 teaspoons vanilla extract,1/4 teaspoon salt,1-2 tablespoons milk or heavy cream,"2 tablespoons colorful sprinkles optional, for decorating",NA,NA,NA,NA,NA,NA,NA
Christmas Chocolate Bark,Bree Hester,4.60, 5 ,baking,Prep Time 20 minutes mins,NA,Total Time 20 minutes mins,NA,9,5,1 package semi-sweet chocolate chips (6 ounces),1 package white chocolate chips (6 ounces),2 cups Rice Krispies,candy canes,red and green M&Ms,NA,NA,NA,NA,NA,NA,NA,NA,Baked Bree,https://bakedbree.com/christmas-bark,NA,NA,NA,NA,NA,NA,NA,NA,NA,NA,NA
Sugar Cookie Glaze,Bree Hester,4.34, 6 ,baking,Prep Time 5 minutes mins,NA,Total Time 5 minutes mins,1 cup,6,6,baked sugar cookies,1 cup confectioners sugar,1 Tablespoon corn syrup,2 Tablespoons water,1/4 teaspoon almond extract,sprinkles,NA,NA,NA,NA,NA,NA,NA,Baked Bree,https://bakedbree.com/sugar-cookie-glaze,NA,NA,NA,NA,NA,NA,NA,NA,NA,NA,NA
Gingerbread House Recipe,Bree Hester,5, 1 ,American,Prep Time 30 minutes mins,Cook Time 15 minutes mins,Total Time 4 hours hrs 45 minutes mins,1 house,10,12,5 to 5 1/2 cups flour,1 teaspoon baking soda,1/2 teaspoon salt,2 teaspoons ginger,1 teaspoon cinnamon,1/2 teaspoon nutmeg,1/2 teaspoon ground cloves,1 cup room temperature butter,1 cup brown sugar,1 room temperature egg,1 cup molasses,1 teaspoon vanilla,NA,Baked Bree,https://bakedbree.com/gingerbread-house,NA,NA,NA,NA,NA,NA,NA,NA,NA,NA,NA
Snickers Cookie Bars,Bree Hester,4.38, 16 ,American,Prep Time 10 minutes mins,Cook Time 30 minutes mins,Total Time 40 minutes mins,NA,6,8,1/2 cup room temperature butter,1/2 cup brown sugar,1 egg,1 teaspoon vanilla,1 1/2 cups flour,1/2 teaspoon baking powder,1/4 teaspoon salt,12 fun size Snickers bars cut into quarters,NA,NA,NA,NA,NA,Baked Bree,https://bakedbree.com/snickers-cookie-bars,NA,NA,NA,NA,NA,NA,NA,NA,NA,NA,NA
Eton Mess,Bree Hester,NA,NA,British,Prep Time 20 minutes mins,NA,Total Time 8 hours hrs 15 minutes mins,6 servings,7,9,3 egg whites at room temperature,Pinch of salt,1 cup sugar,1 teaspoon vinegar or lemon juice,Meringue cookies,2 cups fresh strawberries,1 cup fresh blueberries,1 cup freshly whipped cream,1 cup raspberry sauce,NA,NA,NA,NA,Baked Bree,https://bakedbree.com/eton-mess,NA,NA,NA,NA,NA,NA,NA,NA,NA,NA,NA
Matt’s Crazy Brownies,Bree Hester,5, 3 ,American,Prep Time 10 minutes mins,Cook Time 20 minutes mins,Total Time 30 minutes mins,NA,8,8,1/2 cup butter,4 ounces unsweetened or bittersweet chocolate,1 1/4 cups sugar,2 eggs,1 teaspoon vanilla,1/4 teaspoon salt,1/2 cup flour,2/3 chopped nuts I like pecans,NA,NA,NA,NA,NA,Baked Bree,https://bakedbree.com/matts-crazy-brownies,NA,NA,NA,NA,NA,NA,NA,NA,NA,NA,NA
Lemon-Rosemary Cut-Out Cookies,Bree Hester,5, 3 ,"American, international",Prep Time 20 minutes mins,Cook Time 10 minutes mins,Total Time 3 hours hrs 35 minutes mins,48 cookies,11,10,1 cup butter room temperature,1 1/2 cups sugar,Zest of 1 lemon,2 teaspoons fresh rosemary leaves finely chopped,1 teaspoon lemon extract,2 teaspoons vanilla extract,2 eggs,3 1/2 cups all-purpose flour,1 teaspoon baking powder,1/2 teaspoon salt,NA,NA,NA,Baked Bree,https://bakedbree.com/lemon-rosemary-cutout-cookies,NA,NA,NA,NA,NA,NA,NA,NA,NA,NA,NA
Cookie Butter Cheesecake Brownies,Bree Hester,4.80, 5 ,American,Prep Time 20 minutes mins,Cook Time 45 minutes mins,Total Time 3 hours hrs 10 minutes mins,24 brownies,14,17,1 cup butter 2 sticks,2 1/4 cups sugar,1 cup flour,1 1/4 cups cocoa powder,1 teaspoon salt,1 teaspoon baking powder,1 teaspoon espresso powder,1 tablespoon vanilla,4 eggs,2 cups semisweet chocolate chips,16 ounces cream cheese room temperature,3/4 cup sugar,1/2 cup flour,Baked Bree,https://bakedbree.com/cookie-butter-cheesecake-brownies,2 teaspoon vanilla,1/4 cup heavy cream,2 eggs,3/4 cup cookie butter,NA,NA,NA,NA,NA,NA,NA
Christmas Treasure Cookies,alex,5, 1 ,baking,Prep Time 30 minutes mins,Cook Time 8 minutes mins,Total Time 38 minutes mins,NA,8,16,1 cup walnuts chopped,1 cup butter,2 cups flour,1 1/2 teaspoons baking powder,1/2 teaspoon salt,1/2 cup brown sugar,1/2 cup sugar,2 eggs,1 teaspoon vanilla,1 10-oz jar maraschino cherries,1 1/2 cups semi-sweet chocolate chips,1/4 cup brown butter reserved from the cookie quantity,2 cups powdered sugar,Baked Bree,https://bakedbree.com/brown-butter-cherry-chocolate-walnut-cookies,1/2 teaspoon vanilla,2 Tablespoons milk,Pinch salt,NA,NA,NA,NA,NA,NA,NA,NA
Apple Pie Thumbprint Cookies,Bree Hester,4.53, 21 ,fall baking,Prep Time 35 minutes mins,Cook Time 28 minutes mins,Total Time 1 hour hr 3 minutes mins,36 cookies,10,15,2 apples peeled and cut into a small dice,1 Tablespoon lemon juice,2 teaspoons pie spice,⅓ cup sugar,2 Tablespoons butter,1 teaspoon water,1 teaspoon cornstarch,1 teaspoon vanilla bean paste or extract,1 cup almond flour,3 ½ cups flour,½ teaspoon salt,1 ½ cups butter room temperature,1 cup sugar,Baked Bree,https://bakedbree.com/apple-pie-thumbprint-cookies,1 teaspoon almond extract,1 teaspoon vanilla bean paste or extract,NA,NA,NA,NA,NA,NA,NA,NA,NA
Blueberry Pancake Muffins With Maple Glaze,Bree Hester,5, 1 ,American,Prep Time 15 minutes mins,Cook Time 22 minutes mins,Total Time 1 hour hr 42 minutes mins,18 muffins,9,24,1/4 cup sugar,1/4 cup brown sugar,1/2 teaspoon cinnamon,1 cup flour,Pinch of salt,4 tablespoons melted butter,1 3/4 cups flour divided,1/4 teaspoon baking powder,1/2 teaspoon baking soda,1/2 teaspoon salt,1/2 teaspoon cornstarch,1/2 teaspoon freshly grated nutmeg,1 cup blueberries,Baked Bree,https://bakedbree.com/blueberry-pancake-muffins-with-maple-glaze,1/2 cup butter room temperature,3/4 cup sugar,2 eggs,1/2 cup pure maple syrup,1/2 teaspoon vanilla,1/2 cup buttermilk,1/4 cup sour cream,1/2 cup powdered sugar,2 tablespoons pure maple syrup,Splash vanilla,Pinch of salt
Funfetti Crumble Cookies,Bree Hester,4.47, 15 ,American,Prep Time 15 minutes mins,Cook Time 12 minutes mins,Total Time 1 hour hr 2 minutes mins,24 cookies,8,18,1/2 cup white sugar,1 1/2 tablespoons brown sugar,3/4 cup cake flour,1/2 teaspoon baking powder,1/2 teaspoon salt,2 tablespoons rainbow sprinkles,1/4 cup canola oil,1 tablespoon clear vanilla extract,1 1/3 cup butter room temperature,1 1/2 cups sugar,2 eggs,3 teaspoons clear vanilla extract,2 1/2 cups cake flour,Baked Bree,https://bakedbree.com/funfetti-crumble-cookies,1 cup all-purpose flour,2 teaspoons cornstarch,2 teaspoons baking powder,1 teaspoon salt,1/4 cup rainbow sprinkles,NA,NA,NA,NA,NA,NA
Chocolate Chip Cookie Pots,Bree Hester,4.50, 6 ,American,Prep Time 10 minutes mins,Cook Time 15 minutes mins,Total Time 25 minutes mins,4 to 6,7,18,110 grams butter at room temperature,85 grams light brown sugar,1 teaspoon vanilla,1 egg,150 grams flour,½ teaspoon salt,½ teaspoon baking soda,170 grams chocolate chips,sea salt flakes,1/2 cup butter room temperature,7 Tablespoons light brown sugar,1 teaspoon vanilla,1 egg,Baked Bree,https://bakedbree.com/chocolate-chip-cookie-pots,1 cup flour,1/2 teaspoon salt,1/2 teaspoon baking soda,3/4 cup chocolate chips,sea salt flakes,NA,NA,NA,NA,NA,NA
Rainbow Rice Krispie Treats,Bree Hester,4.85, 13 ,American,Prep Time 10 minutes mins,Cook Time 10 minutes mins,Total Time 1 hour hr 20 minutes mins,18 bars,4,6,1/2 cup butter,3 10 oz. bags mini marshmallows,10 cups Rice Krispies,2 cups Fruity Pebbles,1/2 teaspoon kosher salt,2 teaspoons vanilla,NA,NA,NA,NA,NA,NA,NA,Baked Bree,https://bakedbree.com/rainbow-rice-krispie-treats,NA,NA,NA,NA,NA,NA,NA,NA,NA,NA,NA
Doughnut Sugar Cookies (Sandwich Cookies),Bree Hester,5, 1 ,baking,Prep Time 40 minutes mins,Cook Time 10 minutes mins,Total Time 4 hours hrs 50 minutes mins,16 cookies (plus 16 cookie ‘holes’),11,14,1 cup butter room temperature,1 1/2 cups sugar,2 eggs,2 teaspoons vanilla extract,1 teaspoon almond extract,3 1/2 cups all-purpose flour,1 teaspoon baking powder,1/2 teaspoon salt,1 1/2 cups unsalted butter softened,3 cups confectioners' sugar sifted,1 teaspoon vanilla extract,pinch salt,1 batch Sugar Cookie Glaze tinted with colors of your choice,Baked Bree,https://bakedbree.com/doughnut-sandwich-cookies,Sprinkles if desired,NA,NA,NA,NA,NA,NA,NA,NA,NA,NA
Pretzel-Marshmallow-Peanut Butter Chip Cookies,Bree Hester,NA,NA,American,Prep Time 10 minutes mins,Cook Time 15 minutes mins,Total Time 1 hour hr 5 minutes mins,36 cookies,6,12,1 cup butter room temperature,1/2 cup sugar,1 1/2 cups brown sugar,2 eggs,2 teaspoons vanilla extract,2 3/4 cups all-purpose flour,1 1/2 teaspoons baking powder,1 teaspoon baking soda,1/2 teaspoon salt,1 cup pretzels crushed,1 cup peanut butter chips,1/2 cup marshmallow bits or mini marshmallows,NA,Baked Bree,https://bakedbree.com/pretzel-marshmallow-peanut-butter-chip-cookies-week,NA,NA,NA,NA,NA,NA,NA,NA,NA,NA,NA
Chocolate Marshmallow Surprise Cookies,Bree Hester,NA,NA,American,Prep Time 20 minutes mins,Cook Time 14 minutes mins,Total Time 44 minutes mins,NA,11,15,1 3/4 cups flour,3/4 cup cocoa,1/2 teaspoon baking soda,1/2 teaspoon salt,1/2 cup butter room temperature,1 cup sugar,1 egg,1/2 cup milk,1 teaspoon vanilla,12 marshmallows cut in half,2 cups confectioners’ sugar,4 tablespoons melted butter,1/4 cup cocoa,Baked Bree,https://bakedbree.com/surprise-cookies,1/4 cup milk,1/4 teaspoon vanilla,NA,NA,NA,NA,NA,NA,NA,NA,NA
S’mores Bars Recipe,Bree Hester,NA,NA,American,Prep Time 5 minutes mins,Cook Time 5 minutes mins,Total Time 1 hour hr 10 minutes mins,12 bars,7,4,1 12-ounce box Golden Graham cereal,3 tablespoons butter,1 bag mini marshmallows (10 1/2 ounces),1 bag milk chocolate chips (12 ounces),NA,NA,NA,NA,NA,NA,NA,NA,NA,Baked Bree,https://bakedbree.com/smores-bars,NA,NA,NA,NA,NA,NA,NA,NA,NA,NA,NA
Vanilla Bean Almond Sugar Cookies,Bree Hester,NA,NA,American,Prep Time 20 minutes mins,Cook Time 10 minutes mins,Total Time 8 hours hrs 30 minutes mins,24 pieces (depending on the size of your cutter),10,14,3 cups flour,2 teaspoons baking powder,1 cup sugar,2 sticks cold butter,1 egg,3/4 teaspoon vanilla,1/2 teaspoon almond extract,1 vanilla bean seeded,1 cup confectioners sugar,1 Tablespoon milk,1 drop lemon juice,1/2 teapoon almond extract,1 Tablespoon light corn syrup,Baked Bree,https://bakedbree.com/vanilla-bean-almond-sugar-cookies,food coloring,NA,NA,NA,NA,NA,NA,NA,NA,NA,NA
Christmas Dove Royal Icing Cookies,Bree Hester,NA,NA,baking,Prep Time 30 minutes mins,Cook Time 8 minutes mins,Total Time 13 hours hrs 38 minutes mins,8 cookies,13,6,8 dove-shaped sugar cookies baked and cooled to room temperature,4 cups powdered sugar sifted,2 tablespoons meringue powder,"5-7 tablespoons of water plus more, as needed",Green gel food coloring for holly leaves,Red gel food coloring for berries,NA,NA,NA,NA,NA,NA,NA,Baked Bree,https://bakedbree.com/christmas-dove-cookies,NA,NA,NA,NA,NA,NA,NA,NA,NA,NA,NA
Rocky Road Fudge,Bree Hester,5, 1 ,American,Prep Time 10 minutes mins,Cook Time 10 minutes mins,Total Time 1 hour hr 20 minutes mins,NA,8,8,1 1/4 cups semi-sweet chocolate chips,3/4 cup milk chocolate chips,1 1/2 sticks of soft butter,1/4 cup Lyle’s Golden Syrup or light corn syrup,1 box Walker’s Shortbread Thins,1 cup chopped walnuts,2/3 cup candied cherries,3 cups cups marshmallows,NA,NA,NA,NA,NA,Baked Bree,https://bakedbree.com/cherry-rocky-road-fudge-week-11-of-12-weeks-of-cookies,NA,NA,NA,NA,NA,NA,NA,NA,NA,NA,NA
Chocolate Caramel Thumbprints,Bree Hester,4.50, 2 ,American,Prep Time 10 minutes mins,Cook Time 10 minutes mins,Total Time 2 hours hrs 20 minutes mins,2 dozen,11,13,1 egg,1/2 cup room temperature butter,2/3 cup sugar,2 tablespoons milk,1 teaspoon vanilla,1 cup flour,1/3 cup cocoa,1/4 teaspoon salt,16 caramels,3 tablespoons cream,1 1/4 finely chopped pecans,1/2 cup semi-sweet chocolate chips,1 tablespoon vegetable oil,Baked Bree,https://bakedbree.com/chocolate-caramel-pecan-thumbprints-week-9-of-12-weeks-of-cookies,NA,NA,NA,NA,NA,NA,NA,NA,NA,NA,NA
Hot Cocoa Cookies,Bree Hester,5, 1 ,American,Prep Time 10 minutes mins,Cook Time 10 minutes mins,Total Time 20 minutes mins,NA,9,11,2 sticks room temperature butter,1 cup sugar,2/3 cup brown sugar,2 eggs,1 teaspoon vanilla,3 1/4 cups flour,4 packages Hot Chocolate Mix not sugar free,1 teaspoon salt,1 1/4 teaspoon baking soda,1 cup mini chocolate chips,2 cups mini marshmallows,NA,NA,Baked Bree,https://bakedbree.com/hot-chocolate-cookies-ii,NA,NA,NA,NA,NA,NA,NA,NA,NA,NA,NA
Molasses Spice Cookies,Bree Hester,5, 1 ,American,Prep Time 15 minutes mins,Cook Time 12 minutes mins,Total Time 57 minutes mins,2 dozen,15,12,2 1/3 cups flour,2 teaspoons baking soda,1/2 teaspoon salt,2 teaspoons ground ginger,1/2 teaspoon cinnamon,1/4 teaspoon ground allspice,Pinch of freshly grated black pepper,1 1/2 sticks room temperature butter,1 cup packed brown sugar,1/2 cup molasses,1 egg,1/2 cup sugar for rolling,NA,Baked Bree,https://bakedbree.com/molasses-spice-cookies-week-1-of-12-weeks-of-cookies,NA,NA,NA,NA,NA,NA,NA,NA,NA,NA,NA
Pecan Brittle Basket,Bree Hester,4.50, 2 ,American,Prep Time 10 minutes mins,Cook Time 15 minutes mins,Total Time 27 minutes mins,NA,7,14,2 sticks butter,3/4 cup sugar,1 cup corn syrup,1/2 teaspoon vanilla,1 cup pecans,3/4 cups flour,1/4 teaspoon salt,Vanilla bean ice cream,1/4 cup sliced strawberries,1/4 cup chopped pineapple,1/4 cup blueberries,1/4 cup sliced kiwi,1/4 cup chopped mango,Baked Bree,https://bakedbree.com/pecan-brittle-basket,Freshly whipped cream,NA,NA,NA,NA,NA,NA,NA,NA,NA,NA
Almond Cornmeal Biscotti,Sharon Best,NA,NA,Italian,Prep Time 15 minutes mins,Cook Time 47 minutes mins,Total Time 2 hours hrs 37 minutes mins,NA,12,10,3/4 cup whole hazelnuts or almonds,4 tablespoons cold butter,1/2 cup + 2 tablespoons granulated sugar,1 large cold egg,1 1/2 teaspoons anisette liqueur,1 1/4 cups flour,2 tablespoons cornmeal,1 teaspoon baking powder,1/2 teaspoon salt,1 1/2 teaspoons anise seeds,NA,NA,NA,Baked Bree,https://bakedbree.com/almond-cornmeal-biscotti,NA,NA,NA,NA,NA,NA,NA,NA,NA,NA,NA
