title,author,rating,ratingnum,preptime,cooktime,totaltime,servings,totalingredients,ingredient1,ingredient2,ingredient3,ingredient4,ingredient5,ingredient6,ingredient7,ingredient8,ingredient9,ingredient10,ingredient11,source,link,ingredient12,ingredient13,ingredient14,ingredient15,ingredient16,ingredient17,ingredient18,ingredient19,ingredient20,ingredient21,ingredient22,ingredient23,ingredient24,ingredient25,ingredient26
Pizookie,Heather Perine,5, 1 ,15 minutes,25 minutes,40 minutes,12 servings,11,▢ 2 ¼ cups (280 g) all-purpose flour (spooned & leveled),▢ 1 teaspoon baking soda,▢ 2 teaspoons cornstarch,▢ ½ teaspoon salt,"▢ ¾ cup (1 ½ sticks, 170 g) unsalted butter, melted and slightly cooled",▢ ¾ cup (150 g) packed light brown sugar,▢ ½ cup (100 g) granulated sugar,▢ 1 large egg at room temperature,▢ 1 egg yolk at room temperature,▢ 2 teaspoons pure vanilla extract,▢ 1 ½ cup (255 g) semi sweet chocolate chips,Boston Girl Bakes,https://www.bostongirlbakes.com/pizookie/,NA,NA,NA,NA,NA,NA,NA,NA,NA,NA,NA,NA,NA,NA,NA
Birthday Cake Cookies,Heather Perine,Noratingsyet,,20 minutes,10 minutes,30 minutes,20 cookies,13,▢ 2 ¼ cups (280 g) all purpose flour spooned and leveled,▢ 2 teaspoons cornstarch,▢ 1 teaspoon baking soda,▢ ½ teaspoon salt,▢ ¾ cup (170 g) unsalted butter melted and slightly cooled,▢ ¾ cup (153 g) packed light brown sugar,▢ ½ cup (100 g) granulated sugar,▢ 1 large egg room temperature,▢ 1 large egg yolk room temperature,▢ 2 teaspoons vanilla extract,▢ ½ teaspoon almond extract,Boston Girl Bakes,https://www.bostongirlbakes.com/birthday-cake-cookies/,▢ ½ cup rainbow sprinkles I like all natural sprinkles for best flavor,▢ 1 cup (170 g) white chocolate chips,NA,NA,NA,NA,NA,NA,NA,NA,NA,NA,NA,NA,NA
Buckeye Brownie Cookies,Heather Perine,Noratingsyet,,45 minutes,12 minutes,17 minutes,NA,20,Cookie dough,"▢ 8 ounces (226 g) semi-sweet chocolate, coarsely chopped",▢ ¾ cup (90 g) all-purpose flour (spooned & leveled),▢ ¼ cup (21 g) natural unsweetened or dutch-process cocoa powder,▢ 1 teaspoon baking powder,▢ ¼ teaspoon salt,"▢ 5 Tablespoons (71 g) unsalted butter, softened to room temperature",▢ ¾ cup (150 g) packed light brown sugar,▢ ¼ cup (50 g) granulated sugar,▢ 2 large eggs at room temperature,▢ 2 teaspoon pure vanilla extract,Boston Girl Bakes,https://www.bostongirlbakes.com/buckeye-brownie-cookies/,▢ ½ cup (85 g) semi-sweet chocolate chips,Ganache:,▢ ½ cup (120 ml) heavy cream,▢ 4 ounces semi sweet chocolate chopped,Buckeye topping:,"▢ 2 Tablespoons (28 g) unsalted butter, melted",▢ ¾ cups (90 g) confectioners sugar (powdered sugar),▢ ½ cup (250 g) smooth peanut butter,▢ ½ teaspoon vanilla extract,NA,NA,NA,NA,NA,NA
Chocolate Peppermint Whoopie Pies,Heather Perine,Noratingsyet,,40 minutes,13 minutes,53 minutes,12 servings,19,For the whoopie pies,▢ 2 cups (250 g) all-purpose flour spooned and leveled,▢ ½ cup (45 g) natural unsweetened cocoa powder,▢ 1 teaspoon baking soda,▢ 1 teaspoons instant espresso powder,▢ ½ teaspoon salt,"▢ ½ cup (1 stick, 113 g) unsalted butter softened to room temperature",▢ 1 cup (200 g) packed light brown sugar,▢ 1 large egg at room temperature,▢ 2 teaspoons vanilla extract,▢ 1 cup (240 ml) buttermilk at room temperature,Boston Girl Bakes,https://www.bostongirlbakes.com/chocolate-peppermint-whoopie-pies/,For the frosting:,"▢ 1 cup (2 sticks, 226 g) unsalted butter softened",▢ 2 cups (226 g) powdered sugar,▢ 7 ounces marshmallow creme,▢ ⅛ teaspoon salt,▢ 1 teaspoon vanilla extract,▢ ½ teaspoon peppermint extract,▢ Crushed candy canes optional,NA,NA,NA,NA,NA,NA,NA
Double Chocolate Chip Cookies,Heather Perine,Noratingsyet,,20 minutes,12 minutes,32 minutes,30 servings,10,▢ 2 ¾ cups (330 g) all purpose flour spooned and leveled,▢ ⅔ cup (56 g) Dutch process cocoa powder,▢ 1 teaspoon baking soda,▢ ½ teaspoon salt,"▢ 1 cup (2 sticks, 226 g) unsalted butter melted",▢ 1 cup (213 g) packed light brown sugar,▢ 1 cup (200 g) granulated white sugar,▢ 2 large eggs room temperature,▢ 2 teaspoons vanilla extract,▢ 12 ounces semi-sweet chocolate chips,NA,Boston Girl Bakes,https://www.bostongirlbakes.com/double-chocolate-chip-cookies/,NA,NA,NA,NA,NA,NA,NA,NA,NA,NA,NA,NA,NA,NA,NA
Gingerbread Latte Cookies,Heather Perine,Noratingsyet,,20 minutes,12 minutes,32 minutes,24 cookies,18,For the cookies,▢ 2 ½ cups (300 g) all purpose flour *spooned and leveled,▢ 1 teaspoons ground ginger,▢ 1 ½ teaspoons baking soda,▢ ½ teaspoon ground cinnamon,▢ ½ teaspoon salt,▢ 2 Tablespoons instant espresso powder,"▢ ½ cup (1 stick, 113 g) unsalted butter softened to room temperature",▢ ¼ cup (50 g) granulated white sugar,▢ ¾ cup (160 g) light brown sugar,▢ 1 large egg room temperature,Boston Girl Bakes,https://www.bostongirlbakes.com/gingerbread-latte-cookies/,▢ ⅓ cup (113 g) unsulphured molasses – I used Grandma's,▢ 1 teaspoon vanilla extract,Icing:,▢ 1 cup (113 g) powdered sugar,▢ 1 teaspoon espresso powder,▢ ½ teaspoon vanilla,▢ 2 Tablespoons milk,NA,NA,NA,NA,NA,NA,NA,NA
Peppermint Chocolate Chip Cookies,Heather Perine,Noratingsyet,,20 minutes,12 minutes,32 minutes,20 servings,12,▢ 2 ¼ cups (280 g) all-purpose flour (spooned & leveled),▢ 1 teaspoon baking soda,▢ 2 teaspoons cornstarch,▢ ½ teaspoon salt,▢ ¾ cup (170 g) unsalted butter melted and slightly cooled,▢ ¾ cup (150 g) packed light brown sugar,▢ ½ cup (100 g) granulated sugar,▢ 1 large egg + 1 egg yolk at room temperature,▢ 2 teaspoons pure vanilla extract,▢ ¾ cup (128 g) semi sweet chocolate chips,▢ ½ cup (85 g) white chocolate chips,Boston Girl Bakes,https://www.bostongirlbakes.com/peppermint-chocolate-chip-cookies/,▢ 5 candy canes crushed,NA,NA,NA,NA,NA,NA,NA,NA,NA,NA,NA,NA,NA,NA
Red Velvet Crinkle Cookies,Heather Perine,Noratingsyet,,20 minutes,12 minutes,32 minutes,24 cookies,14,▢ 2 cups (240 g) all-purpose flour spooned and leveled,▢ ¼ cup (21 g) unsweetened cocoa powder,▢ 1 teaspoon baking soda,▢ 1 ½ teaspoons cornstarch,▢ ½ teaspoon baking powder,▢ ½ teaspoon salt,"▢ ½ cup (1 stick, 113 g) unsalted butter softened",▢ ¾ cup (160 g) packed light brown sugar,▢ ¼ cup (50 g) granulated white sugar plus more for rolling in,▢ 1 large egg room temperature,▢ 1 ½ tablespoons buttermilk or regular milk,Boston Girl Bakes,https://www.bostongirlbakes.com/red-velvet-crinkle-cookies/,▢ 2 teaspoons vanilla extract,▢ 1 tablespoon red food coloring,▢ Powdered sugar for rolling in,NA,NA,NA,NA,NA,NA,NA,NA,NA,NA,NA,NA
Edible Cookie Dough,Heather Perine,Noratingsyet,,10 minutes,10 minutes,20 minutes,6 servings,7,▢ 1 cup (120g) all-purpose flour heat-treated,"▢ ½ cup (1 stick, 113 g) unsalted butter room temperature",▢ ½ cup (107 g) packed light brown sugar,▢ ¼ cup (50 g) granulated sugar,▢ 1 teaspoon pure vanilla extract,▢ 2 Tablespoons whole milk,▢ ½ cup (84 g) mini chocolate chips,NA,NA,NA,NA,Boston Girl Bakes,https://www.bostongirlbakes.com/edible-cookie-dough/,NA,NA,NA,NA,NA,NA,NA,NA,NA,NA,NA,NA,NA,NA,NA
Pizookie,Heather Perine,5, 1 ,15 minutes,25 minutes,40 minutes,12 servings,11,▢ 2 ¼ cups (280 g) all-purpose flour (spooned & leveled),▢ 1 teaspoon baking soda,▢ 2 teaspoons cornstarch,▢ ½ teaspoon salt,"▢ ¾ cup (1 ½ sticks, 170 g) unsalted butter, melted and slightly cooled",▢ ¾ cup (150 g) packed light brown sugar,▢ ½ cup (100 g) granulated sugar,▢ 1 large egg at room temperature,▢ 1 egg yolk at room temperature,▢ 2 teaspoons pure vanilla extract,▢ 1 ½ cup (255 g) semi sweet chocolate chips,Boston Girl Bakes,https://www.bostongirlbakes.com/pizookie/,NA,NA,NA,NA,NA,NA,NA,NA,NA,NA,NA,NA,NA,NA,NA
Birthday Cake Cookies,Heather Perine,Noratingsyet,,20 minutes,10 minutes,30 minutes,20 cookies,13,▢ 2 ¼ cups (280 g) all purpose flour spooned and leveled,▢ 2 teaspoons cornstarch,▢ 1 teaspoon baking soda,▢ ½ teaspoon salt,▢ ¾ cup (170 g) unsalted butter melted and slightly cooled,▢ ¾ cup (153 g) packed light brown sugar,▢ ½ cup (100 g) granulated sugar,▢ 1 large egg room temperature,▢ 1 large egg yolk room temperature,▢ 2 teaspoons vanilla extract,▢ ½ teaspoon almond extract,Boston Girl Bakes,https://www.bostongirlbakes.com/birthday-cake-cookies/,▢ ½ cup rainbow sprinkles I like all natural sprinkles for best flavor,▢ 1 cup (170 g) white chocolate chips,NA,NA,NA,NA,NA,NA,NA,NA,NA,NA,NA,NA,NA
Buckeye Brownie Cookies,Heather Perine,Noratingsyet,,45 minutes,12 minutes,17 minutes,NA,20,Cookie dough,"▢ 8 ounces (226 g) semi-sweet chocolate, coarsely chopped",▢ ¾ cup (90 g) all-purpose flour (spooned & leveled),▢ ¼ cup (21 g) natural unsweetened or dutch-process cocoa powder,▢ 1 teaspoon baking powder,▢ ¼ teaspoon salt,"▢ 5 Tablespoons (71 g) unsalted butter, softened to room temperature",▢ ¾ cup (150 g) packed light brown sugar,▢ ¼ cup (50 g) granulated sugar,▢ 2 large eggs at room temperature,▢ 2 teaspoon pure vanilla extract,Boston Girl Bakes,https://www.bostongirlbakes.com/buckeye-brownie-cookies/,▢ ½ cup (85 g) semi-sweet chocolate chips,Ganache:,▢ ½ cup (120 ml) heavy cream,▢ 4 ounces semi sweet chocolate chopped,Buckeye topping:,"▢ 2 Tablespoons (28 g) unsalted butter, melted",▢ ¾ cups (90 g) confectioners sugar (powdered sugar),▢ ½ cup (250 g) smooth peanut butter,▢ ½ teaspoon vanilla extract,NA,NA,NA,NA,NA,NA
Chocolate Peppermint Whoopie Pies,Heather Perine,Noratingsyet,,40 minutes,13 minutes,53 minutes,12 servings,19,For the whoopie pies,▢ 2 cups (250 g) all-purpose flour spooned and leveled,▢ ½ cup (45 g) natural unsweetened cocoa powder,▢ 1 teaspoon baking soda,▢ 1 teaspoons instant espresso powder,▢ ½ teaspoon salt,"▢ ½ cup (1 stick, 113 g) unsalted butter softened to room temperature",▢ 1 cup (200 g) packed light brown sugar,▢ 1 large egg at room temperature,▢ 2 teaspoons vanilla extract,▢ 1 cup (240 ml) buttermilk at room temperature,Boston Girl Bakes,https://www.bostongirlbakes.com/chocolate-peppermint-whoopie-pies/,For the frosting:,"▢ 1 cup (2 sticks, 226 g) unsalted butter softened",▢ 2 cups (226 g) powdered sugar,▢ 7 ounces marshmallow creme,▢ ⅛ teaspoon salt,▢ 1 teaspoon vanilla extract,▢ ½ teaspoon peppermint extract,▢ Crushed candy canes optional,NA,NA,NA,NA,NA,NA,NA
Double Chocolate Chip Cookies,Heather Perine,Noratingsyet,,20 minutes,12 minutes,32 minutes,30 servings,10,▢ 2 ¾ cups (330 g) all purpose flour spooned and leveled,▢ ⅔ cup (56 g) Dutch process cocoa powder,▢ 1 teaspoon baking soda,▢ ½ teaspoon salt,"▢ 1 cup (2 sticks, 226 g) unsalted butter melted",▢ 1 cup (213 g) packed light brown sugar,▢ 1 cup (200 g) granulated white sugar,▢ 2 large eggs room temperature,▢ 2 teaspoons vanilla extract,▢ 12 ounces semi-sweet chocolate chips,NA,Boston Girl Bakes,https://www.bostongirlbakes.com/double-chocolate-chip-cookies/,NA,NA,NA,NA,NA,NA,NA,NA,NA,NA,NA,NA,NA,NA,NA
Gingerbread Latte Cookies,Heather Perine,Noratingsyet,,20 minutes,12 minutes,32 minutes,24 cookies,18,For the cookies,▢ 2 ½ cups (300 g) all purpose flour *spooned and leveled,▢ 1 teaspoons ground ginger,▢ 1 ½ teaspoons baking soda,▢ ½ teaspoon ground cinnamon,▢ ½ teaspoon salt,▢ 2 Tablespoons instant espresso powder,"▢ ½ cup (1 stick, 113 g) unsalted butter softened to room temperature",▢ ¼ cup (50 g) granulated white sugar,▢ ¾ cup (160 g) light brown sugar,▢ 1 large egg room temperature,Boston Girl Bakes,https://www.bostongirlbakes.com/gingerbread-latte-cookies/,▢ ⅓ cup (113 g) unsulphured molasses – I used Grandma's,▢ 1 teaspoon vanilla extract,Icing:,▢ 1 cup (113 g) powdered sugar,▢ 1 teaspoon espresso powder,▢ ½ teaspoon vanilla,▢ 2 Tablespoons milk,NA,NA,NA,NA,NA,NA,NA,NA
Peppermint Chocolate Chip Cookies,Heather Perine,Noratingsyet,,20 minutes,12 minutes,32 minutes,20 servings,12,▢ 2 ¼ cups (280 g) all-purpose flour (spooned & leveled),▢ 1 teaspoon baking soda,▢ 2 teaspoons cornstarch,▢ ½ teaspoon salt,▢ ¾ cup (170 g) unsalted butter melted and slightly cooled,▢ ¾ cup (150 g) packed light brown sugar,▢ ½ cup (100 g) granulated sugar,▢ 1 large egg + 1 egg yolk at room temperature,▢ 2 teaspoons pure vanilla extract,▢ ¾ cup (128 g) semi sweet chocolate chips,▢ ½ cup (85 g) white chocolate chips,Boston Girl Bakes,https://www.bostongirlbakes.com/peppermint-chocolate-chip-cookies/,▢ 5 candy canes crushed,NA,NA,NA,NA,NA,NA,NA,NA,NA,NA,NA,NA,NA,NA
Red Velvet Crinkle Cookies,Heather Perine,Noratingsyet,,20 minutes,12 minutes,32 minutes,24 cookies,14,▢ 2 cups (240 g) all-purpose flour spooned and leveled,▢ ¼ cup (21 g) unsweetened cocoa powder,▢ 1 teaspoon baking soda,▢ 1 ½ teaspoons cornstarch,▢ ½ teaspoon baking powder,▢ ½ teaspoon salt,"▢ ½ cup (1 stick, 113 g) unsalted butter softened",▢ ¾ cup (160 g) packed light brown sugar,▢ ¼ cup (50 g) granulated white sugar plus more for rolling in,▢ 1 large egg room temperature,▢ 1 ½ tablespoons buttermilk or regular milk,Boston Girl Bakes,https://www.bostongirlbakes.com/red-velvet-crinkle-cookies/,▢ 2 teaspoons vanilla extract,▢ 1 tablespoon red food coloring,▢ Powdered sugar for rolling in,NA,NA,NA,NA,NA,NA,NA,NA,NA,NA,NA,NA
Edible Cookie Dough,Heather Perine,Noratingsyet,,10 minutes,10 minutes,20 minutes,6 servings,7,▢ 1 cup (120g) all-purpose flour heat-treated,"▢ ½ cup (1 stick, 113 g) unsalted butter room temperature",▢ ½ cup (107 g) packed light brown sugar,▢ ¼ cup (50 g) granulated sugar,▢ 1 teaspoon pure vanilla extract,▢ 2 Tablespoons whole milk,▢ ½ cup (84 g) mini chocolate chips,NA,NA,NA,NA,Boston Girl Bakes,https://www.bostongirlbakes.com/edible-cookie-dough/,NA,NA,NA,NA,NA,NA,NA,NA,NA,NA,NA,NA,NA,NA,NA
Cookie Dough Cookies,Heather Perine,Noratingsyet,,45 minutes,12 minutes,57 minutes,24 cookies,26,For the cookies,▢ 2 ¼ cups (280 g) all-purpose flour (spooned & leveled),▢ 1 teaspoon baking soda,▢ 2 teaspoons cornstarch,▢ ½ teaspoon salt,"▢ ¾ cup (1 ½ sticks, 170 g) unsalted butter melted and slightly cooled",▢ ¾ cup (150 g) packed light brown sugar,▢ ½ cup (100 g) granulated sugar,▢ 1 large egg + 1 egg yolk at room temperature,▢ 2 teaspoons pure vanilla extract,▢ 1 ¼ cup (213 g) semi sweet chocolate chips,Boston Girl Bakes,https://www.bostongirlbakes.com/cookie-dough-cookies/,For the edible cookie dough;,▢ ½ cup (60 g) all-purpose flour heat-treated,"▢ ¼ cup (½ stick, 57 g) unsalted butter room temperature",▢ ¼ cup (57 g) packed light brown sugar,▢ 2 Tablespoons (25 g) granulated sugar,▢ ½ teaspoon pure vanilla extract,▢ 1 Tablespoon whole milk,▢ ¼ cup (42 g) mini chocolate chips plus more for garnish,For the buttercream:,▢ ¼ cup (53g) packed light brown sugar,▢ 10 Tablespoons (142 g) unsalted butter softened,▢ 1 ¼ cups (157 g) confectioners sugar,▢ 1 Tablespoon heavy cream,▢ 1 teaspoon vanilla extract,▢ pinch of salt
Cowboy Cookies,Heather Perine,Noratingsyet,,15 minutes,12 minutes,27 minutes,36 cookies,13,▢ 2 cups (240 g) all purpose flour *spooned and leveled,▢ 1 teaspoon baking soda,▢ 1 teaspoon salt,▢ ½ teaspoon ground cinnamon,"▢ 1 cup (2 sticks, 226 g) unsalted butter, softened",▢ 1 cup (213 g) packed light brown sugar,▢ ½ cup (100 g) granulated white sugar,▢ 2 large eggs room temperature,▢ 2 teaspoons vanilla extract,▢ 2 cups (200 g) old-fashioned oats,▢ 1 cup (85 g) sweetened shredded coconut,Boston Girl Bakes,https://www.bostongirlbakes.com/cowboy-cookies/,"▢ 1 cup (128 g) toasted, chopped pecans",▢ 1 ½ cup (255 g) semisweet chocolate chips,NA,NA,NA,NA,NA,NA,NA,NA,NA,NA,NA,NA,NA
Pumpkin Oatmeal Cookies,Heather Perine,Noratingsyet,,20 minutes,10 minutes,30 minutes,30 cookies,15,▢ 2 ½ cups (300 g) all purpose flour spooned and leveled,▢ 1 teaspoon baking soda,▢ ½ teaspoon salt,▢ 2 teaspoons pumpkin pie spice,▢ 2 cups (200 g) old fashioned oats,"▢ 1 cup (2 sticks, 226 g) unsalted butter melted and slightly cooled",▢ 1 cup (213 g) light brown sugar,▢ ½ cup (100 g) granulated white sugar,▢ 1 large egg yolk room temperature,▢ 2 teaspoons vanilla extract,▢ ⅔ cup (150 g) pumpkin puree blotted dry,Boston Girl Bakes,https://www.bostongirlbakes.com/pumpkin-oatmeal-cookies/,For the icing:,▢ 1 cup (114 g) powdered sugar,▢ 2 tablespoons milk,▢ ½ teaspoon vanilla extract,NA,NA,NA,NA,NA,NA,NA,NA,NA,NA,NA
Brown Sugar Pop Tart Cookies,Heather Perine,5, 1 ,45 minutes,12 minutes,12 minutes,18 cookies,23,To make the cookies:,▢ 2 ¼ cups (270 g) all-purpose flour spooned and leveled,▢ ½ teaspoon baking powder,▢ ¼ teaspoon baking soda,▢ 1 tablespoon cornstarch,▢ ½ teaspoon salt,"▢ ½ cup (1 stick, 113 g) unsalted butter room temperature",▢ ½ cup (100 g) granulated sugar,▢ ½ cup (107 g) packed light brown sugar,▢ 1 large egg room temperature,▢ 2 teaspoons vanilla extract,Boston Girl Bakes,https://www.bostongirlbakes.com/brown-sugar-pop-tart-cookies/,▢ ¼ cup (60 g) sour cream room temperature,To make the filling:,▢ ¾ cup (163 g) packed light brown sugar,▢ 2 tablespoons all purpose flour,▢ 2 teaspoons ground cinnamon,▢ 5 Tablespoons unsalted butter softened,▢ ½ teaspoon vanilla extract,To make the glaze:,▢ 1 cup (120 g) powdered sugar,▢ ¼ teaspoon ground cinnamon,▢ 2-3 tablespoons milk,▢ 1 tablespoon corn syrup optional,NA,NA,NA
Peanut Butter And Jelly Cookies,Heather Perine,Noratingsyet,,20 minutes,10 minutes,30 minutes,24 cookies,14,▢ 2 ½ cups (300 g) all-purpose flour spooned and leveled,▢ 1 teaspoon baking soda,▢ 1 teaspoon baking powder,▢ ½ teaspoon salt,▢ 1 teaspoon cornstarch,"▢ ½ cup (1 stick, 113 g) unsalted butter",▢ ¾ cup (202 g) peanut butter,▢ ½ cup (100 g) granulated sugar,▢ 1 cup 213 g packed light brown sugar,▢ 2 large eggs at room temperature,▢ 1 large egg yolk room temperature,Boston Girl Bakes,https://www.bostongirlbakes.com/peanut-butter-and-jelly-cookies/,▢ 2 teaspoons vanilla extract,▢ 1 ¼ cups peanut butter chips,▢ 1 cup seedless raspberry jam chilled,NA,NA,NA,NA,NA,NA,NA,NA,NA,NA,NA,NA
No Bakes,Heather Perine,5, 9 ,15 minutes,5 minutes,50 minutes,30 cookies,8,▢ 2 cups (300 g) Granulated Sugar,▢ ½ cup (120 mL) milk,"▢ ½ cup (1 stick, 113 g) unsalted butter",▢ ¼ cup (20 g) unsweetened cocoa powder,▢ 3 cups (300 g) quick oats,▢ 1 cup (250 g) smooth peanut butter,▢ 1½ teaspoons vanilla extract,▢ ⅛ teaspoon salt,NA,NA,NA,Boston Girl Bakes,https://www.bostongirlbakes.com/classic-no-bake-cookies-recipe/,NA,NA,NA,NA,NA,NA,NA,NA,NA,NA,NA,NA,NA,NA,NA
No Bake Peanut Butter Cookies,Heather Perine,Noratingsyet,,15 minutes,5 minutes,50 minutes,30 servings,7,▢ 2 cups (400 g) granulated sugar,▢ ½ cup (120 mL) milk,"▢ ½ cup (1 stick, 113 g) unsalted butter",▢ 3 cups (267 g) quick oats,▢ 1 cup (270 g) smooth peanut butter,▢ 2 teaspoons vanilla extract,▢ Pinch salt,NA,NA,NA,NA,Boston Girl Bakes,https://www.bostongirlbakes.com/no-bake-peanut-butter-cookies/,NA,NA,NA,NA,NA,NA,NA,NA,NA,NA,NA,NA,NA,NA,NA
Fluffernutter Cookies,Heather Perine,Noratingsyet,,30 minutes,10 minutes,40 minutes,24 cookies,14,▢ 2 ½ cups (300 g) all-purpose flour spooned and leveled,▢ 1 teaspoon baking soda,▢ 1 teaspoon baking powder,▢ ½ teaspoon fine sea salt,▢ 1 teaspoon cornstarch,"▢ ½ cup (1 stick, 113 g) unsalted butter",▢ ¾ cup (200 g) smooth peanut butter,▢ ½ cup (100 g) granulated sugar,▢ 1 cup (213 g) packed light brown sugar,▢ 2 large eggs at room temperature,▢ 1 large egg yolk room temperature,Boston Girl Bakes,https://www.bostongirlbakes.com/fluffernutter-cookies/,▢ 2 teaspoons vanilla extract,▢ 1 ¼ cups peanut butter chips,▢ 1 cup marshmallow fluff,NA,NA,NA,NA,NA,NA,NA,NA,NA,NA,NA,NA
Chocolate Chipless Cookies,Heather Perine,Noratingsyet,,15 minutes,10 minutes,25 minutes,20 cookies,10,▢ 2 ¼ cups (280 g) all-purpose flour (spooned & leveled),▢ 1 teaspoon baking soda,▢ 2 teaspoons cornstarch,▢ ½ teaspoon salt,"▢ ¾ cup (1 ½ sticks, 170 g) unsalted butter melted and slightly cooled",▢ ¾ cup (150 g) packed light brown sugar,▢ ½ cup (100 g) granulated sugar,▢ 1 large egg at room temperature,▢ 1 large egg yolk at room temperature,▢ 1 Tablespoon pure vanilla extract,NA,Boston Girl Bakes,https://www.bostongirlbakes.com/chocolate-chipless-cookies/,NA,NA,NA,NA,NA,NA,NA,NA,NA,NA,NA,NA,NA,NA,NA
Jacque Torres Chocolate Chip Cookies,Heather Perine,5, 6 ,20 minutes,20 minutes,40 minutes,18 large 5-inch cookies,12,▢ 2 cups minus 2 tablespoons (8 1/2 ounces) cake flour,▢ 1 ⅔ cups (8 1/2 ounces) bread flour,▢ 1 ¼ teaspoons baking soda,▢ 1 ½ teaspoons baking powder,▢ 1 ½ teaspoons coarse salt,▢ 2 ½ sticks (1 1/4 cups) unsalted butter,▢ 1 ¼ cups (10 ounces) light brown sugar,▢ 1 cup plus 2 tablespoons (8 ounces) granulated sugar,▢ 2 large eggs,▢ 2 teaspoons pure vanilla extract,▢ 1 ¼ pounds chopped chocolate see note,Boston Girl Bakes,https://www.bostongirlbakes.com/new-york-times-chocolate-chip-cookie/,▢ 8 ounces semi-sweet chocolate for dipping after baking,NA,NA,NA,NA,NA,NA,NA,NA,NA,NA,NA,NA,NA,NA
Oat Flour Chocolate Chip Cookies,Heather Perine,Noratingsyet,,15 minutes,11 minutes,26 minutes,36 cookies,11,▢ 3 cups (280 g) oat flour *see note,▢ 2 teaspoons cornstarch,▢ 1 teaspoon baking soda,▢ ½ teaspoon salt,"▢ ¾ cup (1 ½ stick, 170 g) unsalted butter melted and slightly cooled",▢ ½ cup (100 g) granulated white sugar,▢ ¾ cup (160 g) packed light brown sugar,▢ 2 teaspoons vanilla extract,▢ 1 large egg room temperature,▢ 1 large egg yolk room temperature,▢ 1 ½ cups (255 g) semi-sweet chocolate chips,Boston Girl Bakes,https://www.bostongirlbakes.com/oat-flour-chocolate-chip-cookies/,NA,NA,NA,NA,NA,NA,NA,NA,NA,NA,NA,NA,NA,NA,NA
Almond Flour Chocolate Chip Cookies,Heather Perine,5, 1 ,15 minutes,11 minutes,26 minutes,20 cookies,10,▢ 3 cups (336g) almond flour *see note,▢ 1 Tablespoon cornstarch,▢ 1 teaspoon baking soda,▢ ½ teaspoon salt,"▢ ¾ cup (1 ½ stick, 170 g) unsalted butter melted and slightly cooled",▢ ½ cup (100 g) granulated white sugar,▢ ¾ cup (160 g) packed light brown sugar,▢ 2 teaspoons vanilla extract,▢ 2 large eggs room temperature,▢ 1 ½ cups (255 g) semi-sweet chocolate chips,NA,Boston Girl Bakes,https://www.bostongirlbakes.com/almond-flour-chocolate-chip-cookies/,NA,NA,NA,NA,NA,NA,NA,NA,NA,NA,NA,NA,NA,NA,NA
Churro Cookies,Heather Perine,Noratingsyet,,NA,13 minutes,13 minutes,16 cookies,16,For the chocolate centers,▢ 4 ounces semi-sweet chocolate chopped,▢ ½ cup (120 ml) heavy cream,For the cookie dough,▢ 2 ¼ cups (270 g) all-purpose flour spooned and leveled,▢ ½ teaspoon baking powder,▢ ¼ teaspoon baking soda,▢ 1 tablespoon cornstarch,▢ ½ teaspoon salt,"▢ ½ cup (1 stick, 113 g) unsalted butter room temperature",▢ ½ cup (100 g) granulated sugar,Boston Girl Bakes,https://www.bostongirlbakes.com/churro-cookies/,▢ ½ cup (107 g) packed light brown sugar,▢ 1 large egg room temperature,▢ 2 teaspoons vanilla extract,▢ ¼ cup (60 g) sour cream room temperature,▢ cinnamon sugar for rolling cookies in,NA,NA,NA,NA,NA,NA,NA,NA,NA,NA
Key Lime Cookies,Heather Perine,5, 1 ,15 minutes,10 minutes,25 minutes,24 cookies,14,For The Cookies:,"▢ 3 cups (360 g) all-purpose flour, spooned and leveled",▢ 1 teaspoon baking powder,▢ ½ teaspoon baking soda,▢ ½ teaspoon salt,"▢ 1 cup (2 sticks, 226 g) unsalted butter, softened",▢ 1 ¼ cups (250 g) granulated white sugar,▢ 1 teaspoon vanilla extract,▢ 2 tablespoons key lime juice,▢ 1 tablespoon key lime zest,▢ 1 large egg room temperature,Boston Girl Bakes,https://www.bostongirlbakes.com/key-lime-cookies/,For The Icing:,▢ 2 cups (228 g) confectioners sugar,▢ 3-4 tablespoons key lime juice,NA,NA,NA,NA,NA,NA,NA,NA,NA,NA,NA,NA
Lemon Ricotta Cookies,Heather Perine,Noratingsyet,,15 minutes,10 minutes,25 minutes,18 cookies,14,Cookies:,▢ 2 cups (240 g) all-purpose flour spooned and leveled,▢ 1 ½ teaspoons baking powder,▢ ¼ teaspoon salt,"▢ ½ cup (1 stick, 113 g) unsalted butter softened",▢ ¾ cup (150 g) granulated sugar,▢ 1 large egg room temperature,▢ ¾ cup (170 g) whole milk ricotta cheese gently drained of any excess liquid,▢ 2 Tablespoons lemon zest,▢ 3 Tablespoons lemon juice,Lemon Glaze:,Boston Girl Bakes,https://www.bostongirlbakes.com/lemon-ricotta-cookies/,▢ 1 ½ cup (170 g) powdered sugar,▢ 1 Tablespoon lemon zest optional,▢ 3 Tablespoons lemon juice,NA,NA,NA,NA,NA,NA,NA,NA,NA,NA,NA,NA
Coconut Macaroons,Heather Perine,5, 30 ,15 minutes,20 minutes,35 minutes,20 cookies,7,▢ 14 ounces sweetened shredded coconut,▢ ¾ cup (216 g) sweetened condensed milk,▢ ¼ teaspoon salt,▢ 1 teaspoon vanilla extract,▢ ½ teaspoon almond extract,▢ 2 large egg whites room temperature,▢ 6 ounces semi-sweet chocolate melted (optional),NA,NA,NA,NA,Boston Girl Bakes,https://www.bostongirlbakes.com/coconut-macaroons/,NA,NA,NA,NA,NA,NA,NA,NA,NA,NA,NA,NA,NA,NA,NA
Carrot Cake Cookies,Heather Perine,4.85, 13 ,20 minutes,20 minutes,40 minutes,24 cookies,20,▢ 1 ½ cups (180 g) all-purpose flour *spooned and leveled,▢ ½ teaspoon salt,▢ ½ teaspoon baking powder,▢ ¼ teaspoon freshly grated nutmeg or a pinch of dried,▢ 2 teaspoons ground cinnamon,▢ ⅛ teaspoon ground cloves,▢ 1 cup (100 g) shredded carrots *about 5-6 medium,▢ 1 cup (213 g) packed light brown sugar *divided,"▢ 1 cup (2 sticks, 226 g) unsalted butter softened but still firm",▢ 1 cup (200 g) granulated sugar,▢ 2 large eggs room temperature,Boston Girl Bakes,https://www.bostongirlbakes.com/carrot-cake-oatmeal-cookies/,▢ 3 cups (300 g) old-fashioned oats,▢ 1 cup (149 g) golden raisins (or regular),▢ 1 cup (128 g) toasted walnuts chopped,▢ 1 cup (85 g) shredded sweetened coconut,Cream Cheese Frosting (optional),▢ 8 ounces (227 g) cream cheese softened to room temperature,"▢ 8 tablespoons (1 stick, 113 g) unsalted butter softened to room temperature",▢ 2 teaspoons vanilla extract,▢ 2 ½ cups (284 g) confectioners sugar *powdered sugar,NA,NA,NA,NA,NA,NA
Almond Flour Peanut Butter Cookies,Heather Perine,5, 2 ,15 minutes,12 minutes,27 minutes,32 cookies,9,▢ 1 ¾ cups (170 g) almond flour (spooned & leveled),▢ ½ teaspoon baking soda,▢ ¼ teaspoon salt,"▢ ½ cup (1 stick; 113 g) unsalted butter, softened to room temperature",▢ ½ cup (100 g) packed light brown sugar,▢ ¼ cup (50 g) granulated sugar plus additional sugar for rolling in before baking,▢ 1 large egg at room temperature,▢ ¾ cup 185 g) creamy peanut butter (see note),▢ 2 teaspoons pure vanilla extract,NA,NA,Boston Girl Bakes,https://www.bostongirlbakes.com/almond-flour-peanut-butter-cookies/,NA,NA,NA,NA,NA,NA,NA,NA,NA,NA,NA,NA,NA,NA,NA
Cookies And Cream Cookies,Heather Perine,5, 1 ,30 minutes,12 minutes,42 minutes,20 cookies,12,▢ 2 ¾ cups (330 g) all purpose flour spooned and leveled,"▢ ⅔ cup (56 g) black cocoa powder, see note",▢ 1 teaspoon baking soda,▢ ½ teaspoon salt,"▢ 1 cup (2 sticks, 226 g) unsalted butter, melted",▢ 1 cup (213 g) packed light brown sugar,▢ 1 cup (200 g) granulated white sugar,▢ 2 large eggs room temperature,▢ 2 teaspoons vanilla extract,▢ 1 cup (170 g) white chocolate chips,▢ 12 whole Oreos chopped,Boston Girl Bakes,https://www.bostongirlbakes.com/cookies-and-cream-cookies/,"▢ 10 white chocolate squares I used Ghiradelli, break each square in half, then half again",NA,NA,NA,NA,NA,NA,NA,NA,NA,NA,NA,NA,NA,NA
Gluten Free Monster Cookies,Heather Perine,5, 1 ,NA,NA,NA,NA,10,"▢ ¼ cup (4 Tablespoons, 57 g) unsalted butter at room temperature",▢ 1 cup (270 g) smooth peanut butter,▢ ¾ cup (160 g) packed light brown sugar,▢ ½ cup (100 g) granulated white sugar,▢ 2 large eggs lightly beaten,▢ 1 ½ teaspoons baking soda,▢ 2 teaspoons pure vanilla extract,▢ 3 cups (267 g) old fashioned rolled oats,▢ 1 cups (340 g) semi-sweet chocolate chips,▢ 1 cup M&M chocolate candies,NA,Boston Girl Bakes,https://www.bostongirlbakes.com/gluten-free-monster-cookies/,NA,NA,NA,NA,NA,NA,NA,NA,NA,NA,NA,NA,NA,NA,NA
M&M Chocolate Chip Cookies,Heather Perine,5, 2 ,15 minutes,11 minutes,26 minutes,20 cookies,11,▢ 2 ¼ cups (280 g) all-purpose flour (spooned & leveled),▢ 1 teaspoon baking soda,▢ 2 teaspoons cornstarch,▢ ½ teaspoon salt,"▢ ¾ cup (1 ½ sticks, 170 g) unsalted butter melted and slightly cooled",▢ ¾ cup (150 g) packed light brown sugar,▢ ½ cup (100 g) granulated sugar,▢ 1 large egg + 1 egg yolk at room temperature,▢ 2 teaspoons pure vanilla extract,▢ 1 cup (170 g) semi sweet chocolate chips,▢ 1 cup m and m candies,Boston Girl Bakes,https://www.bostongirlbakes.com/mm-chocolate-chip-cookies/,NA,NA,NA,NA,NA,NA,NA,NA,NA,NA,NA,NA,NA,NA,NA
Neapolitan Cookies,Heather Perine,Noratingsyet,,25 minutes,12 minutes,37 minutes,14 cookies,11,▢ 2 ¼ cups (280 g) all purpose flour spooned and leveled,▢ 1 ½ teaspoons cornstarch,▢ 1 teaspoon baking soda,▢ ¾ teaspoon salt,▢ ¾ cup (170 g) unsalted butter softened,▢ 1 ¼ cups (250 g) granulated sugar plus more for rolling in,▢ 1 large egg,▢ 1 large egg yolk,▢ 2 teaspoons vanilla extract,▢ ¼ cup freeze-dried strawberry powder,▢ 1 Tablespoon Dutch process cocoa powder,Boston Girl Bakes,https://www.bostongirlbakes.com/neapolitan-cookies/,NA,NA,NA,NA,NA,NA,NA,NA,NA,NA,NA,NA,NA,NA,NA
Peanut Butter Kiss Cookies,Heather Perine,5, 19 ,15 minutes,10 minutes,25 minutes,24 cookies,10,▢ 1 ½ cups (180 g) all purpose flour spooned and leveled,▢ ½ teaspoon salt,▢ ½ teaspoon baking soda,▢ ¼ cup (50 g) granulated white sugar (plus additional sugar to roll cookies in),▢ ¾ cup (160 g) packed light brown sugar,"▢ 8 tbsp (1/2 cup, 113 g) unsalted butter softened to room temperature",▢ 1 large egg room temperature,▢ 1 cup (270 g) smooth peanut butter,▢ 1 teaspoon pure vanilla extract,▢ 24 chocolate kiss candies,NA,Boston Girl Bakes,https://www.bostongirlbakes.com/peanut-butter-chocolate-kiss-cookies/,NA,NA,NA,NA,NA,NA,NA,NA,NA,NA,NA,NA,NA,NA,NA
Russian Tea Cakes,Heather Perine,5, 29 ,20 minutes,12 minutes,32 minutes,20 cookies,6,▢ 1 cup (2 sticks. 226 g) unsalted butter softened,▢ 2 ⅔ cups (300 g) powdered (or confectioners) sugar *divided,▢ 1 teaspoon vanilla extract,▢ 2 ¼ cups (270 g) all purpose flour,▢ 1 cup (115 g) finely chopped toasted pecans *see note,▢ ¼ teaspoon salt,NA,NA,NA,NA,NA,Boston Girl Bakes,https://www.bostongirlbakes.com/russian-tea-cakes/,NA,NA,NA,NA,NA,NA,NA,NA,NA,NA,NA,NA,NA,NA,NA
Peanut Butter Oatmeal Cookies,Heather Perine,4.67, 12 ,15 minutes,10 minutes,25 minutes,36 cookies (or 18 large),12,▢ 2 cups (240 g) all-purpose flour *spooned and leveled,▢ 1 teaspoon baking soda,▢ 1 teaspoon salt,▢ ½ teaspoon cinnamon,▢ 1 cup (226 g) unsalted butter melted and slightly cooled,▢ 1 cup (213 g) packed light brown sugar,▢ ½ cup (100 g) granulated white sugar,▢ 2 large eggs,▢ 2 teaspoons vanilla extract,▢ ½ cup (135 g) smooth peanut butter,▢ 2 cups (198 g) old-fashioned oats,Boston Girl Bakes,https://www.bostongirlbakes.com/peanut-butter-oatmeal-cookies/,▢ 2 cups (340 g) peanut butter chips,NA,NA,NA,NA,NA,NA,NA,NA,NA,NA,NA,NA,NA,NA
Funfetti White Chocolate Chip Cookies,Heather Perine,5, 14 ,30 minutes,20 minutes,50 minutes,36 cookies,12,▢ 3 ⅔ cup (440 g) all purpose flour spooned and leveled,▢ 1 ¼ teaspoons baking soda,▢ 1 ½ teaspoons baking powder,▢ 1 ½ teaspoons salt,"▢ 20 tablespoons (1 1/4 cups, 283 g) unsalted butter softened","▢ 1 ¼ cups (10 ounces, 267 g) light brown sugar",▢ 1 cup plus 2 tablespoons (223 g) granulated sugar,▢ 2 large eggs room temperature,▢ 1 ½ teaspoons natural vanilla extract,▢ ½ teaspoon almond extract,▢ 1 cup sprinkles,Boston Girl Bakes,https://www.bostongirlbakes.com/funfetti-white-chocolate-chip-cookies/,▢ 2 cups white chocolate chips,NA,NA,NA,NA,NA,NA,NA,NA,NA,NA,NA,NA,NA,NA
White Chocolate Chip Cookies,Heather Perine,5, 24 ,10 minutes,10 minutes,20 minutes,36 cookies,11,▢ 2 ¼ cups (280g) all purpose flour spooned and leveled,▢ 2 teaspoons cornstarch,▢ 1 teaspoon baking soda,▢ ½ teaspoon salt,"▢ ¾ cup 1 1/2 sticks, 170 g) unsalted butter melted and slightly cooled",▢ ¾ cups (160g) packed light brown sugar,▢ ½ cup (100 g) granulated white sugar,▢ 1 large egg room temperature,▢ 1 large egg yolk,▢ 2 teaspoons pure vanilla extract,▢ 1 ¼ cups white chocolate chips,Boston Girl Bakes,https://www.bostongirlbakes.com/white-chocolate-chip-cookies/,NA,NA,NA,NA,NA,NA,NA,NA,NA,NA,NA,NA,NA,NA,NA
Cherry Chocolate Chip Cookies,Heather Perine,5, 5 ,20 minutes,15 minutes,35 minutes,36 cookies (or 18 large ones),12,▢ 3 ⅔ cups (440 g) all purpose flour spooned and leveled,▢ 1 ¼ teaspoons baking soda,▢ 1 ½ teaspoons baking powder,▢ 1 ½ teaspoons salt,"▢ 1 ¼ cups (283 g, 2 1/2 sticks) unsalted butter softened to room temperature",▢ 1 ¼ cups (266 g) packed light brown sugar,▢ 1 cup plus 2 tablespoons (221 g) granulated sugar,▢ 2 large eggs room temperature,▢ 1 teaspoon vanilla extract,▢ 1 teaspoon almond extract,▢ 1 cup (142 g) dried cherries,Boston Girl Bakes,https://www.bostongirlbakes.com/dark-chocolate-cherry-almond-cookies/,▢ 2 cups (340 g) semis-sweet or bittersweet chocolate chips,NA,NA,NA,NA,NA,NA,NA,NA,NA,NA,NA,NA,NA,NA
Sugar Cookie Frosting,Heather Perine,5, 2 ,10 minutes,0 minutes,10 minutes,3 cups,6,"▢ 10 Tablespoons (140 g) unsalted butter, softened to room temperature softened to room temperature",▢ ½ cup + 2 Tablespoons (115 g) vegetable shortening,▢ 2 ½ cups (284 g) confectioners sugar,▢ 2 tablespoons milk,▢ 1 ½ teaspoons vanilla extract,▢ ½ teaspoon almond extract,NA,NA,NA,NA,NA,Boston Girl Bakes,https://www.bostongirlbakes.com/how-to-make-icing-for-cookies/,NA,NA,NA,NA,NA,NA,NA,NA,NA,NA,NA,NA,NA,NA,NA
Cadbury Egg Cookies,Heather Perine,5, 1 ,15 minutes,12 minutes,27 minutes,20 cookies,11,▢ 2 1/4 cups (280 g) all-purpose flour spooned and leveled,▢ 1 teaspoon baking soda,▢ 2 teaspoons cornstarch,▢ 1/2 teaspoon salt,"▢ 3/4 cup (1 ½ sticks, 170 g) unsalted butter melted and slightly cooled",▢ 3/4 cup (150 g) packed light brown sugar,▢ 1/2 cup (100 g) granulated sugar,▢ 1 large egg + 1 egg yolk at room temperature,▢ 2 teaspoons pure vanilla extract,▢ 1 cup (170 g) semi sweet chocolate chips,▢ 1 cup Cadbury mini eggs roughly chopped,Boston Girl Bakes,https://www.bostongirlbakes.com/cadbury-egg-cookies/,NA,NA,NA,NA,NA,NA,NA,NA,NA,NA,NA,NA,NA,NA,NA
Lemon Poppyseed Cookies,Heather Perine,5, 13 ,15 minutes,10 minutes,25 minutes,24 cookies,17,For The Cookies:,"▢ 3 cups (360 g) all-purpose flour, spooned and leveled",▢ 1 teaspoon baking powder,▢ ½ teaspoon baking soda,▢ ½ teaspoon salt,▢ 2 Tablespoons poppyseeds,"▢ 1 cup (2 sticks, 226 g) unsalted butter, softened",▢ 1 ¼ cups (250 g) granulated white sugar,▢ 1 teaspoon vanilla extract,▢ 2 tablespoons lemon juice,▢ 1 tablespoon lemon zest,Boston Girl Bakes,https://www.bostongirlbakes.com/lemon-poppyseed-cookies/,▢ 1 large egg room temperature,For The Icing:,▢ 2 cups (228 g) confectioners sugar,▢ 3-4 tablespoons lemon juice,▢ 2 teaspoons lemon zest,▢ poppyseeds for garnish,NA,NA,NA,NA,NA,NA,NA,NA,NA
Easter M&M Cookies,Heather Perine,5, 1 ,15 minutes,12 minutes,27 minutes,20 cookies,11,▢ 2 1/4 cups (280 g) all-purpose flour spooned and leveled,▢ 1 teaspoon baking soda,▢ 2 teaspoons cornstarch,▢ 1/2 teaspoon salt,"▢ 3/4 cup (1 ½ sticks, 170 g) unsalted butter melted and slightly cooled",▢ 3/4 cup (150 g) packed light brown sugar,▢ 1/2 cup (100 g) granulated sugar,▢ 1 large egg + 1 egg yolk at room temperature,▢ 2 teaspoons pure vanilla extract,▢ 1 cup (170 g) semi sweet chocolate chips,▢ 1 cup pastel m and m candies,Boston Girl Bakes,https://www.bostongirlbakes.com/easter-mm-cookies/,NA,NA,NA,NA,NA,NA,NA,NA,NA,NA,NA,NA,NA,NA,NA
Chocolate Chip Pecan Cookies,Heather Perine,5, 5 ,20 minutes,10 minutes,30 minutes,36 cookies,11,▢ 1 cup (114 g) pecan halves toasted and chopped,"▢ 1 cup (226 g, 2 sticks) unsalted butter",▢ 2 1/2 cups (300 g) all purpose flour spooned and leveled,▢ 1 teaspoon baking soda,▢ 1 teaspoon salt,▢ 1/2 cup (100 g) granulated white sugar,▢ 1 cup (213 g) packed light brown sugar,▢ 2 teaspoons vanilla extract,▢ 2 large eggs room temperature,▢ 12 ounces chocolate chips,▢ Flaky sea salt for topping after baking,Boston Girl Bakes,https://www.bostongirlbakes.com/chocolate-chip-pecan-cookies/,NA,NA,NA,NA,NA,NA,NA,NA,NA,NA,NA,NA,NA,NA,NA
Raspberry Almond Thumbprints,Heather Perine,5, 9 ,20 minutes,15 minutes,35 minutes,14 cookies,13,For the cookies,"▢ ½ cup (1 stick, 113 g) unsalted butter, softened",▢ ⅓ cup (67 g) granulated white sugar,▢ 1 egg yolk room temperature,▢ 1 teaspoon vanilla extract,▢ ½ teaspoon almond extract,▢ 1 cup + 2 tablespoons (135 g) all purpose flour,▢ ½ teaspoon table salt,▢ 3 1/2 teaspoons raspberry jam,For the glaze,▢ 1/2 cup (60 g) powdered sugar,Boston Girl Bakes,https://www.bostongirlbakes.com/raspberry-almond-thumbprints/,▢ 1 tablespoon milk,▢ 1/2 teaspoon vanilla extract (or almond extract),NA,NA,NA,NA,NA,NA,NA,NA,NA,NA,NA,NA,NA
Chocolate Turtle Cookies,Heather Perine,5, 8 ,20 minutes,10 minutes,30 minutes,24 cookies,11,▢ 2 3/4 cups (330 g) all purpose flour spooned and leveled,▢ ⅔ cup (56 g) unsweetened cocoa powder,▢ 1 teaspoon baking soda,▢ ½ teaspoon salt,"▢ 1 cup (2 sticks, 226 g) unsalted butter softened",▢ 1 cup (213 g) packed light brown sugar,▢ 1 cup (200 g) granulated white sugar,▢ 2 large eggs,▢ 2 teaspoons vanilla extract,▢ 1 ½ cup (170 g) chopped toasted pecans,▢ 36 soft covered caramels,Boston Girl Bakes,https://www.bostongirlbakes.com/chocolate-turtle-cookies/,NA,NA,NA,NA,NA,NA,NA,NA,NA,NA,NA,NA,NA,NA,NA
Chai Snickerdoodles,Heather Perine,5, 1 ,10 minutes,10 minutes,20 minutes,24 cookies,19,Cookies,▢ 2 3/4 cups (330 g) all-purpose flour spooned and leveled,▢ 2 teaspoons cream of tartar,▢ 1 teaspoons baking soda,▢ 1/4 teaspoon table salt,▢ 1/2 teaspoon ground cinnamon,▢ 1/4 teaspoon ground cardamom,▢ 1/4 teaspoon ground allspice,▢ 1/4 teaspoon ground cloves,"▢ 1 cup (2 sticks, 226 g) unsalted butter, softened",▢ 1 ½ cups (300 g) granulated white sugar,Boston Girl Bakes,https://www.bostongirlbakes.com/chai-snickerdoodles/,▢ 2 large eggs room temperature,▢ 2 teaspoons vanilla extract,Coating,▢ 5 tablespoons granulated white sugar,▢ 1 Tablespoon ground cinnamon,▢ 1/4 teaspoon ground cardamom,▢ 1/4 teaspoon ground allspice,▢ 1/4 teaspoon ground nutmeg,NA,NA,NA,NA,NA,NA,NA
Cinnamon Roll Cookies,Heather Perine,5, 2 ,45 minutes,10 minutes,55 minutes,32 cookies,16,For the cookies:,▢ 2 ¾ cups (330 g) all-purpose flour spooned and leveled,▢ 2 teaspoons baking powder,▢ ½ teaspoon salt,"▢ ¾ cup (1 ½ sticks, 170 g) unsalted butter softened",▢ 1 cup (200 g) granulated white sugar,▢ 1 teaspoon vanilla extract,▢ 2 large eggs room temperature,For filling:,▢ ⅓ cup (70 g) packed light brown sugar,▢ 2 teaspoons ground cinnamon,Boston Girl Bakes,https://www.bostongirlbakes.com/cinnamon-roll-cookies/,▢ 2 tablespoons unsalted butter melted,For icing:,▢ 1 cup (120 g) confectioners sugar,▢ 2 tablespoons milk,▢ ½ teaspoon vanilla extract,NA,NA,NA,NA,NA,NA,NA,NA,NA,NA
Pistachio Thumbprint Cookies,Heather Perine,5, 2 ,20 minutes,15 minutes,35 minutes,28 cookies,9,"▢ 1 cup (2 sticks, 226 g) unsalted butter, softened",▢ 2/3 cup (67 g) granulated white sugar,▢ 2 large egg yolks room temperature,▢ 2 teaspoons vanilla extract,▢ 1 teaspoon almond extract,▢ 2 1/4 cups (270g) all purpose flour spooned and leveled,▢ 1 teaspoon salt,▢ 1 cup finely ground pistachios,▢ 3 Tablespoons raspberry jam,NA,NA,Boston Girl Bakes,https://www.bostongirlbakes.com/pistachio-thumbprint-cookies/,NA,NA,NA,NA,NA,NA,NA,NA,NA,NA,NA,NA,NA,NA,NA
Candy Cane Kiss Cookies,Heather Perine,5, 1 ,NA,NA,NA,24 cookies,11,▢ 3 cups (360 g) all-purpose flour,▢ 1 teaspoon baking powder,▢ 1/4 teaspoon baking soda,▢ 1/2 teaspoon salt,"▢ 1 cup (2 sticks, 227 g) unsalted butter softened ro room temperature",▢ 1 1/4 cups (250 g) granulated sugar,"▢ 1/4 cup (2 ounces, 57 g) cream cheese softened to room temperature",▢ 1 large egg,▢ 1 1/2 teaspoons vanilla extract,▢ 24 candy cane kisses,▢ 3/4 cup sprinkles,Boston Girl Bakes,https://www.bostongirlbakes.com/candy-cane-kiss-cookies/,NA,NA,NA,NA,NA,NA,NA,NA,NA,NA,NA,NA,NA,NA,NA
Cut Out Shortbread Cookies,Heather Perine,5, 4 ,20 minutes,12 minutes,46 minutes,16 cookies,5,"▢ ½ cup (1 stick, 113 g) unsalted butter softened to room temperature",▢ ¼ cup (50 g) granulated sugar,▢ 1 teaspoon vanilla extract,▢ ½ teaspoon fine sea salt,▢ 1 cup + 1 tablespoon (135 g) all purpose flour spooned and leveled,NA,NA,NA,NA,NA,NA,Boston Girl Bakes,https://www.bostongirlbakes.com/cut-out-shortbread-cookies/,NA,NA,NA,NA,NA,NA,NA,NA,NA,NA,NA,NA,NA,NA,NA
Raspberry Rugelach,Heather Perine,4.50, 4 ,NA,NA,NA,36 cookies,16,For the dough:,▢ 1 8- ounce package cream cheese at room temperature,▢ 1/3 cup (67 g) granulated sugar,▢ 1 1/2 teaspoons vanilla extract,▢ 3/4 teaspoon salt,▢ 2 1/2 cups (300 g) all-purpose flour plus more for dusting,"▢ 1 cup (2 sticks, 227 g) unsalted butter cold and cut into cubes",For the filling,▢ 3/4 cup (86 g) pecans toasted and chopped,▢ 1 cup (255 g) raspberry preserves,▢ 6 tablespoons granulated sugar,Boston Girl Bakes,https://www.bostongirlbakes.com/strawberry-walnut-rugelach/,▢ 1 1/2 teaspoons ground cinnamon,For the glaze:,▢ 1 large egg,▢ 1 teaspoon cold water,▢ 2 tablespoons turbinado (raw) sugar,NA,NA,NA,NA,NA,NA,NA,NA,NA,NA
Small Batch Chocolate Chip Cookies,Heather Perine,5, 13 ,10 minutes,12 minutes,22 minutes,8 cookies,10,▢ 1/2 cup + 1 tablespoons (70 g) all-purpose flour (spoon & leveled),▢ 1/4 teaspoon baking soda,▢ 1/2 teaspoons cornstarch,▢ ¼ teaspoon salt,▢ 3 tablespoons (43 g) unsalted butter melted and slightly cooled,▢ 1/4 cup (50g) packed light brown sugar (or dark brown sugar),▢ 2 Tablespoons granulated sugar,▢ 1 large egg yolk room temperature,▢ 3/4 teaspoon vanilla extract,▢ 1/3 cups (58 g) semi-sweet chocolate chips or chocolate chunks,NA,Boston Girl Bakes,https://www.bostongirlbakes.com/small-batch-chocolate-chip-cookies/,NA,NA,NA,NA,NA,NA,NA,NA,NA,NA,NA,NA,NA,NA,NA
Monster Cookie Bars,Heather Perine,5, 4 ,15 minutes,25 minutes,40 minutes,16 bars,13,▢ 1 ½ cups (180 g) all purpose flour *spooned and leveled,▢ 2 cups (198 g) old fashioned oats *see note,▢ 1 teaspoon baking powder,▢ 1 teaspoon baking soda,▢ ½ teaspoon salt,▢ 1 cups (213 g) packed light brown sugar,▢ 1/2 cup (100 g) granulated white sugar,"▢ 1 cup (2 sticks, 226 g) unsalted butter softened",▢ 2 large eggs room temperature,▢ 2 teaspoons vanilla extract,▢ ½ cup (135 g) smooth peanut butter,Boston Girl Bakes,https://www.bostongirlbakes.com/monster-cookie-bars/,▢ 1 cup (170 g) semi-sweet chocolate chips,▢ 1 cup (170 g) candies (I used a combination of peanut butter cups and M&Ms),NA,NA,NA,NA,NA,NA,NA,NA,NA,NA,NA,NA,NA
Chocolate White Chocolate Chip Cookies,Heather Perine,5, 3 ,10 minutes,12 minutes,22 minutes,24 cookies,10,▢ 2 ½ cups (300 g) all-purpose flour spooned and leveled,▢ ½ cup (42 g) natural unsweetened cocoa powder,▢ 1 teaspoon baking soda,▢ ½ teaspoon salt,"▢ 1 cup (2 sticks, 227 g) unsalted butter softened at room temperature",▢ 1 cup (200 g) granulated sugar,▢ 1 cup (213 g) packed light brown sugar,▢ 2 large egg at room temperature,▢ 2 teaspoon vanilla extract,▢ 12 ounces white chocolate chips,NA,Boston Girl Bakes,https://www.bostongirlbakes.com/chocolate-white-chocolate-chip-cookies/,NA,NA,NA,NA,NA,NA,NA,NA,NA,NA,NA,NA,NA,NA,NA
Pumpkin Chocolate Chip Cookies,Heather Perine,5, 6 ,15 minutes,12 minutes,27 minutes,32 cookies,16,▢ 3 cups (360 g) all purpose flour *spooned and leveled,▢ 2 teaspoons baking powder,▢ 1 teaspoons baking soda,▢ 1 teaspoon salt,▢ 1 teaspoon ground cinnamon,▢ 1/4 teaspoon ground nutmeg,▢ 1/4 teaspoon ground cloves,▢ 1/4 teaspoon ground ginger,"▢ 16 tablespoons (2 sticks, 226 g) unsalted butter softened to room temperature",▢ 1/3 cup (79 g) pumpkin puree,▢ 3/4 cup (158 g) brown sugar (light or dark) packed,Boston Girl Bakes,https://www.bostongirlbakes.com/pumpkin-chocolate-chip-cookies/,▢ 3/4 cup (144 g) granulated sugar,▢ 3 teaspoons vanilla extract,▢ 1 large egg room temperature,▢ 1 large egg yolk room temperature,▢ 1 cup (170 g) mini chocolate chips,NA,NA,NA,NA,NA,NA,NA,NA,NA,NA
Brown Sugar Chocolate Chip Cookies,Heather Perine,4.80, 63 ,10 minutes,9 minutes,19 minutes,30 cookies,9,▢ 3 cups (360 g) all purpose flour spooned and leveled,▢ 1 teaspoon baking soda,▢ 1/2 teaspoon baking powder,▢ 1 teaspoon salt,"▢ 1 cup (2 sticks, 227 g) unsalted butter softened",▢ 2 cups (414 g) packed light brown sugar,▢ 2 large eggs,▢ 2 teaspoons pure vanilla extract,▢ 12 ounces semi-sweet chocolate chips,NA,NA,Boston Girl Bakes,https://www.bostongirlbakes.com/brown-sugar-chocolate-chip-cookies/,NA,NA,NA,NA,NA,NA,NA,NA,NA,NA,NA,NA,NA,NA,NA
Lemon Cookie Recipe,Heather Perine,4.99, 281 ,15 minutes,10 minutes,25 minutes,24 cookies,16,For The Cookies:,"▢ 3 cups (360 g) all-purpose flour, spooned and leveled",▢ 1 teaspoon baking powder,▢ ½ teaspoon baking soda,▢ ½ teaspoon salt,"▢ 1 cup (2 sticks, 226 g) unsalted butter, softened",▢ 1 ¼ cups (250 g) granulated white sugar,▢ 1 teaspoon vanilla extract,▢ 2 tablespoons lemon juice,▢ 1 tablespoon lemon zest,▢ 1 large egg room temperature,Boston Girl Bakes,https://www.bostongirlbakes.com/iced-lemon-cookies/,For The Icing:,▢ 2 cups (228 g) confectioners sugar,▢ 3-4 tablespoons lemon juice,▢ 2 teaspoons lemon zest,▢ ½ teaspoon vanilla extract optional,NA,NA,NA,NA,NA,NA,NA,NA,NA,NA
Reese’s Pieces Chocolate Cookies,Heather Perine,5, 1 ,10 minutes,12 minutes,22 minutes,24 cookies,11,▢ 2 ½ cups (300 g) all-purpose flour *spooned and leveled,▢ ½ cup (42 g) natural unsweetened cocoa powder,▢ 1 teaspoon baking soda,▢ ½ teaspoon salt,"▢ 1 cup (2 sticks, 227 g) unsalted butter softened at room temperature",▢ 1 cup (200 g) granulated sugar,▢ 1 cup (213 g) packed light brown sugar,▢ 2 large egg at room temperature,▢ 2 teaspoon vanilla extract,▢ 1 cup Reese's Pieces,▢ 1 cup (170 g) semi sweet chocolate chips,Boston Girl Bakes,https://www.bostongirlbakes.com/reeses-pieces-chocolate-cookies/,NA,NA,NA,NA,NA,NA,NA,NA,NA,NA,NA,NA,NA,NA,NA
Brown Butter Pumpkin Cookies,Heather Perine,5, 10 ,30 minutes,10 minutes,10 minutes,32 cookies,17,Cookie Dough:,"▢ 8 tablespoons (1 stick, 113 g) unsalted butter",▢ 1 ¾ cups (239 g) bread flour,▢ 1 cup (136 g) all purpose flour,▢ 2 teaspoons baking powder,▢ 1 teaspoons baking soda,▢ 1 teaspoon salt,▢ 2 teaspoons pumpkin pie spice,▢ ½ cup (118 mL) vegetable oil,▢ ⅓ cup (79 mL) pumpkin puree,▢ ¾ cup (158 g) brown sugar (light or dark) packed,Boston Girl Bakes,https://www.bostongirlbakes.com/brown-butter-soft-pumpkin-cookies/,▢ ¾ cup (144 g) granulated sugar,▢ 3 teaspoons vanilla extract,▢ 2 large eggs room temperature,Cookie Coating:,▢ ¼ cup (48 g) granulated sugar,▢ 1 Tablespoon cinnamon,NA,NA,NA,NA,NA,NA,NA,NA,NA
Strawberry Lemonade Cookies,Heather Perine,5, 7 ,45 minutes,10 minutes,55 minutes,24 cookies,18,For The Cookies:,▢ 3 cups (360 g) all-purpose flour spooned and leveled,▢ 1 teaspoon baking powder,▢ ½ teaspoon baking soda,▢ ½ teaspoon salt,"▢ 1 cup (2 sticks, 226 g) unsalted butter softened",▢ 1 ¼ cups (250 g) granulated white sugar,▢ 1 large egg room temperature,▢ 1 teaspoon vanilla extract,▢ 2 tablespoons lemon juice,▢ 1 tablespoon lemon zest,Boston Girl Bakes,https://www.bostongirlbakes.com/strawberry-lemonade-cookies/,For frosting:,"▢ 1 1/4 cups (2 1/2 sticks, 283 g) unsalted butter softened",▢ 2 1/2 cups (283 g) confectioners sugar,▢ 1 ounce freeze dried strawberries pulsed into fine powder,▢ 2 tablespoons heavy cream,▢ 2 teaspoons vanilla extract,▢ Pinch salt,NA,NA,NA,NA,NA,NA,NA,NA
Strawberry Cheesecake Cookies,Heather Perine,5, 6 ,30 minutes,15 minutes,45 minutes,18 cookies,18,For cheesecake filling,▢ 4 ounces (1/2 block) full fat cream cheese softened to room temperature,▢ ¼ cup (28 g) powdered sugar,▢ ½ teaspoon vanilla extract,For the cookies,▢ 3 cup (360 g) all purpose flour *spooned and leveled,▢ 1 teaspoon baking soda,▢ 1 teaspoon salt,"▢ 1 cup (2 sticks, 226 g) unsalted butter, room temperature",▢ 1 cup (213 g) packed light brown sugar,▢ ¼ cup (50 g) granulated sugar,Boston Girl Bakes,https://www.bostongirlbakes.com/strawberry-cheesecake-cookies/,▢ 1 large egg room temperature,▢ 1 large egg yolk room temperature,▢ 2 teaspoons vanilla extract,▢ ½ cup (85 g) white chocolate chips,▢ ½ teaspoon strawberry extract,▢ 1 ounce (about 3/4 cup) freeze dried strawberries broken down into small pieces,▢ pink food coloring optional,NA,NA,NA,NA,NA,NA,NA,NA
Almond Crescent Cookies,Heather Perine,5, 4 ,10 minutes,15 minutes,25 minutes,24 cookies,7,"▢ 1 cup (2 sticks, 226 g) unsalted butter softened",▢ ⅔ cup (134 g) granulated sugar,▢ 2 teaspoons vanilla extract,▢ 2 ½ cups (300 g) all purpose flour spooned and leveled,▢ ¼ teaspoon salt,▢ 1 cup (86 g) finely chopped almonds,▢ ½ cup (60 g) powdered sugar for rolling in or dusting after baking,NA,NA,NA,NA,Boston Girl Bakes,https://www.bostongirlbakes.com/almond-crescent-cookies/,NA,NA,NA,NA,NA,NA,NA,NA,NA,NA,NA,NA,NA,NA,NA
Butterscotch Cookies,Heather Perine,5, 4 ,15 minutes,10 minutes,25 minutes,16 cookies,7,"▢ ½ cup (1 stick, 113 g) salted butter see note",▢ 1 cup (213 g) packed dark brown sugar see note,▢ 1 large egg room temperature,▢ 1 teaspoon vanilla extract,▢ 2 cups (240 g) all purpose flour *spooned and leveled,▢ 1 teaspoon baking soda,▢ ¾ cup (130 g) butterscotch chips,NA,NA,NA,NA,Boston Girl Bakes,https://www.bostongirlbakes.com/butterscotch-cookies/,NA,NA,NA,NA,NA,NA,NA,NA,NA,NA,NA,NA,NA,NA,NA
Apple Cider Cookies,Heather Perine,4.91, 41 ,15 minutes,12 minutes,27 minutes,28 cookies,17,For the cookies:,▢ 3 cups (360 grams) all-purpose flour,▢ 1 teaspoon baking powder,▢ ¼ teaspoon baking soda,▢ 1 ½ teaspoons cinnamon,▢ ½ teaspoon nutmeg,▢ ½ teaspoon table salt,"▢ 1 cup (2 sticks, 226 grams) unsalted butter softened",▢ ½ cup (99 grams) granulated white sugar,▢ ¾ cup (160 grams) light brown sugar,▢ 1 large egg room temperature,Boston Girl Bakes,https://www.bostongirlbakes.com/apple-cider-cookies/,▢ ¼ cup (60 mL) apple cider,▢ 1 apple peeled and diced,For the icing:,▢ 2 cup confectioners sugar,▢ 3 tablespoons apple cider,▢ ½ teaspoon cinnamon,NA,NA,NA,NA,NA,NA,NA,NA,NA
Biscoff Cookies,Heather Perine,5, 1 ,15 minutes,10 minutes,25 minutes,36 cookies,14,▢ 2 ½ cups (300 g) all-purpose flour spooned and leveled,▢ 1 teaspoon baking soda,▢ 1 teaspoon baking powder,▢ 1 teaspoon fine sea salt,▢ 1 teaspoon ground cinnamon,▢ ¼ teaspoon ground nutmeg,"▢ ½ cup (1 stick, 113 g) unsalted butter softened",▢ ¾ cup (202 g) biscoff cookie butter cookie spread,▢ ½ cup (100 g) granulated sugar,▢ 1 cup (213 g) packed light brown sugar,▢ 2 large eggs at room temperature,Boston Girl Bakes,https://www.bostongirlbakes.com/biscoff-cookie-recipe/,▢ 1 large egg yolk room temperature,▢ 2 teaspoons vanilla extract,▢ 2 cups (340 g) white chocolate chips,NA,NA,NA,NA,NA,NA,NA,NA,NA,NA,NA,NA
Reese’s Peanut Butter Cup Cookies,Heather Perine,5, 2 ,15 minutes,8 minutes,43 minutes,50 cookies,13,▢ 1 ¾ cups (210 g) all purpose flour spooned and leveled,▢ 1 teaspoon baking soda,▢ ½ teaspoon baking powder,▢ ½ teaspoon salt,▢ 1 Tablespoon Cornstarch,"▢ 1 cup (2 sticks, 226 g) unsalted butter softened to room temperature",▢ 1 cup (213 g) packed light brown sugar,▢ 1 cup (200 g) granulated sugar,▢ 1 large egg room temperature,▢ 1 ½ teaspoons vanilla extract,▢ 1 cup (270 g) smooth peanut butter creamy,Boston Girl Bakes,https://www.bostongirlbakes.com/reeses-peanut-butter-cup-cookies/,▢ 1 cup mini Reese’s Peanut Butter Cups chopped in half,▢ ½ cup (85 g) semi-sweet chocolate chips,NA,NA,NA,NA,NA,NA,NA,NA,NA,NA,NA,NA,NA
Mermaid Funfetti Cookies,Heather Perine,5, 2 ,15 minutes,10 minutes,25 minutes,30 cookies,12,▢ 2 1/2 cups (300 g) all purpose flour spooned and leveled,▢ 2 teaspoons baking powder,▢ 1 teaspoon salt,▢ 1 Tablespoon cornstarch,"▢ 1 cup (2 sticks, 226 g) unsalted butter softened to room temperature",▢ ¾ cup (150 g) granulated sugar,▢ ½ cup (107 g) packed light brown sugar,▢ 1 large egg room temperature,▢ 1 large egg yolk room temperature,▢ ½ teaspoon vanilla extract,▢ 1 cup mermaid themed baking chips,Boston Girl Bakes,https://www.bostongirlbakes.com/mermaid-funfetti-cookies/,▢ ½ cup sprinkles,NA,NA,NA,NA,NA,NA,NA,NA,NA,NA,NA,NA,NA,NA
Lemon Macarons,Heather Perine,5, 2 ,10 minutes,NA,10 minutes,30 macarons,21,Macaron Shells,▢ 105 grams egg whites,▢ ¼ teaspoon cream of tartar,▢ 105 grams granulated sugar,▢ 140 grams almond flour,▢ 125 grams powdered sugar,▢ Food coloring – either gel or powder,Lemon buttercream,"▢ ½ cup (1 stick, 113 g) unsalted butter room temperature",▢ 1 tablespoon fresh lemon juice,▢ 1 tablespoon grated lemon zest,Boston Girl Bakes,https://www.bostongirlbakes.com/lemon-macarons/,▢ 1 ½ – 2 cups (113-170g)powdered sugar,▢ 1-2 tablespoons heavy cream,▢ ¼ teaspoon Kosher salt or a pinch of table salt,Lemon Curd,▢ 3 large egg yolks,▢ 1/2 cup (50 g) granulated sugar,▢ 3 tablespoons lemon juice,▢ 1 Tablespoon lemon zest,▢ Pinch of salt,▢ 4 tablespoons unsalted butter cold from the refrigerator,NA,NA,NA,NA,NA
Lemon Crinkle Cookies,Heather Perine,4, 4 ,10 minutes,10 minutes,20 minutes,16 cookies,10,"▢ ½ cup (1 stick, 113 g) unsalted Butter, softened",▢ ¾ cup (150 g) granulated Sugar,▢ 1 teaspoon Vanilla Extract,▢ ½ teaspoon Lemon Extract,▢ 2 Tablespoons Lemon Juice,▢ 2 tablespoons Lemon Zest,▢ 2 cups (240 g) all-purpose flour *spooned and leveled,▢ 1 ½ teaspoons Baking Powder,▢ 1 tablespoon Cornstarch,▢ ½ cup (57 g) Powdered Sugar,NA,Boston Girl Bakes,https://www.bostongirlbakes.com/lemon-crinkle-cookies/,NA,NA,NA,NA,NA,NA,NA,NA,NA,NA,NA,NA,NA,NA,NA
Strawberry White Chocolate Chip Cookies,Heather Perine,5, 3 ,10 minutes,12 minutes,22 minutes,24 cookies,9,"▢ ½ cup (1 stick, 113 g) unsalted Butter softened to room temperature",▢ 1 cup (200 g) granulated Sugar,▢ 2 teaspoons Lemon Juice,▢ 1 teaspoon Vanilla Extract,▢ Optional a few drops of Pink Food Dye,▢ 2 cups (240 g) all-purpose Flour,▢ 2 teaspoon Baking Powder,▢ ¾ cup (125 g) Strawberries diced small,▢ ¾ cup (128 g) White Chocolate Chips divided,NA,NA,Boston Girl Bakes,https://www.bostongirlbakes.com/strawberry-white-chocolate-chip-cookies/,NA,NA,NA,NA,NA,NA,NA,NA,NA,NA,NA,NA,NA,NA,NA
Tiramisu Cookies,Heather Perine,5, 1 ,10 minutes,11 minutes,51 minutes,16 -20 large cookies,10,Cookies:,▢ 17.9 ounces (1 bag) snickerdoodle cookie mix cinnamon sugar packet removed (see note),▢ 1 Tablespoon Espresso powder see note,"▢ 1/2 cup (1 stick, 113 g) salted butter melted",▢ 1 large egg,Frosting:,▢ 8 ounces mascarpone cheese room temperature,▢ 8 ounces whipped topping or homemade whipped cream,▢ 2 Tablespoons cheesecake instant pudding mix see note,▢ 2 Tablespoons cocoa powder unsweetened or Dutch process,NA,Boston Girl Bakes,https://www.bostongirlbakes.com/tiramisu-cookies/,NA,NA,NA,NA,NA,NA,NA,NA,NA,NA,NA,NA,NA,NA,NA
Cookie Monster Cookies,Heather Perine,5, 2 ,15 minutes,10 minutes,25 minutes,24 cookies,10,▢ 17.5 ounces (1 bag) of sugar cookie mix,▢ 1 large egg room temperature,"▢ ½ cup (1 stick, 113 g) unsalted butter melted",▢ Blue food coloring,▢ ¼ cup (43 g) white chocolate chips,▢ ¼ cup (43 g) semi sweet chocolate chips,▢ ½ cup Oreo cookies crushed,▢ ½ cup chocolate chip cookies crushed,▢ Extra chips and cookies optional garnish,▢ Candy eyes optional garnish,NA,Boston Girl Bakes,https://www.bostongirlbakes.com/cookie-monster-cookies/,NA,NA,NA,NA,NA,NA,NA,NA,NA,NA,NA,NA,NA,NA,NA
S’mores Chocolate Chip Cookies,Heather Perine,5, 5 ,20 minutes,12 minutes,32 minutes,44 cookies,13,▢ 3 cups (360 g) all-purpose flour *spooned and leveled,▢ 1 teaspoon baking soda,▢ 1 teaspoon salt,"▢ 1 cup (2 sticks, 226 g) unsalted butter softened to room temperature",▢ 1/2 cup (100 g) granulated sugar,▢ 1 1/4 cups (247 g) packed light (or dark) brown sugar,▢ 2 large eggs room temperature,▢ 2 teaspoons vanilla extract,▢ 2 cups (340 g) chocolate chips,▢ 5 Tablespoons (70 g) unsalted butter melted,▢ 44 graham cracker squares,Boston Girl Bakes,https://www.bostongirlbakes.com/smores-chocolate-chip-cookies/,▢ 22 large marshmallows cut in half,▢ 44 Hershey chocolate squares,NA,NA,NA,NA,NA,NA,NA,NA,NA,NA,NA,NA,NA
Butter Cookies,Heather Perine,5, 4 ,15 minutes,15 minutes,NA,36 cookies,8,▢ ¾ cup (150 g) granulated white sugar,"▢ 1 cup (2 sticks, 227 g) unsalted butter softened to room temperature",▢ 1 large egg room temperature,▢ 2 teaspoons vanilla extract,▢ 2 ¼ cups (270 g) all-purpose flour spooned and leveled,▢ ½ teaspoon salt,▢ 2-3 tablespoons milk,▢ Sprinkles optional,NA,NA,NA,Boston Girl Bakes,https://www.bostongirlbakes.com/butter-cookies/,NA,NA,NA,NA,NA,NA,NA,NA,NA,NA,NA,NA,NA,NA,NA
Lady Fingers Recipe,Heather Perine,5, 6 ,20 minutes,15 minutes,35 minutes,36 cookies,7,▢ 4 large eggs separated,▢ ⅔ cup (134 g) granulated sugar,▢ ½ teaspoon vanilla extract,▢ 1 cup (120 g) all purpose flour *spooned and leveled,▢ ½ teaspoon baking powder,▢ 2 Tablespoons cornstarch,▢ Powdered sugar for dusting on top before baking,NA,NA,NA,NA,Boston Girl Bakes,https://www.bostongirlbakes.com/lady-fingers/,NA,NA,NA,NA,NA,NA,NA,NA,NA,NA,NA,NA,NA,NA,NA
Oreo Cheesecake Cookies,Heather Perine,5, 4 ,30 minutes,10 minutes,55 minutes,20 cookies,16,For cheesecake filling,▢ 8 ounces full fat cream cheese softened to room temperature,▢ 1/2 cup (57 g) powdered sugar,▢ 1 teaspoon vanilla extract,For the cookies,▢ 2 3/4 cup (330 g) all purpose flour *spooned and leveled,▢ 1 teaspoon baking soda,▢ 1 teaspoon salt,"▢ 1 cup (2 sticks, 226 g) unsalted butter, room temperature",▢ 1 cup (213 g) packed light brown sugar,▢ 1/4 cup (50 g) granulated sugar,Boston Girl Bakes,https://www.bostongirlbakes.com/oreo-cheesecake-cookies/,▢ 1 large egg room temperature,▢ 1 large egg yolk room temperature,▢ 2 teaspoons vanilla extract,▢ 1 cup (170 g) semi-sweet chocolate chips,▢ 1 cup crushed Oreo cookies about 11-12 cookies,NA,NA,NA,NA,NA,NA,NA,NA,NA,NA
Molasses Cookies,Heather Perine,5, 1 ,20 minutes,10 minutes,30 minutes,24 cookies,13,▢ 2 ½ cups (300 g) all purpose flour *spooned and leveled,▢ 2 teaspoons cornstarch,▢ 2 teaspoons ground ginger,▢ 1 ½ teaspoons baking soda,▢ 1 teaspoon ground cinnamon,▢ ½ teaspoon ground cloves,▢ ½ teaspoon salt,"▢ ½ cup (1 stick, 113 g) unsalted butter, softened to room temperature",▢ ¼ cup (50 g) granulated white sugar *plus more for rolling in before baking,▢ ¾ cup (160 g) light brown sugar,▢ 1 large egg room temperature,Boston Girl Bakes,https://www.bostongirlbakes.com/molasses-cookies/,▢ ⅓ cup (113 g) unsulphured molasses – I used Grandma’s,▢ 1 teaspoon vanilla extract,NA,NA,NA,NA,NA,NA,NA,NA,NA,NA,NA,NA,NA
Chocolate M&M Cookies,Heather Perine,5, 1 ,10 minutes,12 minutes,22 minutes,24 cookies,11,▢ 2 ½ cups (300 g) all-purpose flour,▢ ½ cup (42 g) natural unsweetened cocoa powder,▢ 1 teaspoon baking soda,▢ ½ teaspoon salt,"▢ 1 cup (2 sticks, 227 g) unsalted butter softened at room temperature",▢ 1 cup (200 g) granulated sugar,▢ 1 cup (213 g) packed light brown sugar,▢ 2 large egg at room temperature,▢ 2 teaspoons vanilla extract,▢ 1 cup M&M candies,▢ 1 cup semi sweet chocolate chips,Boston Girl Bakes,https://www.bostongirlbakes.com/chocolate-mm-cookies/,NA,NA,NA,NA,NA,NA,NA,NA,NA,NA,NA,NA,NA,NA,NA
Chocolate Chip Snowball Cookies,Heather Perine,5, 4 ,20 minutes,12 minutes,32 minutes,20 cookies,6,▢ 1 cup (2 sticks. 226 g) unsalted butter softened to room temperature,▢ 2 2/3 cups (300 g) powdered (or confectioners) sugar *divided,▢ 1 teaspoon vanilla extract,▢ 2 1/4 cups (270 g) all purpose flour,▢ 1 cup miniature chocolate chips,▢ 1/4 teaspoon salt,NA,NA,NA,NA,NA,Boston Girl Bakes,https://www.bostongirlbakes.com/chocolate-chip-snowball-cookies/,NA,NA,NA,NA,NA,NA,NA,NA,NA,NA,NA,NA,NA,NA,NA
Royal Icing,Heather Perine,5, 4 ,10 minutes,0 minutes,10 minutes,3 cups,4,▢ 1 teaspoon vanilla extract,▢ 10-12 tablespoons warm water,▢ 4 cups (450 g) confectioner’s sugar sifted,▢ 3 tablespoons meringue powder,NA,NA,NA,NA,NA,NA,NA,Boston Girl Bakes,https://www.bostongirlbakes.com/royal-icing/,NA,NA,NA,NA,NA,NA,NA,NA,NA,NA,NA,NA,NA,NA,NA
Simple Cookie Glaze,Heather Perine,5, 3 ,5 minutes,0 minutes,5 minutes,0.75 cup,5,▢ 2 cups (227 g) confectioners' sugar sifted,▢ 2 tablespoons light corn syrup,▢ 3 tablespoons milk,▢ 1 teaspoon vanilla extract,▢ Food coloring optional,NA,NA,NA,NA,NA,NA,Boston Girl Bakes,https://www.bostongirlbakes.com/simple-cookie-glaze/,NA,NA,NA,NA,NA,NA,NA,NA,NA,NA,NA,NA,NA,NA,NA
Double Chocolate Crinkle Cookies,Heather Perine,5, 17 ,15 minutes,10 minutes,25 minutes,16 cookies,10,▢ 1 cup (200 g) granulated sugar,▢ 1/2 cup (42 g) cocoa powder *see note,"▢ ¼ cup (1/2 stick, 57 g) unsalted butter melted",▢ 2 large eggs,▢ 1 ½ teaspoons vanilla extract,▢ 2 ounces bittersweet or semi-sweet chocolate melted,▢ 1 cups (120 g) all-purpose flour spooned and leveled,▢ 1 teaspoons baking powder,▢ ¼ teaspoon salt,▢ ¼ cup (28 g) confectioners' sugar,NA,Boston Girl Bakes,https://www.bostongirlbakes.com/double-chocolate-crinkle-cookies/,NA,NA,NA,NA,NA,NA,NA,NA,NA,NA,NA,NA,NA,NA,NA
Gingerbread Cookies,Heather Perine,5, 10 ,45 minutes,10 minutes,55 minutes,36 cookies,12,For the cookies,"▢ 3/4 cup (170 grams, 12 Tablespoons) unsalted butter melted, and slightly cooled",▢ 3/4 cup (255 grams) molasses I used Grandma’s brand,▢ 3/4 cup (160 grams) light brown sugar packed,▢ 1 teaspoon salt,▢ 2 teaspoons ground cinnamon,▢ 2 teaspoons ground ginger,▢ 1/4 teaspoon ground cloves,▢ 1 large egg room temperature,▢ 1 teaspoon baking powder,▢ 1/2 teaspoon baking soda,Boston Girl Bakes,https://www.bostongirlbakes.com/gingerbread-cutout-hug-cookies/,▢ 3 1/2 cups (420 grams) all-purpose flour,NA,NA,NA,NA,NA,NA,NA,NA,NA,NA,NA,NA,NA,NA
Snickerdoodle Cookie Recipe,Heather Perine,4.84, 12 ,10 minutes,10 minutes,20 minutes,24 cookies,12,Cookies,"▢ 1 cup (2 sticks, 226 g) unsalted butter, softened",▢ 1 ½ cups (300 g) granulated white sugar,▢ 2 large eggs room temperature,▢ 2 teaspoons vanilla extract,▢ 2 3/4 cups (330 g) all-purpose flour,▢ 2 teaspoons cream of tartar,▢ 1 teaspoons baking soda,▢ ¼ teaspoon table salt,Coating,▢ 4 tablespoons granulated white sugar,Boston Girl Bakes,https://www.bostongirlbakes.com/easy-snickerdoodle-cookie-recipe/,▢ 4 teaspoons ground cinnamon,NA,NA,NA,NA,NA,NA,NA,NA,NA,NA,NA,NA,NA,NA
Andes Mint Cookies,Heather Perine,5, 17 ,10 minutes,12 minutes,22 minutes,24 cookies,12,▢ 2 ½ cups (300 g) all-purpose flour,▢ ½ cup (42 g) natural unsweetened cocoa powder,▢ 1 teaspoon baking soda,▢ ½ teaspoon salt,"▢ 1 cup (2 sticks, 227 g) unsalted butter softened at room temperature",▢ 1 cup (200 g) granulated sugar,▢ 1 cup (213 g) packed light brown sugar,▢ 2 large egg at room temperature,▢ 2 teaspoon vanilla extract,▢ ½ teaspoon peppermint extract,▢ 1 cup chopped Andes candies,Boston Girl Bakes,https://www.bostongirlbakes.com/andes-mint-cookies/,▢ 1 cup semi sweet chocolate chips,NA,NA,NA,NA,NA,NA,NA,NA,NA,NA,NA,NA,NA,NA
Why Are My Cookies Flat?,Heather Perine,5, 6 ,20 minutes,20 minutes,40 minutes,18 large 5-inch cookies,12,▢ 2 cups minus 2 tablespoons (8 1/2 ounces) cake flour,▢ 1 ⅔ cups (8 1/2 ounces) bread flour,▢ 1 ¼ teaspoons baking soda,▢ 1 ½ teaspoons baking powder,▢ 1 ½ teaspoons coarse salt,▢ 2 ½ sticks (1 1/4 cups) unsalted butter,▢ 1 ¼ cups (10 ounces) light brown sugar,▢ 1 cup plus 2 tablespoons (8 ounces) granulated sugar,▢ 2 large eggs,▢ 2 teaspoons pure vanilla extract,▢ 1 ¼ pounds chopped chocolate see note,Boston Girl Bakes,https://www.bostongirlbakes.com/8-reasons-your-cookies-spread-too-much/,▢ 8 ounces semi-sweet chocolate for dipping after baking,NA,NA,NA,NA,NA,NA,NA,NA,NA,NA,NA,NA,NA,NA
Oatmeal Butterscotch Cookie Recipe,Heather Perine,5, 15 ,15 minutes,20 minutes,35 minutes,48 cookies (or 20-22 large),11,▢ 2 cups (240 g) all purpose flour *spooned and leveled,▢ 1 teaspoon baking soda,▢ 1 teaspoon salt,▢ 1 teaspoon cinnamon,"▢ 1 cup (2 sticks, 226 g) unsalted butter melted and slightly cooled",▢ 1 cup (213 g) packed light brown sugar,▢ 1/2 cup (100 g) granulated white sugar,▢ 2 large eggs room temperature,▢ 2 teaspoons vanilla extract,▢ 2 cups (200 g) old-fashioned oats,▢ 2 cups (340 g) butterscotch chips,Boston Girl Bakes,https://www.bostongirlbakes.com/oatmeal-butterscotch-cookie-recipe/,NA,NA,NA,NA,NA,NA,NA,NA,NA,NA,NA,NA,NA,NA,NA
White Chocolate Cranberry Oatmeal Cookies,Heather Perine,5, 14 ,15 minutes,20 minutes,35 minutes,48 cookies (or 20-22 large),11,▢ 2 cups (240 g) all purpose flour *spooned and leveled,▢ 1 teaspoon baking soda,▢ 1 teaspoon salt,"▢ 1 cup (2 sticks, 226 g) unsalted butter melted and slightly cooled",▢ 1 cup (213 g) packed light brown sugar,▢ 1/2 cup (100 g) granulated white sugar,▢ 2 large eggs room temperature,▢ 2 teaspoons vanilla extract,▢ 2 cups (200 g) old-fashioned oats,▢ 1 cup (170 g) white chocolate chips,▢ 1 cup (114 g) dried cranberries,Boston Girl Bakes,https://www.bostongirlbakes.com/white-chocolate-cranberry-oatmeal-cookies/,NA,NA,NA,NA,NA,NA,NA,NA,NA,NA,NA,NA,NA,NA,NA
Oatmeal Chocolate Chip Cookies,Heather Perine,5, 11 ,15 minutes,20 minutes,35 minutes,48 cookies,10,▢ 2 cups (240 g) all purpose flour spooned and leveled,▢ 1 teaspoon baking soda,▢ 1 teaspoon salt,"▢ 1 cup (2 sticks, 226 g) unsalted butter melted and slightly cooled",▢ 1 cup (213 g) packed light brown sugar,▢ ½ cup (100 g) granulated white sugar,▢ 2 large eggs room temperature,▢ 1 teaspoon vanilla extract,▢ 2 cups (200g) oats old fashioned or quick,▢ 1 ½ cups (234 g) chocolate chips,NA,Boston Girl Bakes,https://www.bostongirlbakes.com/oatmeal-chocolate-chip-cookie-recipe/,NA,NA,NA,NA,NA,NA,NA,NA,NA,NA,NA,NA,NA,NA,NA
Oatmeal Raisin Cookies,Heather Perine,5, 21 ,15 minutes,20 minutes,35 minutes,48 cookies (or 20-22 large),11,▢ 2 cups (240 g) all purpose flour *spooned and leveled,▢ 1 teaspoon baking soda,▢ 1 teaspoon salt,▢ 1 teaspoon cinnamon,"▢ 1 cup (2 sticks, 226 g) unsalted butter melted and slightly cooled",▢ 1 cup (213 g) packed light brown sugar,▢ ½ cup (100 g) granulated white sugar,▢ 2 large eggs room temperature,▢ 2 teaspoons vanilla extract,▢ 2 cups (200 g) old-fashioned oats,▢ 1 ½ cups (234 g) raisins,Boston Girl Bakes,https://www.bostongirlbakes.com/bakery-style-oatmeal-raisin-cookies/,NA,NA,NA,NA,NA,NA,NA,NA,NA,NA,NA,NA,NA,NA,NA
Chocolate Rolo Cookies,Heather Perine,5, 25 ,20 minutes,10 minutes,NA,12 cookies,11,▢ 1 cup plus 2 tablespoons (135 g) all-purpose flour,▢ 1/4 cup (21 g) unsweetened cocoa powder,▢ 1/2 teaspoon baking soda,▢ 1/4 teaspoon salt,"▢ 1/2 cup (1 stick, 113 g) unsalted butter softened at room temperature",▢ 1/3 cup plus 2 tablespoons (92 g) granulated sugar,▢ 1/3 cup plus 2 tablespoons (98 g) packed light brown sugar,▢ 1 large egg at room temperature,▢ 1 1/2 teaspoons vanilla extract,▢ 12 Rolo Candies,▢ Sea Salt for sprinkling on after baking,Boston Girl Bakes,https://www.bostongirlbakes.com/sea-salt-rolo-stuffed-chocolate-cookies/,NA,NA,NA,NA,NA,NA,NA,NA,NA,NA,NA,NA,NA,NA,NA
Old Fashioned Peanut Butter Cookies,Heather Perine,5, 36 ,15 minutes,10 minutes,25 minutes,24 cookies,9,▢ 1 3/4 cups (210 g) all purpose flour spooned and leveled,▢ 1/2 teaspoon baking soda,▢ 1/2 teaspoon salt,▢ 1/4 cup (50 g) granulated sugar plus additional sugar to roll cookies in,▢ 3/4 cup (160 g) packed light brown sugar,"▢ 1/2 cup (1 stick, 113) unsalted butter softened to room temperature",▢ 1 large egg room temperature,▢ 1 cup (270 g) smooth peanut butter,▢ 1 teaspoon vanilla extract,NA,NA,Boston Girl Bakes,https://www.bostongirlbakes.com/old-fashioned-peanut-butter-cookies/,NA,NA,NA,NA,NA,NA,NA,NA,NA,NA,NA,NA,NA,NA,NA
Cream Cheese Sugar Cookies,Heather Perine,5, 14 ,20 minutes,10 minutes,30 minutes,42 cookies,10,▢ 3 cups (360 grams) all-purpose flour *spooned and leveled,▢ 1 teaspoon baking powder,▢ 1/4 teaspoon baking soda,▢ 1/2 teaspoon salt,"▢ 1 cup (226 grams, 2 sticks) unsalted butter softened to room temperatuer",▢ 1 1/4 cups (250 grams) granulated white sugar,"▢ 1/4 cup (2 ounces, 57 grams) cream cheese softened",▢ 1 large egg room temperature,▢ 1 1/2 teaspoons vanilla extract,▢ 3/4 cup sprinkles for rolling in optional,NA,Boston Girl Bakes,https://www.bostongirlbakes.com/sprinkle-sugar-cookies/,NA,NA,NA,NA,NA,NA,NA,NA,NA,NA,NA,NA,NA,NA,NA
Oatmeal Cream Pies,Heather Perine,5, 17 ,30 minutes,10 minutes,40 minutes,12 -14 servings,18,For the oatmeal cream pies:,▢ 2 ¼ cups (270 g) all-purpose flour *spooned and leveled,▢ 1 teaspoon baking soda,▢ 1 teaspoon salt,▢ ½ teaspoon cinnamon,"▢ 1 cup (2 sticks, 226 g) unsalted butter softened to room temperature",▢ 1 cup (213 g) light brown sugar,▢ ½ cup (100 g) granulated white sugar,▢ 2 large eggs room temperature,▢ 2 teaspoons vanilla extract,▢ 1 Tablespoon molasses *see note,Boston Girl Bakes,https://www.bostongirlbakes.com/oatmeal-cream-pies/,▢ 2 cups (198 g) quick oats *see note,For the marshmallow filling:,"▢ 1 ¼ cups (2 ½ sticks, 283 g) unsalted butter, softened to room temperature",▢ 2 ½ cups (283 g) confectioners sugar,▢ 7 ounces marshmallow fluff,▢ 2 teaspoons vanilla extract,▢ ⅛ teaspoon salt,NA,NA,NA,NA,NA,NA,NA,NA
Chocolate Chip Cookie Cake,Heather Perine,5, 15 ,40 minutes,28 minutes,8 minutes,12 servings,18,For the cookie cake:,"▢ 2 cups (250 g) all-purpose flour, spooned and leveled",▢ ½ teaspoon baking soda,▢ ¾ teaspoon salt,"▢ ¾ cup (1 ½ sticks, 170 g) unsalted butter, softened",▢ ¾ cup (150 g) packed light brown sugar,▢ ¼ cup (50 g) granulated sugar,▢ 1 large egg room temperature,▢ 1 large egg yolk at room temperature,▢ 1 teaspoon vanilla extract,▢ 1 cup (190 g) semi-sweet chocolate chips,Boston Girl Bakes,https://www.bostongirlbakes.com/chocolate-chip-cookie-cake/,For the frosting:,"▢ 10 Tablespoons (141 grams) unsalted butter, softened",▢ 1 ¼ cups (141 grams) powdered sugar,▢ 6 Tablespoons (31 g) cocoa powder natural or Dutch process,▢ 2 Tablespoons heavy cream,▢ 1 teaspoon vanilla extract,▢ 1/8 teaspoon salt,NA,NA,NA,NA,NA,NA,NA,NA
Chocolate Whoopie Pies,Heather Perine,5, 18 ,40 minutes,13 minutes,53 minutes,12 whoopie pies,16,For the whoopie pies,▢ 2 cups (250 g) all-purpose flour spooned and leveled,▢ ½ cup (45 g) natural unsweetened cocoa powder,▢ 1 teaspoon baking soda,▢ ½ teaspoon instant espresso powder optional,▢ ½ teaspoon salt,"▢ ½ cup (1 stick, 113 g) unsalted butter softened to room temperature",▢ 1 cup (200 g) packed light brown sugar,▢ 1 large egg at room temperature,▢ 1 ½ teaspoons vanilla extract,▢ 1 cup (240 ml) buttermilk at room temperature,Boston Girl Bakes,https://www.bostongirlbakes.com/chocolate-whoopie-pies/,For the frosting:,"▢ ¾ cup (1 ½ sticks, 170 g) unsalted butter softened",▢ 1 ½ cups (170 g) powdered sugar,▢ 1 ½ Tablespoons heavy cream,▢ 1 ½ teaspoons vanilla extract,NA,NA,NA,NA,NA,NA,NA,NA,NA,NA
Chocolate Covered Oreos,Heather Perine,5, 9 ,15 minutes,5 minutes,35 minutes,36 oreos,3,▢ 1 package oreo cookies about 36 cookies,▢ 24 ounces candy melts *see note,▢ Sprinkles optional,NA,NA,NA,NA,NA,NA,NA,NA,Boston Girl Bakes,https://www.bostongirlbakes.com/chocolate-covered-oreos/,NA,NA,NA,NA,NA,NA,NA,NA,NA,NA,NA,NA,NA,NA,NA
Eggless Chocolate Chip Cookies,Heather Perine,5, 9 ,15 minutes,10 minutes,25 minutes,12 -14 cookies,10,▢ 2 Tablespoons cornstarch,▢ 2 Tablespoons water,▢ 1 ½ cups (180 g) all-purpose flour,▢ ½ teaspoon baking soda,▢ ½ teaspoon salt,"▢ 1/2 cup (1 stick, 113 g) unsalted butter softened",▢ ½ cup (107 g) packed light brown sugar,▢ ¼ cup (50 g) granulated sugar,▢ 1 teaspoon vanilla extract,▢ 1 cup (170 g) semi-sweet chocolate chips,NA,Boston Girl Bakes,https://www.bostongirlbakes.com/eggless-chocolate-chip-cookies/,NA,NA,NA,NA,NA,NA,NA,NA,NA,NA,NA,NA,NA,NA,NA
Browned Butter Chocolate Chip Cookies,Heather Perine,5, 12 ,30 minutes,10 minutes,40 minutes,24 cookies,10,"▢ 1 cup (2 sticks, 226 g) salted butter",▢ 2 1/2 cups (300 g) all-purpose flour,▢ 1 teaspoon baking soda,▢ 1 teaspoon kosher salt,▢ 1 cup ( 213 g) packed light brown sugar,▢ 1/2 cup (99 g) granulated sugar,▢ 2 large eggs whisked,▢ 2 teaspoons vanilla extract,▢ 2 cups 340 g) semi-sweet chocolate chips,"▢ flaked sea salt (for sprinkling), optional",NA,Boston Girl Bakes,https://www.bostongirlbakes.com/salted-browned-butter-chocolate-chip-cookies/,NA,NA,NA,NA,NA,NA,NA,NA,NA,NA,NA,NA,NA,NA,NA
Peppermint Meringue Cookies,Heather Perine,5, 2 ,15 minutes,45 minutes,NA,48 cookies,5,"▢ 3 egg whites large, at room temperature",▢ 1/4 teaspoon cream of tartar,▢ 2/3 cup (133 g) granulated sugar,▢ 1/4 teaspoon peppermint extract,▢ Drops of red food coloring optional,NA,NA,NA,NA,NA,NA,Boston Girl Bakes,https://www.bostongirlbakes.com/peppermint-meringue-cookies/,NA,NA,NA,NA,NA,NA,NA,NA,NA,NA,NA,NA,NA,NA,NA
Flourless Chocolate Walnut Cookies,Heather Perine,5, 3 ,20 minutes,15 minutes,35 minutes,24 cookies,8,▢ 3 cups (360 g) confectioners’ sugar,▢ 1/2 cup plus 3 tablespoons (69 g) unsweetened Dutch-process cocoa powder,▢ 1/2 teaspoon espresso powder,▢ 1/2 teaspoon salt,▢ 3/4 cup (128 g) miniature chocolate chips,▢ 2 cups (230 g) walnut halves toasted and chopped,▢ 4 large egg whites at room temperature,▢ 1 tablespoon pure vanilla extract,NA,NA,NA,Boston Girl Bakes,https://www.bostongirlbakes.com/flourless-chocolate-walnut-cookies/,NA,NA,NA,NA,NA,NA,NA,NA,NA,NA,NA,NA,NA,NA,NA
Whole Wheat Chocolate Chip Cookies,Heather Perine,4.88, 8 ,10 minutes,10 minutes,20 minutes,24 cookies,10,▢ 3 cups (339 g) whole wheat flour,▢ 1 tsp baking soda,▢ 1½ tsp baking powder,▢ 1½ tsp kosher salt,"▢ 1 cup (2 sticks, 226 g) unsalted butter softened",▢ 1/2 cup (99 g) granulated white sugar,▢ 1 1/2 cups (320 g) light brown sugar,▢ 2 tsp vanilla extract,▢ 2 large eggs room temperature,"▢ 2 cups (12 oz, 340 g) semi-sweet chocolate chips",NA,Boston Girl Bakes,https://www.bostongirlbakes.com/whole-wheat-chocolate-chip-cookies/,NA,NA,NA,NA,NA,NA,NA,NA,NA,NA,NA,NA,NA,NA,NA
Homemade Graham Crackers Recipe,Heather Perine,5, 1 ,20 minutes,20 minutes,10 minutes,20 cookies,11,▢ 2¼ cups (270 g) all-purpose flour,▢ ¼ cup (27 g) whole wheat flour,▢ ¼ tsp cinnamon,▢ ¼ tsp baking soda,▢ ¼ tsp salt,▢ ½ cup (1 stick) unsalted butter at room temperature,▢ ½ cup (99 g) granulated sugar,▢ ¼ cup (53 g) light brown sugar packed,▢ 1 tsp. vanilla extract,▢ 1/4 cup water,▢ ¼ cup turbinado sugar or substitute with regular brown sugar or granulated sugar,Boston Girl Bakes,https://www.bostongirlbakes.com/old-fashioned-graham-crackers/,NA,NA,NA,NA,NA,NA,NA,NA,NA,NA,NA,NA,NA,NA,NA
Levain Bakery Chocolate Chip Walnut Cookies,Heather Perine,5, 9 ,10 minutes,10 minutes,20 minutes,12 cookies,12,▢ 1 cup (2 sticks) Cold Unsalted Butter cut into small cubes,▢ 1 cup (213 g) Light Brown Sugar,▢ 1/2 cup (99 g) Granulated Sugar,▢ 2 large Eggs,▢ 2 teaspoons vanilla extract,▢ 1 1/2 cups (180 g) Cake Flour,▢ 1 1/2 cups (180 g) All Purpose Flour,▢ 1 teaspoon Cornstarch,▢ 3/4 teaspoon Baking Soda,▢ 3/4 teaspoon Salt,▢ 2 cups Semi-sweet Chocolate Chips,Boston Girl Bakes,https://www.bostongirlbakes.com/levain-bakery-chocolate-chip-cookies/,▢ 2 cups Walnuts roughly chopped,NA,NA,NA,NA,NA,NA,NA,NA,NA,NA,NA,NA,NA,NA
Flourless Chocolate Cookies,Heather Perine,4.60, 5 ,25 minutes,10 minutes,35 minutes,12 -14 cookies,7,▢ 1 1/2 cups (225 g) semi-sweet or bittersweet chocolate chips divided,▢ 3 large egg whites room temperature,▢ 2 cups (240 g) powdered sugar divided,▢ 1/2 cup (42 g) unsweetened cocoa powder,▢ 1 tablespoon cornstarch,▢ 1/4 teaspoon salt,▢ additional powdered sugar for rolling,NA,NA,NA,NA,Boston Girl Bakes,https://www.bostongirlbakes.com/flourless-fudge-cookies/,NA,NA,NA,NA,NA,NA,NA,NA,NA,NA,NA,NA,NA,NA,NA
Ginger Molasses Cookies,Heather Perine,5, 8 ,30 minutes,10 minutes,40 minutes,24 cookies,10,▢ 2 ¼ cups (270 g) all purpose flour,▢ 1 ½ teaspoons ground ginger,▢ 1 ½ teaspoons baking soda,▢ 1 teaspoon cinnamon,▢ ½ teaspoon table salt,"▢ ½ cup (1 stick, 113 g) unsalted butter, softened",▢ ½ cup (99 g) granulated white sugar,▢ ½ cup (107 g) light brown sugar,▢ 1 large egg room temperature,▢ ⅓ cup (113 g) unsulphured molasses – I used Grandma’s,NA,Boston Girl Bakes,https://www.bostongirlbakes.com/ginger-molasses-cookies/,NA,NA,NA,NA,NA,NA,NA,NA,NA,NA,NA,NA,NA,NA,NA
Red Velvet White Chocolate Chip Cookies,Heather Perine,5, 9 ,15 minutes,10 minutes,25 minutes,18 cookies,13,"▢ 2 cups (8 ½ ounces, 240 g) all-purpose flour","▢ 1/4 cup (¾ ounces, 21 g) unsweetened cocoa powder",▢ 1 teaspoon baking soda,▢ ½ teaspoon baking powder,▢ ½ teaspoon table salt,"▢ ½ cup (1 stick,113 g unsalted butter) softened","▢ ¾ cup (5 ½ ounces, 160 g) light brown sugar","▢ ¼ cup (1 ¾ ounces, 50 g) granulated white sugar",▢ 1 large egg room temperature,▢ 1 ½ tablespoons buttermilk or regular milk,▢ 1 ½ teaspoons vanilla extract,Boston Girl Bakes,https://www.bostongirlbakes.com/red-velvet-white-chocolate-chip-cookies/,▢ 1 tablespoon red food coloring,"▢ 1 cup (6 ounces, 170 g) white chocolate chips",NA,NA,NA,NA,NA,NA,NA,NA,NA,NA,NA,NA,NA
Nutella Stuffed Peanut Butter Cookies,Heather Perine,5, 2 ,NA,10 minutes,10 minutes,24 cookies,10,▢ 1/4 cup (50 g) granulated sugar plus additional sugar to roll cookies in,▢ 3/4 cup (160 g) packed light brown sugar,"▢ 8 tbsp (1 stick,, 113 g) unsalted butter softened to room temperature",▢ 1 large egg room temperature,▢ 1 cup (270 g) smooth peanut butter,▢ 1 teaspoon vanilla,▢ 1/2 teaspoon salt,▢ 1/2 teaspoon baking soda,▢ 1 1/2 cups (180 g) all purpose flour,▢ 1/2 cup (160 g) Nutella,NA,Boston Girl Bakes,https://www.bostongirlbakes.com/nutella-stuffed-peanut-butter-cookies-gluten-free/,NA,NA,NA,NA,NA,NA,NA,NA,NA,NA,NA,NA,NA,NA,NA
Peanut Butter Nutella Cookies,Heather Perine,Noratingsyet,,10 minutes,10 minutes,20 minutes,24 cookies,11,▢ 1/4 cup granulated white sugar,▢ 3/4 cup brown sugar,▢ 8 tablespoons unsalted butter softened,▢ 1 large egg,▢ 1 cup creamy peanut butter,▢ 1 teaspoon vanilla,▢ 1/2 teaspoon baking soda,▢ 1/2 teaspoon salt,▢ 1 1/2 cups all purpose flour,▢ 1/2 cup Nutella,▢ 1/4 cup sugar for dipping,Boston Girl Bakes,https://www.bostongirlbakes.com/peanut-butter-nutella-cookies-gluten-free-too/,NA,NA,NA,NA,NA,NA,NA,NA,NA,NA,NA,NA,NA,NA,NA
Peanut Butter M&M Cookies,Heather Perine,5, 1 ,10 minutes,15 minutes,25 minutes,24 cookies,11,▢ 1/4 cup granulated white sugar plus additional sugar to roll cookies in,▢ 3/4 cup brown sugar,"▢ 8 tbsp unsalted softened butter 1 stick, 4 ounces",▢ 1 egg,▢ 1 cup smooth peanut butter,▢ 1 teaspoon vanilla,▢ 1/2 teaspoon salt,▢ 1/2 teaspoon baking soda,▢ 1 1/2 cups flour,▢ 1 cup miniature chocolate chips,▢ 1 cup peanut M&M's,Boston Girl Bakes,https://www.bostongirlbakes.com/peanut-butter-mm-cookies/,NA,NA,NA,NA,NA,NA,NA,NA,NA,NA,NA,NA,NA,NA,NA
M&M Christmas Cookies,Heather Perine,5, 3 ,15 minutes,10 minutes,25 minutes,16 cookies,12,▢ 1 1/2 cups (180 g) all purpose flour,▢ 2 teaspoons cornstarch,▢ 1/2 teaspoon baking soda,▢ 1/4 teaspoon salt,"▢ 8 tablespoons (1 stick, 113 g) unsalted butter softened",▢ 3/4 cup (160 g) packed light brown sugar,▢ 1/4 cup (50 g) granulated white sugar,▢ 1 large egg room temperature,▢ 1 1/2 teaspoons vanilla extract,▢ 1 cup M&M chocolate candies,▢ 1 cup semi-sweet chocolate chips,Boston Girl Bakes,https://www.bostongirlbakes.com/mm-christmas-cookies-baking-with-jord-watches/,▢ 1/2 cup sprinkles,NA,NA,NA,NA,NA,NA,NA,NA,NA,NA,NA,NA,NA,NA
Double Chocolate Cookies,Heather Perine,Noratingsyet,,15 minutes,11 minutes,41 minutes,12 large cookies,11,"▢ 1 cup (226 g, 2 sticks) Cold Unsalted Butter cut into small cubes",▢ 1 cup (213 g) packed light brown Sugar,▢ ½ cup (99 g) granulated white sugar,▢ 2 large eggs,▢ ½ cup (42 g) dark Baking Cocoa powder,▢ 1 cup (120 g) Cake Flour,▢ 1½ cup (180 g) All-Purpose Flour,▢ 1 teaspoon Cornstarch,▢ ¾ teaspoon Baking Soda,▢ ½ teaspoon Kosher Salt,▢ 1⅓ cup (226 g) Semisweet Chocolate Chips,Boston Girl Bakes,https://www.bostongirlbakes.com/dark-chocolate-chip-cookies-recipe/,NA,NA,NA,NA,NA,NA,NA,NA,NA,NA,NA,NA,NA,NA,NA
Reese’s Peanut Butter Cookies,Heather Perine,5, 2 ,15 minutes,10 minutes,25 minutes,24 cookies,11,▢ 1 1/2 cups (180 g) all-purpose flour,▢ 1/2 teaspoon baking soda,▢ 1/2 teaspoon salt,▢ 1/4 cup (50 g) granulated sugar plus additional sugar to roll cookies in,▢ 3/4 cup (160 g) packed light brown sugar,"▢ 1/2 cup (1 stick, 113) unsalted butter softened to room temperature",▢ 1 large egg room temperature,▢ 1 cup (135 g) smooth peanut butter,▢ 1 teaspoon vanilla extract,▢ 1 cup (170 ) peanut butter chips,▢ 1 cup Reese's pieces,Boston Girl Bakes,https://www.bostongirlbakes.com/reeses-peanut-butter-cookie-recipe/,NA,NA,NA,NA,NA,NA,NA,NA,NA,NA,NA,NA,NA,NA,NA
Chocolate Baileys Macarons,Heather Perine,5, 1 ,40 minutes,15 minutes,55 minutes,16 macarons,19,For the macaron shells,▢ 1 packed cup (145) grams almond flour,▢ 2/3 packed cup (145) grams confectioners’ sugar,▢ 1/4 cup 25 grams Dutch-process cocoa powder,▢ pinch fine sea salt,▢ 1 tablespoon (5 grams) powdered egg white,▢ 3/4 cup (150 grams) granulated sugar,"▢ 1/2 cup (115 grams) aged egg whites, about 4 eggs",▢ 1/2 teaspoon 3 grams cream of tartar,For the filling,▢ 4 ounces bittersweet or semi-sweet chocolate chopped,Boston Girl Bakes,https://www.bostongirlbakes.com/chocolate-baileys-macarons/,▢ 2 ounces heavy cream,▢ 2 ounces Bailey’s Irish Cream,▢ Silicone Baking Mat,▢ Kitchen Scale,▢ Mixer,▢ Food Processor,▢ 18-inch piping bags,▢ Round Tip,NA,NA,NA,NA,NA,NA,NA
Chocolate M&M Pecan Cookies,Heather Perine,Noratingsyet,,15 minutes,12 minutes,27 minutes,24 cookies,11,▢ 2 1/2 cups (300 grams) all-purpose flour,▢ 1 teaspoon baking soda,▢ 3/4 teaspoon salt,▢ 16 Tablespoons (226 grams) unsalted butter melted and cooled slightly,▢ 1 1/2 cups (320 grams) packed light brown sugar,▢ 1/2 cup (42 grams) natural cocoa powder not Dutch-process,▢ 2 large eggs lightly beaten,▢ 1 1/2 teaspoons vanilla extract,▢ 1/2 cup (85 grams) semi-sweet or bittersweet chocolate chips,▢ 1 cup (85 grams) M&M’s,▢ 1 cup (128 grams) pecans toasted and chopped,Boston Girl Bakes,https://www.bostongirlbakes.com/super-chunky-chocolate-cookies/,NA,NA,NA,NA,NA,NA,NA,NA,NA,NA,NA,NA,NA,NA,NA
French Madeleines,Heather Perine,5, 1 ,20 minutes,10 minutes,30 minutes,18 cakes,6,▢ 3/4 cup (148 g) granulated sugar,▢ 3/4 cup (90 g) all purpose flour,▢ 1/2 teaspoon baking powder,▢ 1 tablespoon lemon zest,▢ 4 large egg whites room temperature,"▢ 1/2 cup (113 g, 8 Tablespoons) unsalted butter melted",NA,NA,NA,NA,NA,Boston Girl Bakes,https://www.bostongirlbakes.com/make-french-madeleines/,NA,NA,NA,NA,NA,NA,NA,NA,NA,NA,NA,NA,NA,NA,NA
Red Velvet Chocolate Chip Snowball Cookies,Heather Perine,5, 1 ,10 minutes,20 minutes,30 minutes,48 cookies,8,▢ 2 cups all-purpose flour,▢ 1/4 cup sugar,▢ 1 cup butter softened,▢ 2 Tablespoons cocoa powder,▢ 1 teaspoon vanilla,▢ 1 ounce red food coloring more if you want a deeper red color,▢ 1 cup mini chocolate chips,▢ powdered sugar,NA,NA,NA,Boston Girl Bakes,https://www.bostongirlbakes.com/red-velvet-mini-chip-snowball-cookies/,NA,NA,NA,NA,NA,NA,NA,NA,NA,NA,NA,NA,NA,NA,NA
Chocolate Peppermint Kiss Cookies,Heather Perine,3, 1 ,20 minutes,10 minutes,30 minutes,24 cookies,9,▢ 1 1/2 Cups (170 grams) semi-sweet or bittersweet chocolate chips Divided,▢ 3 (105 grams) large egg whites room temperature,▢ 2 cups (227 grams) powdered sugar divided,▢ 1/2 cup (42 grams) unsweetened cocoa powder,▢ 1 tablespoon cornstarch,▢ 1/4 teaspoon salt,▢ 1/2 teaspoon peppermint extract,▢ additional powdered sugar for rolling,▢ 24 chocolate kiss candies,NA,NA,Boston Girl Bakes,https://www.bostongirlbakes.com/candy-cane-kiss-chocolate-crinkles/,NA,NA,NA,NA,NA,NA,NA,NA,NA,NA,NA,NA,NA,NA,NA
Chocolate Halloween Sugar Cookies,Heather Perine,5, 1 ,45 minutes,10 minutes,55 minutes,36 cookies,18,For the cookies,"▢ 2 1/4 cups (270 g) all-purpose flour spooned and leveled, plus more for dusting",▢ 1/2 cup (42 g) unsweetened cocoa powder,▢ 1/2 teaspoon salt,▢ 1/4 teaspoon baking soda,"▢ 3/4 cup (1 1/2 sticks, 170 g) unsalted butter at room temperature",▢ 1 1/4 cups (250 g) granulated sugar,▢ 1 large egg room temperature,▢ 1/2 teaspoon vanilla extract,▢ 3 ounces semisweet or bittersweet chocolate melted,For the frosting:,Boston Girl Bakes,https://www.bostongirlbakes.com/halloween-chocolate-sugar-cut-cookie-sandwiches/,"▢ 1 1/4 cups (2 1/2 sticks, 283 g) unsalted butter softened to room temperature",▢ 2 1/2 cups (283 g) confectioner sugar,▢ 2 Tablespoon heavy cream,▢ 2 teaspoons vanilla extract,▢ pinch of salt,▢ food coloring optional,▢ sprinkles. optional,NA,NA,NA,NA,NA,NA,NA,NA
Peanut Butter Candy Corn Cookies,Heather Perine,5, 1 ,NA,NA,NA,NA,10,▢ 1/2 cup sugar 1/4 cup additional to roll cookies,▢ 1/2 cup brown sugar,▢ 1 stick butter at room temperature,▢ 1 egg,▢ 1 cup smooth peanut butter,▢ 1 teaspoon vanilla,▢ 1/2 teaspoon salt,▢ 1/2 teaspoon baking soda,▢ 1 1/2 cups flour,▢ candy corn for topping,NA,Boston Girl Bakes,https://www.bostongirlbakes.com/candy-corn-peanut-butter-cookies/,NA,NA,NA,NA,NA,NA,NA,NA,NA,NA,NA,NA,NA,NA,NA
Flourless Peanut Butter Chocolate Chip Cookies,Heather Perine,5, 1 ,10 minutes,8 minutes,18 minutes,20 cookies,8,▢ 1 cup smooth peanut butter,▢ 3/4 cup light brown sugar,▢ 1/2 teaspoon baking soda,▢ pinch of salt,▢ 1 large egg,▢ 1 teaspoon vanilla extract,▢ 1 cup butterfinger baking bits,▢ 1/2 cup semi-sweet chocolate chips,NA,NA,NA,Boston Girl Bakes,https://www.bostongirlbakes.com/flourless-butterfinger-peanut-butter-chocolate-chip-cookies/,NA,NA,NA,NA,NA,NA,NA,NA,NA,NA,NA,NA,NA,NA,NA
Boston Creme Pie Macarons,Heather Perine,5, 4 ,NA,10 minutes,10 minutes,20 macarons,18,For the Vanilla Macarons,▢ 200 g confectioners' sugar close to 2 cups,▢ 100 g almond flour close to 1 cup,▢ 120 g room temperature egg whites around 3 large egg whites,▢ 1/2 teaspoon vanilla extract,▢ 1/8 teaspoon teaspoon salt,▢ 40 g sifted granulated sugar or caster sugar (3 Tablespoons),For the Pastry Cream,▢ 2 cups (480 mL) whole milk,▢ 1/2 cup (100 g) granulated sugar,▢ 1/2 tablespoon vanilla extract,Boston Girl Bakes,https://www.bostongirlbakes.com/boston-creme-pie-macarons/,▢ 1/8 teaspoon kosher salt,▢ 4 large egg yolks,▢ 1/4 cup (28 g) cornstarch,▢ 2 Tablespoons (28 g) unsalted butter cut into pieces,For the ganache,"▢ 1 1/3 cups (8 ounces, 226 g) semi-sweet or bittersweet chocolate chips","▢ 1 cup (8 ounces, 227 g) heavy cream",NA,NA,NA,NA,NA,NA,NA,NA
Chocolate Chip M&M Oatmeal Cookies,Heather Perine,4.67, 3 ,20 minutes,25 minutes,45 minutes,16 -20 large cookies,11,▢ 1½ cups (180 g) all-purpose flour,▢ ½ teaspoon baking powder,▢ ½ teaspoon salt,"▢ 1 cup (2 sticks, 227 g) unsalted butter, softened but still cool",▢ 1 cup (213 g) packed light brown sugar,▢ 1 cup (200 g) granulated sugar,▢ 2 large eggs room temperature,▢ 2 teaspoons vanilla extract,▢ 3 cups (300 g) old fashioned oats,▢ 1 cup (170 g) M&M's chocolate candies,▢ 1 cup (170 g) semi-sweet chocolate chips,Boston Girl Bakes,https://www.bostongirlbakes.com/mm-oatmeal-cookies/,NA,NA,NA,NA,NA,NA,NA,NA,NA,NA,NA,NA,NA,NA,NA
Lemon Thumbprint Cookies,Heather Perine,5, 1 ,10 minutes,15 minutes,25 minutes,14 cookies,12,For the cookies,"▢ ½ cup (1 stick, 113 g) unsalted butter softened",▢ ⅓ cup (67 g) granulated white sugar,▢ 1 large egg yolk,▢ 1 teaspoon vanilla extract,▢ 1 cup + 2 Tbs. (135 g) all purpose flour,▢ ½ teaspoon salt,▢ ¼ cup lemon curd,For the lemon glaze,▢ ½ cup (60 g) confectioners sugar,▢ 1 tablespoon lemon juice,Boston Girl Bakes,https://www.bostongirlbakes.com/lemon-thumbprint-cookies-and-some-fun-news/,▢ ¼ teaspoon vanilla extract,NA,NA,NA,NA,NA,NA,NA,NA,NA,NA,NA,NA,NA,NA
Microwave Lemon Curd,Heather Perine,Noratingsyet,,5 minutes,5 minutes,10 minutes,1 cups,4,▢ 1/2 cup (120 mL) freshly squeezed lemon juice,▢ 1/2 cup (100 g) granulated white sugar,"▢ 1/4 cup (4 tablespoons, 57 g) unsalted butter melted and slightly cooled (4 tablespoons)",▢ 1 large egg,NA,NA,NA,NA,NA,NA,NA,Boston Girl Bakes,https://www.bostongirlbakes.com/easy-microwave-lemon-curd/,NA,NA,NA,NA,NA,NA,NA,NA,NA,NA,NA,NA,NA,NA,NA
Flourless Oatmeal Chocolate Chip Cookies,Heather Perine,5, 2 ,10 minutes,10 minutes,20 minutes,20 large cookies,9,"▢ 1/4 cup (4 Tablespoons, 57 g) unsalted butter at room temperature",▢ 1 cup (270 g) smooth peanut butter,▢ 3/4 cup (160 g) packed light brown sugar,▢ 1/2 cup (100 g) granulated white sugar,▢ 2 large eggs lightly beaten,▢ 1 1/2 teaspoons baking soda,▢ 1 teaspoon pure vanilla extract,▢ 3 cups (267 g) old fashioned rolled oats,▢ 2 cups (340 g) semi-sweet chocolate chips,NA,NA,Boston Girl Bakes,https://www.bostongirlbakes.com/flourless-oatmeal-chocolate-chip-cookies/,NA,NA,NA,NA,NA,NA,NA,NA,NA,NA,NA,NA,NA,NA,NA
Cut-Out Sugar Cookies,Heather Perine,5, 2 ,15 minutes,10 minutes,25 minutes,40 cookies,7,▢ 1 cup (226 g) butter softened to room temperature,▢ 1 cup (114 g) powdered (confectioners or icing) sugar,"▢ 1 large egg room temperature, lightly beaten",▢ 1 ½ teaspoon vanilla extract,▢ ½ teaspoon almond extract,▢ ½ teaspoon salt,▢ 2 ⅓ cups (280 g) all purpose flour spooned and leveled,NA,NA,NA,NA,Boston Girl Bakes,https://www.bostongirlbakes.com/cut-out-sugar-cookies-with-royal-icing/,NA,NA,NA,NA,NA,NA,NA,NA,NA,NA,NA,NA,NA,NA,NA
Pumpkin White Chocolate Pudding Mix Cookies,Heather Perine,5, 1 ,10 minutes,10 minutes,20 minutes,36 cookies,12,"▢ 1 cup (2 sticks, 226 g) unsalted butter melted",▢ 2 1/4 cups (270 g) all purpose flour,▢ 1 teasoon salt,▢ 1 teaspoon baking soda,▢ 1 package instant pumpkin spice pudding mix *see note,▢ 1/4 cup (50 g) granulated sugar,▢ 1 1/4 cups (267 g) dark brown sugar (can also use light),▢ 1 large egg room temperature,▢ 1 large egg yolk,▢ 1 1/2 teaspoons vanilla extract,▢ 2 Tablespoon milk,Boston Girl Bakes,https://www.bostongirlbakes.com/pumpkin-white-chocolate-pudding-mix-cookies/,▢ 2 cups (170 g) white chocolate chips,NA,NA,NA,NA,NA,NA,NA,NA,NA,NA,NA,NA,NA,NA
Halloween Homemade Oreos,Heather Perine,5, 2 ,NA,NA,NA,25 cookies,15,For the cookies,▢ 1 1/4 cups 155 grams all-purpose flour,"▢ 1/2 cup 45 grams, but cocoa weights can vary greatly unsweetened Dutch process cocoa",▢ 1 teaspoon baking soda,▢ 1/4 teaspoon baking powder,▢ 1/4 teaspoon salt,▢ 1 cup sugar,"▢ 1/2 cup plus 2 tablespoons 1 1/4 sticks or 140 grams room-temperature, unsalted butter",▢ 1 large egg,For the filling,▢ 1/2 cup unsalted butter softened,Boston Girl Bakes,https://www.bostongirlbakes.com/homemade-halloween-oreos/,▢ 1 1/2 cups confectioners’ sugar,▢ 1 teaspoon vanilla extract,▢ 1 tablespoon milk,▢ Pinch of kosher salt,NA,NA,NA,NA,NA,NA,NA,NA,NA,NA,NA
