title,author,rating,ratingnum,preptime,cooktime,totaltime,servings,totalingredients,1,2,3,4,5,6,7,8,9,source,link,10,11,12,13,14,15,16,17,18,19,20,21,22,23,24,25,26,27
Gluten Free Chocolate Chip Cookies,Melissa Stadler,5,2,15 minutes,10 minutes,NA,NA,9, 1/2 cup Butter (softened), 3/4 cup Brown Sugar, 1/4 cup Sugar, 1 large Egg, 2 teaspoons Vanilla Extract," 2 2/3 cups Almond Flour (fine, blanched almond flour)", 1/2 teaspoon Baking Soda," 3/4 teaspoon Salt (if using salted butter, reduce to 1/4 to 1/2 teaspoon)", 12 ounces Semi-Sweet Chocolate Chips,Modern Honey,https://www.modernhoney.com/almond-flour-chocolate-chip-cookies-gluten-free/,NA,NA,NA,NA,NA,NA,NA,NA,NA,NA,NA,NA,NA,NA,NA,NA,NA,NA
Candy Cane Kiss Cookies,Melissa Stadler,5, 1 ,20 minutes,9 minutes,NA,NA,11, 1 cup Butter (softened), 1 1/2 cups Granulated Sugar, 1  large Egg, 1 large Egg Yolk, 2 teaspoons Vanilla Extract, 1/4 teaspoon Peppermint Extract (optional), 2 2/3 cups Flour, 1 teaspoon Baking Powder, 1/2 teaspoon Baking Soda,Modern Honey,https://www.modernhoney.com/candy-cane-kiss-cookies/, 3/4 teaspoon Salt, (1) 9-ou6nce pkg. Hershey's Candy Cane Kisses (about 50-60),NA,NA,NA,NA,NA,NA,NA,NA,NA,NA,NA,NA,NA,NA,NA,NA
Italian Ricotta Cookies,Melissa Stadler,5,3,15 minutes,12 minutes,NA,NA,13, 1 cup Butter (softened), 1 1/2 cups Granulated Sugar, 2 large Eggs, 1 cup Whole-Milk Ricotta Cheese, 2 teaspoons Vanilla Extract, 3 cups Flour, 1 teaspoon Baking Powder, 1 teaspoon Salt,Glaze:,Modern Honey,https://www.modernhoney.com/italian-ricotta-cookies/, 2 cups Powdered Sugar, 2 to 3 Tablespoons Milk, 1/2  teaspoon Almond or Anise Extract, Sprinkles or  Nonparelis,NA,NA,NA,NA,NA,NA,NA,NA,NA,NA,NA,NA,NA,NA
Chocolate Frosted Cookies,Melissa Stadler,5, 1 ,20 minutes,10 minutes,NA,NA,17, 1 cup Butter (softened), 1 cup Sugar, 3/4 cup Brown Sugar, 2 large Eggs, 1 teaspoon Vanilla Extract, 1/2 cup Unsweetened Cocoa Powder, 2 1/3 cups Flour, 1 teaspoon Baking Soda, 1/2 teaspoon Salt,Modern Honey,https://www.modernhoney.com/chocolate-frosted-cookies/, 1 cup Semi-Sweet Chocolate Chips,Chocolate Frosting:," 12 Tablespoons Salted Butter (3/4 cup or 1 1/2 sticks, softened)", 1/2 cup Unsweetened Cocoa Powder, 3 cups Powdered Sugar, 2 Tablespoons Light Corn Syrup, 3 to 4 Tablespoons Heavy Cream or Milk, Chocolate Sprinkles or any sprinkles,NA,NA,NA,NA,NA,NA,NA,NA,NA,NA
Jacques Torres Chocolate Chip Cookies,Melissa Stadler,5,2,20 minutes,15 minutes,NA,NA,12, 2 cups minus 2 Tablespoons Cake Flour * (8 1/2 ounces) see notes, 1 2/3 cups Bread Flour * (8 1/2 ounces) see notes, 1 1/4 teaspoons Baking Soda, 1 1/2 teaspoons Baking Powder," 1 1/2 teaspoons Salt (if using unsalted butter, reduce to 3/4 teaspoon if using salted butter)", 1 1/4 cups Unsalted Butter (2 1/2 sticks), 1 1/4 cups Light Brown Sugar (10 ounces), 1 cup plus 2 Tablespoons Granulated Sugar (8 ounces), 2 large Eggs,Modern Honey,https://www.modernhoney.com/jacques-torres-chocolate-chip-cookies/, 2 teaspoons Vanilla Extract," 1 1/4 pounds Semi-Sweet or 60% Chocolate Disks, Feves, or Chunks", Sea Salt Flakes,NA,NA,NA,NA,NA,NA,NA,NA,NA,NA,NA,NA,NA,NA,NA
Levain Bakery White Chocolate Macadamia Cookies,Melissa Stadler,5,8,20 minutes,9 minutes,NA,NA,12, 1 cup Cold Butter (cut into small cubes), 1 cup Brown Sugar (packed), 1/2 cup Sugar, 2 large Eggs, 1 teaspoon Vanilla Extract (optional), 1 1/2 cups Cake Flour * (see notes), 1 1/2 cups All-Purpose Flour *, 1 teaspoon Cornstarch, 3/4 teaspoon Baking Soda,Modern Honey,https://www.modernhoney.com/levain-bakery-white-chocolate-macadamia-cookies/, 3/4 teaspoon Salt, 2 cups (12 oz) White Chocolate Chips, 2 cups Macadamia Nuts (roughly chopped),NA,NA,NA,NA,NA,NA,NA,NA,NA,NA,NA,NA,NA,NA,NA
Chewy Brown Butter Pumpkin Cookies,Melissa Stadler,4.89,9,20 minutes,10 minutes,NA,NA,15, 1 cup Butter (browned), 1 cup Brown Sugar, 2/3 cup Sugar, 1 teaspoon Vanilla, 2 Tablespoons Real Maple Syrup, 1 large Egg Yolk, 1/2 cup Pure Pumpkin Puree (blotted), 2 1/3 cups Flour, 1/2 teaspoon Cornstarch,Modern Honey,https://www.modernhoney.com/chewy-brown-butter-pumpkin-cookies/, 3/4 teaspoon Baking Soda, 1/2 teaspoon Salt, 1 teaspoon Pumpkin Pie Spice,Cinnamon-Sugar Coating:, 1/4 cup Sugar, 1 1/2 Tablespoons Cinnamon,NA,NA,NA,NA,NA,NA,NA,NA,NA,NA,NA,NA
Levain Bakery Peanut Butter Chocolate Chip Cookies,Melissa Stadler,4.89,9,15 minutes,10 minutes,NA,NA,11, 1 cup Cold Butter (cut into cubes), 1 cup Sugar, 1 cup Brown Sugar, 1 cup Creamy Peanut Butter * (like Jif or Skippy's), 2 large Eggs, 1 teaspoon Vanilla Extract, 2 3/4 cups Flour, 1 teaspoon Baking Soda, 1/2 teaspoon Cornstarch,Modern Honey,https://www.modernhoney.com/levain-bakery-peanut-butter-chocolate-chip-cookies/, 1/8 teaspoon Salt (optional), 2 cups  Semi-Sweet Chocolate Chips or Chunks (or dark chocolate),NA,NA,NA,NA,NA,NA,NA,NA,NA,NA,NA,NA,NA,NA,NA,NA
Pumpkin Cheesecake Cookies,Melissa Stadler,5,2,15 minutes,12 minutes,NA,NA,19,Cheesecake Filling:, (1) 8-ounce pkg. Cream Cheese (softened), 4 Tablespoons Sugar, 1 teaspoon Vanilla Extract or Vanilla Bean Paste,Pumpkin Cookies:, 2/3 cup Pure Pumpkin Puree (NOT pumpkin pie filling), 1 cup Butter (softened), 1 cup Brown Sugar (packed), 1/3 cup Sugar,Modern Honey,https://www.modernhoney.com/pumpkin-cheesecake-cookies/, 2 large Egg Yolks (yolks only), 1 teaspoon Vanilla Extract, 2 3/4 cups Flour, 2 teaspoons Pumpkin Pie Spice, 3/4 teaspoon Baking Soda, 3/4 teaspoon Baking Powder, 3/4 teaspoon Salt,Cinnamon-Sugar Mixture:, 1/3 cup Sugar, 1 Tablespoon Cinnamon,NA,NA,NA,NA,NA,NA,NA,NA
No Bake Cookies,Melissa Stadler,5, 1 ,5 minutes,15 minutes,NA,NA,8, 1/2 cup Butter (salted), 1 cup Granulated Sugar, 1 cup Brown Sugar (packed), 1/2 cup Milk (whole or 2% preferred), 1/4 cup Unsweetened Cocoa Powder, 2 teaspoons Vanilla Extract, 3/4 cup Creamy Peanut Butter * (Jif or Skippy's), 2 3/4 cups Quick Oats * (up to 3 cups),NA,Modern Honey,https://www.modernhoney.com/no-bake-cookies/,NA,NA,NA,NA,NA,NA,NA,NA,NA,NA,NA,NA,NA,NA,NA,NA,NA,NA
Thin and Chewy Chocolate Chip Cookies,Melissa Stadler,4.94,15,15 minutes,12 minutes,NA,NA,9," 1/2 cup  Butter (1 stick, melted)", 3/4 cup Brown Sugar (packed), 1/2 cup Sugar, 1 large Egg, 1 teaspoon Vanilla Extract, 1 1/4 cups Flour, 1/2 teaspoon Baking Soda, 1/2 teaspoon Salt, 8 ounces Milk Chocolate and Semi-Sweet Chunks,Modern Honey,https://www.modernhoney.com/thin-and-chewy-chocolate-chip-cookies/,NA,NA,NA,NA,NA,NA,NA,NA,NA,NA,NA,NA,NA,NA,NA,NA,NA,NA
Gluten Free Flourless Monster Cookies,Melissa Stadler,5,3,10 minutes,10 minutes,NA,NA,11, 1/2 cup Butter (softened), 3/4 cup Brown Sugar, 3/4 cup Sugar, 3/4 cup Creamy Peanut Butter (Jif or Skippy's), 2 large Eggs, 1 teaspoon Vanilla, 2 3/4 cups Gluten-Free Rolled Oats, 1 1/4 teaspoon Baking Soda, 1/2 teaspoon Salt,Modern Honey,https://www.modernhoney.com/gluten-free-flourless-monster-cookies/, 1 1/2 to 2 cups M&M's, 1/2 cup Semi-Sweet Chocolate Chips (optional),NA,NA,NA,NA,NA,NA,NA,NA,NA,NA,NA,NA,NA,NA,NA,NA
Fruit Pizza Cookies,Melissa Stadler,5,4,20 minutes,10 minutes,NA,NA,17,Soft Sugar Cookies:, 1 cup Unsalted Butter (softened), 1 1/2 cups Sugar, 1 large Egg, 1 large Egg Yolk, 2 teaspoons Vanilla Extract, 2 1/2 cups Flour, 1 teaspoon Baking Powder, 1/2 teaspoon Baking Soda,Modern Honey,https://www.modernhoney.com/fruit-pizza-cookies/, 3/4 teaspoon Salt,Cream Cheese Frosting:, 4 Tablespoons Salted Butter, (1) 8-ounce pkg. Cream Cheese (softened), 2 1/2 cups Powdered Sugar, 1 teaspoon Vanilla Bean Paste or Extract,Fresh Fruits:," Strawberries, Kiwis, Raspberries, Blueberries, Mangos, Peaches, etc.  (all fruits listed in notes)",NA,NA,NA,NA,NA,NA,NA,NA,NA,NA
Valentine’s Day Heart Skillet Cookie,Melissa Stadler,5,2,15 minutes,15 minutes,NA,NA,11, 1/2 cup Butter, 1/2 cup Brown Sugar, 1/4 cup Sugar, 1 large Egg, 1 teaspoon Vanilla Extract, 1  cup + 2 Tablespoons Flour, 1/2 teaspoon Baking Soda, 1/2 teaspoon Salt (use 1/4 tsp of salt if using salted butter), 1 cup White Chocolate Chips,Modern Honey,https://www.modernhoney.com/valentines-day-heart-skillet-cookie/, Pink Jimmies Sprinkles, Valentine's Day M&M's (optional),NA,NA,NA,NA,NA,NA,NA,NA,NA,NA,NA,NA,NA,NA,NA,NA
Levain Bakery Chocolate Toffee Cookies,Melissa Stadler,5,16,15 minutes,10 minutes,NA,NA,12, 1 cup Cold Butter (cut into small cubes), 1  cup Brown Sugar (packed), 2/3 cup Sugar, 2 large Eggs, 1/2 cup Dark Unsweetened Cocoa *, 2 1/2 cups All-Purpose Flour (or 1 cup cake flour + 1 1/2 cups AP flour), 3/4 teaspoon Baking Soda, 1 teaspoon Cornstarch, 1/2 teaspoon Salt,Modern Honey,https://www.modernhoney.com/levain-bakery-chocolate-toffee-cookies/, 1 to 2 teaspoons Espresso Powder (optional)," 8 to 10 ounces Chocolate Covered Toffee Chunks (Heath Bars, chopped, set aside 2 oz for garnishing the top of the cookies)", 1 cup Semi-Sweet Chocolate Chips (optional),NA,NA,NA,NA,NA,NA,NA,NA,NA,NA,NA,NA,NA,NA,NA
Cornflake Crack Cookies,Melissa Stadler,5,2,20 minutes,10 minutes,NA,NA,11, 1 cup Butter (barely softened), 1 cup Brown Sugar, 2/3 cup Sugar, 2 large Eggs, 1 teaspoon Vanilla Extract, 2 1/3 cups Flour, 1 teaspoon Baking Soda, 3/4 teaspoon Salt," 3 cups Cornflake Crack (divided, 2 cups in dough and 1 cup on top)",Modern Honey,https://www.modernhoney.com/cornflake-crack-cookies/,Cornflake Crack Recipe: , https://www.modernhoney.com/cornflake-crack-crunch/,NA,NA,NA,NA,NA,NA,NA,NA,NA,NA,NA,NA,NA,NA,NA,NA
Sugar Sandwich Cookies with Cream Cheese Frosting,Melissa Stadler,5,3,20 minutes,10 minutes,NA,NA,16,Soft Sugar Cookies:, 1 cup Unsalted Butter, 1 1/2 cups Sugar, 1 large Egg, 1 large Egg Yolk, 2 teaspoons Vanilla Extract, 2 1/2 cups Flour, 1 teaspoon Baking Powder, 1/2 teaspoon Baking Soda,Modern Honey,https://www.modernhoney.com/sugar-sandwich-cookies-with-cream-cheese-frosting/, 3/4 teaspoon Salt, Sparkling Sugar,Cream Cheese Frosting:, 1/2 cup Butter (softened), (1) 8-ounce pkg. Cream Cheese (softened), 3 cups Powdered Sugar, 1 teaspoon Vanilla Bean Paste,NA,NA,NA,NA,NA,NA,NA,NA,NA,NA,NA
Salted Chocolate Chunk Shortbread Cookies,Melissa Stadler,5,2,15 minutes,12 minutes,NA,NA,10, 1 cup Salted Butter, 1/2 cup Sugar, 3 Tablespoons Brown Sugar (packed), 1 teaspoon Vanilla Extract, 2 cups Flour, 6 ounces Semi-Sweet Chocolate Chunks (1 cup),For Rolling:, 1 large Egg (to brush on dough)," 1/2 to 3/4  cup Demerara, Turbinado, or Sparkling Sugar",Modern Honey,https://www.modernhoney.com/salted-chocolate-chunk-shortbread-cookies/, Sea Salt Flakes,NA,NA,NA,NA,NA,NA,NA,NA,NA,NA,NA,NA,NA,NA,NA,NA,NA
Oatmeal Cranberry White Chocolate Chip Cookies,Melissa Stadler,5,8,15 minutes,10 minutes,NA,NA,12," 1 cup Butter (cold, cut into small cubes)", 1 cup + 2 Tablespoons Brown Sugar, 2/3 cup Sugar, 2 large Eggs, 1 teaspoon Vanilla Extract, 2 1/4 cups All-Purpose Flour, 1 1/2 cups Rolled Oats (old fashioned), 1 teaspoon Baking Soda, 1/2 teaspoon Cornstarch,Modern Honey,https://www.modernhoney.com/oatmeal-cranberry-white-chocolate-chip-cookies/, 1/2 teaspoon Salt, 2 cups Sweetened Dried Cranberries (such as Craisins), 2 cups White Chocolate Chips,NA,NA,NA,NA,NA,NA,NA,NA,NA,NA,NA,NA,NA,NA,NA
Almond Croissant Cookies,Melissa Stadler,5,16,20 minutes,10 minutes,NA,NA,19,Almond Filling:, 3 Tablespoons Salted Butter (softened), 1/2 cup Sugar, 1 large Egg Yolk (egg yolk only), 1 to 1 1/2 teaspoons Almond Extract, 1 teaspoon Vanilla Extract, 1 1/4 cups Almond Flour * (blanched),Almond Cookie Dough:, 1 cup Butter (softened),Modern Honey,https://www.modernhoney.com/almond-croissant-cookies/, 1 cup Sugar, 3/4 cup Brown Sugar, 1 large Egg, 1 large Egg Yolk, 1 teaspoon Almond Extract, 3 cups Flour, 1/2 teaspoon Baking Soda, 1/2 teaspoon Salt, 1/2 to 3/4 cup Sliced Almonds, Powdered Sugar,NA,NA,NA,NA,NA,NA,NA,NA
Hot Cocoa Cookies,Melissa Stadler,5,7,20 minutes,10 minutes,NA,NA,15, 1 cup Butter (barely softened), 1 1/3 cups Brown Sugar, 1/2 cup Sugar, 2 large Eggs, 1 teaspoon Vanilla Extract," 2 1/2 cups Flour (for thicker cookies, may use 2 3/4 cups)", 2/3 cup Unsweetened Cocoa Powder, 1 teaspoon Baking Soda, 1 teaspoon Cornstarch,Modern Honey,https://www.modernhoney.com/hot-cocoa-cookies/, 3/4 teaspoon Salt, 2 cups Semi-Sweet Chocolate Chips, 8 large Marshmallows * (cut in half), 6 ounces Semi-Sweet Chocolate (melted for drizzling), 1 teaspoon Peppermint Extract (optional), 1/2 to 3/4  cup Crushed Candy Canes (optional),NA,NA,NA,NA,NA,NA,NA,NA,NA,NA,NA,NA
Ginger Molasses White Chocolate Chunk Cookies,Melissa Stadler,5,4,15 minutes,10 minutes,NA,NA,15," 1 cup Butter (barely softened, cut into cubes)", 1 1/3 cups Sugar, 1 large Egg, 1 large Egg Yolk, 1 teaspoon Vanilla Extract, 1/3 cup Molasses, 2 2/3 cups Flour, 1 teaspoon Baking Soda, 1/2 teaspoon Baking Powder,Modern Honey,https://www.modernhoney.com/ginger-molasses-white-chocolate-chunk-cookies/," 1 teaspoon Salt (if using salted butter, reduce to 1/2 tsp)", 1 teaspoon Cinnamon, 1 1/2 teaspoons Ginger, 1/2 teaspoon Cloves, pinch Cayenne , 2 cups White Chocolate Chunks or Chips,NA,NA,NA,NA,NA,NA,NA,NA,NA,NA,NA,NA
Cheesecake Stuffed Red Velvet Cookies,Melissa Stadler,5,6,25 minutes,10 minutes,NA,NA,17,Red Velvet Cookies:, 1 cup Butter (barely softened), 1 cup Brown Sugar, 1/2 cup Sugar, 2 large Eggs, 2 teaspoons Vanilla Extract, 2 teaspoons Red Food Coloring or Gel, 1/3 cup Unsweetened Cocoa Powder, 3 cups Flour,Modern Honey,https://www.modernhoney.com/cheesecake-stuffed-red-velvet-cookies/, 1 teaspoon Baking Soda, 1/2 teaspoon Cornstarch, 1 teaspoon Salt (use 1/2 teaspoon if using salted butter), 1 3/4 to 2 cups White Chocolate Chips,Cheesecake Filling:, (1) 8-ounce pkg. Cream Cheese (barely softened), 1 cup Powdered Sugar, 1 teaspoon Vanilla Extract or Vanilla Bean Paste,NA,NA,NA,NA,NA,NA,NA,NA,NA,NA
Christmas Kitchen Sink Cookies,Melissa Stadler,5,2,15 minutes,10 minutes,NA,NA,13, 1 cup Butter (softened), 1 cup Brown Sugar, 3/4 cup Sugar, 2 large Eggs, 1 teaspoon Vanilla Extract, 2 3/4 cups Flour, 1 teaspoon Baking Soda, 1/2 teaspoon Salt, 1 1/2 cups Christmas M&M's (plus more for garnish),Modern Honey,https://www.modernhoney.com/christmas-kitchen-sink-cookies/, 3/4 cup Mini Pretzels (plus more for garnish), 3/4 cup Potato Chips (salted), 2 Tablespoons Sprinkles or Jimmies, 1 cup Semi-sweet or white chocolate chips (optional),NA,NA,NA,NA,NA,NA,NA,NA,NA,NA,NA,NA,NA,NA
Chewy Chocolate Chip Cookies (with sweetened condensed milk),Melissa Stadler,5,11,20 minutes,12 minutes,NA,NA,9, 1 cup Butter (melted), 1 1/3 cups Brown Sugar (tightly packed), 2 large Egg Yolks (yolks only), 1/3 cup Sweetened Condensed Milk, 2 teaspoons Vanilla Extract, 2 1/2 cups  Flour *, 1/2 teaspoon Baking Soda," 1 1/4 teaspoons Salt (if using salted butter, only add 1/2 teaspoon of salt)"," 12  ounces Milk or Semi-Sweet Chocolate, chopped)",Modern Honey,https://www.modernhoney.com/chewy-chocolate-chip-cookies-with-sweetened-condensed-milk/,NA,NA,NA,NA,NA,NA,NA,NA,NA,NA,NA,NA,NA,NA,NA,NA,NA,NA
M&M Nutella Lava Cookies,Melissa Stadler,5,2,20 minutes,9 minutes,NA,NA,12, 3/4 cup Nutella Spread, 1 cup Cold Butter (cut into small cubes), 3/4 cup Brown Sugar, 2/3 cup Sugar, 2 large Eggs, 1 teaspoon Vanilla Extract, 3 cups All-Purpose Flour (or 1 1/2 cups of cake flour + 1 1/2 cups of all-purpose flour), 1 teaspoon Baking Soda, 1/2 teaspoon Cornstarch,Modern Honey,https://www.modernhoney.com/mm-nutella-lava-cookies/, 3/4 teaspoon Salt, 1 cup Milk Chocolate Chips," 10 ounces M&M's or Mini M&M's (about 1 1/2 to 2 cups, may use more for placing on top of the cookies)",NA,NA,NA,NA,NA,NA,NA,NA,NA,NA,NA,NA,NA,NA,NA
Generic vs Brand Ingredients in Chocolate Chip Cookies,Melissa Stadler,5,3,15 minutes,10 minutes,NA,NA,2,Best Chocolate Chip Cookie Recipe, Follow my chocolate chip cookie recipe and read the blog post about what ingredients matter in baking,NA,NA,NA,NA,NA,NA,NA,Modern Honey,https://www.modernhoney.com/generic-vs-brand-ingredients-in-chocolate-chip-cookies/,NA,NA,NA,NA,NA,NA,NA,NA,NA,NA,NA,NA,NA,NA,NA,NA,NA,NA
Chai Sugar Cookies,Melissa Stadler,5,4,15 minutes,10 minutes,NA,NA,21,Chai Cookies:, 1 cup Butter (softened), 3/4 cup Brown Sugar, 3/4 cup Sugar, 2 large Eggs, 2 teaspoons Vanilla Extract," 2 1/2 cups Flour (for slightly thicker cookie, use 2 2/3 cups)", 1 teaspoon Baking Soda, 1/2 teaspoon Cream of Tartar,Modern Honey,https://www.modernhoney.com/chai-sugar-cookies/, 1/2 teaspoon Salt, 2 teaspoons Chai Spice Blend (recipe below),Chai Spice Blend:, 1 Tablespoon Cinnamon, 1 1/4 teaspoon Cardamom, 1 teaspoon Ginger, 1/4 to 1/2  teaspoon Ground Cloves, 1/4 teaspoon Nutmeg, pinch Black Pepper,Chai Sugar Mixture (for rolling the dough balls in):, 1/3 cup Sugar, 1 Tablespoon Chai Spice Blend,NA,NA,NA,NA,NA,NA
Bakery-Style Thick Peanut Butter Cookies,Melissa Stadler,5,16,15 minutes,12 minutes,NA,NA,12," 1 cup Butter (cold, cut into small cubes)", 1 cup Brown Sugar (packed), 1 cup Sugar, 1 cup Creamy Peanut Butter (Jif or Skippy), 2 large Eggs, 2 teaspoons Vanilla Extract, 2 3/4 cups Flour, 1 teaspoon Baking Soda, 1/2 teaspoon Baking Powder,Modern Honey,https://www.modernhoney.com/bakery-style-thick-peanut-butter-cookies/, 1/8 teaspoon Salt (optional), 1 1/2 cups Peanut Butter Chips, 1/4 to 1/3 cup Chopped Peanuts (optional),NA,NA,NA,NA,NA,NA,NA,NA,NA,NA,NA,NA,NA,NA,NA
Pumpkin Chocolate Chip Cookies,Melissa Stadler,5,7,25 minutes,10 minutes,NA,NA,11, 1 cup Butter, 1 cup Brown Sugar, 3/4 cup Sugar, 2 teaspoons Vanilla Extract, 2 large Egg Yolks (yolks only)," 1/2 cup Pure Pumpkin Puree (blotted, see notes)", 2 1/2 cups Flour, 1 teaspoon Pumpkin Spice, 1 teaspoon Baking Soda,Modern Honey,https://www.modernhoney.com/pumpkin-chocolate-chip-cookies/, 3/4 teaspoon Salt, 1 3/4 cups Chocolate Chips (divided),NA,NA,NA,NA,NA,NA,NA,NA,NA,NA,NA,NA,NA,NA,NA,NA
Edible Cookie Dough,Melissa Stadler,5,5,20 minutes,NA,NA,NA,8, 6 Tablespoons Salted Butter (melted), 1/3 cup Dark Brown Sugar, 3 Tablespoons Sugar, 1 teaspoon Vanilla Extract, 1 Tablespoon Milk, 3/4 cup Flour (heat treated), 1/3 cup Semi-sweet Chocolate Chips, 1/8 teaspoon Salt (optional),NA,Modern Honey,https://www.modernhoney.com/edible-cookie-dough/,NA,NA,NA,NA,NA,NA,NA,NA,NA,NA,NA,NA,NA,NA,NA,NA,NA,NA
Frosted Strawberries and Cream Cookies,Melissa Stadler,5,5,20 minutes,10 minutes,NA,NA,14, 1 cup Butter (cold and cut into small cubes), 2 cups Sugar, 2 large Eggs, 2 teaspoons Vanilla Extract, 3 cups Flour, 1 1/4 teaspoons Baking Powder, 1/4 teaspoon Baking Soda, 1/2 teaspoon Salt,Cream Cheese Frosting:,Modern Honey,https://www.modernhoney.com/frosted-strawberries-and-cream-cookies/, 1/2 cup Butter (1 stick softened), (1) 8-ounce pkg. Cream Cheese (softened), 3 3/4 cups Powdered Sugar, 1 teaspoon Vanilla Extract, 1 to 1 1/2 lbs. Fresh Strawberries,NA,NA,NA,NA,NA,NA,NA,NA,NA,NA,NA,NA,NA
Cowboy Cookies,Melissa Stadler,5,11,10 minutes,10 minutes,NA,NA,13, 1 cup Butter (barely softened), 1 cup Brown Sugar, 1 cup Sugar, 2 large Eggs, 2 teaspoons Vanilla Extract, 2 1/4 cups Flour, 1 3/4 cup Rolled Oats, 1 teaspoon Baking Soda, 1/2 teaspoon Cornstarch,Modern Honey,https://www.modernhoney.com/cowboy-cookies/, 1/2 teaspoon Salt, 1 1/2 cups Sweetened Flaked Coconut, 2 cups Semi-Sweet Chocolate Chips, 1 cup Pecans (roughly chopped),NA,NA,NA,NA,NA,NA,NA,NA,NA,NA,NA,NA,NA,NA
Chocolate Chipless Cookies (no chocolate chips),Melissa Stadler,5,7,50 minutes,9 minutes,NA,NA,9, 1 cup Butter, 1  cup + 2 Tablespoons Brown Sugar, 1/2 cup Sugar, 1 teaspoon Vanilla Extract, 1 large Egg, 1 large Egg Yolk, 2 1/4 cups Flour, 3/4 teaspoon Baking Soda, 1/2 teaspoon Salt,Modern Honey,https://www.modernhoney.com/chocolate-chipless-cookies-no-chocolate-chips/,NA,NA,NA,NA,NA,NA,NA,NA,NA,NA,NA,NA,NA,NA,NA,NA,NA,NA
Butterscotch Chip Cookies,Melissa Stadler,5,3,10 minutes,9 minutes,NA,NA,10, 1 cup Butter (softened), 1 1/4 cups Brown Sugar, 1/2 cup Sugar, 2 large Eggs, 2 teaspoons Vanilla, 2 3/4 cups Flour, 1 teaspoon Baking Soda, 1/2 teaspoon Salt, 11-ounce pkg. Butterscotch Chips,Modern Honey,https://www.modernhoney.com/butterscotch-chip-cookies/, Sea Salt Flakes (optional),NA,NA,NA,NA,NA,NA,NA,NA,NA,NA,NA,NA,NA,NA,NA,NA,NA
Levain Bakery Black and White Cookies,Melissa Stadler,5,17,15 minutes,10 minutes,NA,NA,11," 1 cup Cold Butter (or barely softened, cut into small cubes)", 1 cup Brown Sugar, 1/2 cup Sugar, 2 large Eggs, 1/2 cup Dark Unsweetened Cocoa, 2 1/2 cups All-Purpose Flour (or 1 cup cake flour + 1 1/2 cups ap flour), 1 teaspoon Cornstarch, 3/4 teaspoon Baking Soda, 1/2 teaspoon Salt,Modern Honey,https://www.modernhoney.com/levain-bakery-black-and-white-cookies/, (1) 11-ounce bag White Chocolate Chips, 1 cup Milk Chocolate Chips,NA,NA,NA,NA,NA,NA,NA,NA,NA,NA,NA,NA,NA,NA,NA,NA
Levain Bakery Lemon Cookies,Melissa Stadler,5,37,15 minutes,10 minutes,NA,NA,13, 1 cup Cold Butter (cut into cubes), 1 cup Sugar, 2/3 cup Brown Sugar, 1 large Egg, 1 large  Egg Yolk, Lemon Zest * (from 1 large lemon), 2 Tablespoons Fresh Lemon Juice, 1/2 teaspoon Lemon Extract (optional), 3 1/4 cups Flour *,Modern Honey,https://www.modernhoney.com/levain-bakery-lemon-cookies/, 1 teaspoon Cornstarch, 3/4 teaspoon Baking Soda, 3/4 teaspoon Salt, 2 cups Lemon Chips or White Chocolate Chips,NA,NA,NA,NA,NA,NA,NA,NA,NA,NA,NA,NA,NA,NA
White Chocolate Raspberry Cookies,Melissa Stadler,5,7,15 minutes,9 minutes,NA,NA,11, 1/2 cup Butter (slightly softened), 1/2 cup Brown Sugar, 1/2 cup Sugar, 1 large Egg, 1 teaspoon Vanilla Extract, 1 1/2 cups Flour, 1/2 teaspoon Cornstarch, 1/2 teaspoon Baking Soda, 1/2 teaspoon Salt (reduce to 1/4 teaspoon if using salted butter),Modern Honey,https://www.modernhoney.com/white-chocolate-raspberry-cookies/, 2/3 cup Freeze Dried Raspberries," 1 cup White Chocolate Chips, Chunks, or Bars",NA,NA,NA,NA,NA,NA,NA,NA,NA,NA,NA,NA,NA,NA,NA,NA
Browned Butter Pecan Chocolate Chunk Cookies,Melissa Stadler,5,16,20 minutes,10 minutes,NA,NA,10, 1 cup Unsalted Butter (2 sticks), 1 cup Brown Sugar (packed), 2/3 cup Sugar, 2 large Eggs, 2 teaspoons Vanilla Extract, 2 1/3 cups Flour, 1 teaspoon Baking Soda, 1 teaspoon Salt *, 12 ounces Chocolate Chunks,Modern Honey,https://www.modernhoney.com/browned-butter-pecan-chocolate-chunk-cookies/, 1 to 1 1/2 cup Pecans,NA,NA,NA,NA,NA,NA,NA,NA,NA,NA,NA,NA,NA,NA,NA,NA,NA
Alfajores Dulce de Leche Sandwich Cookies,Melissa Stadler,5,5,20 minutes,9 minutes,NA,NA,11, 1 cup Unsalted Butter, 3/4 cup Sugar, 2 Tablespoons Powdered Sugar, 3 large Egg Yolks, 2 teaspoons Vanilla Extract, 1 3/4 cups Flour, 1 1/4 cups Cornstarch, 1 1/2 teaspoons Baking Powder, 3/4 teaspoon Salt,Modern Honey,https://www.modernhoney.com/alfajores-dulce-de-leche-sandwich-cookies/, (1) 13.4 ounce can Dulce de Leche (may want more dulce de leche depending on preference), Powdered Sugar or Shredded Coconut (optional),NA,NA,NA,NA,NA,NA,NA,NA,NA,NA,NA,NA,NA,NA,NA,NA
Soft Gingerbread Cookies with Cream Cheese Frosting,Melissa Stadler,5,18,15 minutes,10 minutes,NA,NA,18, 3/4 cup Unsalted Butter (softened), 1/2 cup Sugar (plus more to roll into), 1/2 cup Brown Sugar, 1 large Egg, 1/4 cup Molasses (Grandma's), 1 teaspoon Vanilla Extract, 2 cups Flour, 1 1/4 teaspoon Ground Ginger, 1 teaspoon Cinnamon,Modern Honey,https://www.modernhoney.com/soft-gingerbread-cookies-with-cream-cheese-frosting/, 1/2 teaspoon Ground Cloves, 1 teaspoon Baking Soda, 1/2 teaspoon Baking Powder, 1/2 teaspoon Salt,Cream Cheese Frosting:, 4 Tablespoons Butter (softened), 8 ounce pkg. Cream Cheese (softened), 2 1/2 cups Powdered Sugar, 1 teaspoon Vanilla Bean Paste or Extract,NA,NA,NA,NA,NA,NA,NA,NA,NA
Christmas Monster Cookies,Melissa Stadler,5,19,15 minutes,9 minutes,NA,NA,12, 1/2 cup Unsalted Butter (softened), 1/2 cup Brown Sugar, 1/2 cup Sugar, 1/2 cup Creamy Peanut Butter (like Skippy's or Jif), 1 large Egg, 2 teaspoons Vanilla Extract, 3/4 cup Rolled Oats, 1 cup Flour, 1/2 teaspoon Baking Soda,Modern Honey,https://www.modernhoney.com/christmas-monster-cookies/, 1/4 teaspoon Salt, 1  cup Red and Green Holiday M&M's, 3/4 cup Chocolate Chips,NA,NA,NA,NA,NA,NA,NA,NA,NA,NA,NA,NA,NA,NA,NA
Best Soft Sugar Cookies,Melissa Stadler,5,16,15 minutes,10 minutes,NA,NA,10, 1 cup Unsalted Butter, 1 1/2 cups Sugar, 1 large Egg, 1 large Egg Yolk, 2 teaspoons Vanilla Extract, 2 1/2 cups Flour, 1 teaspoon Baking Powder, 1/2 teaspoon Baking Soda," 3/4 teaspoon Salt (if using salted butter, use 1/8 teaspoon)",Modern Honey,https://www.modernhoney.com/best-soft-sugar-cookies/, Sparkling or Sanding Sugar,NA,NA,NA,NA,NA,NA,NA,NA,NA,NA,NA,NA,NA,NA,NA,NA,NA
White Chocolate Dipped Peppermint Chocolate Cookies,Melissa Stadler,5,11,20 minutes,9 minutes,NA,NA,13, 1/2 cup Unsalted Butter (softened), 1/2 cup Sugar, 1/2 cup Brown Sugar, 1 large Egg, 1 teaspoon Vanilla Extract, 1/4 to 1/2 teaspoon Peppermint Extract, 1/3 cup Unsweetened Cocoa Powder, 1 cup + 2 Tablespoons Flour, 1/2 teaspoon Baking Soda,Modern Honey,https://www.modernhoney.com/white-chocolate-dipped-peppermint-chocolate-cookies/, 1/4 teaspoon Salt, 1 cup Semi-Sweet Chocolate Chips, 8  ounces White Chocolate, 1 cup Crushed Candy Canes,NA,NA,NA,NA,NA,NA,NA,NA,NA,NA,NA,NA,NA,NA
Mexican Wedding Cookies (Snowballs),Melissa Stadler,5,12,15 minutes,NA,NA,NA,5," 1 cup Salted Butter (if using unsalted butter, see notes)", 1 1/2 cups Powdered Sugar (divided), 1 teaspoon Vanilla Extract, 1 3/4 cups Flour, 1 cup Chopped Pecans (or walnuts),NA,NA,NA,NA,Modern Honey,https://www.modernhoney.com/mexican-wedding-cookies-snowballs/,NA,NA,NA,NA,NA,NA,NA,NA,NA,NA,NA,NA,NA,NA,NA,NA,NA,NA
Bakery Style Oatmeal Chocolate Chip Cookies,Melissa Stadler,4.91,20,15 minutes,9 minutes,NA,NA,11, 1 cup Butter (softened), 1 1/4 cups Brown Sugar, 1/2 cup Sugar, 2 large Eggs, 2 teaspoons Vanilla Extract, 2 1/4 cups Flour, 1 1/2 cups Rolled Oats, 1 teaspoon Cornstarch, 3/4 teaspoon Baking Soda,Modern Honey,https://www.modernhoney.com/bakery-style-oatmeal-chocolate-chip-cookies/, 1/2 teaspoon Salt, 2 cups Chocolate Chips,NA,NA,NA,NA,NA,NA,NA,NA,NA,NA,NA,NA,NA,NA,NA,NA
Best Pumpkin Snickerdoodles,Melissa Stadler,5,17,25 minutes,9 minutes,NA,NA,14, 1 cup Butter, 1 cup Brown Sugar, 3/4 cup Sugar, 1/2 cup Canned Pure Pumpkin Puree *, 2 teaspoons Vanilla Extract, 1 large Egg Yolk, 2 1/4 cups Flour, 1/2 teaspoon Cream of Tartar, 1 teaspoon Baking Soda,Modern Honey,https://www.modernhoney.com/best-pumpkin-snickerdoodles/, 1/2 teaspoon Salt, 1 teaspoon Cinnamon (or pumpkin pie spice),Cinnamon Sugar:, 1/4 cup Sugar, 1 1/2 Tablespoons Cinnamon,NA,NA,NA,NA,NA,NA,NA,NA,NA,NA,NA,NA,NA
Bakery Style Oreo Cookies,Melissa Stadler,5,20,15 minutes,10 minutes,NA,NA,12," 1 cup Butter, cold (cut into small cubes)", 1 cup Brown Sugar, 1/2 cup Sugar, 2 large Eggs, 1 teaspoon Vanilla Extract, 3 cups Flour, 1 teaspoon Cornstarch, 3/4 teaspoon Baking Soda, 1/2 teaspoon Salt,Modern Honey,https://www.modernhoney.com/bakery-style-oreo-cookies/, 1 cup Semi-Sweet Chocolate Chips, 1/2 to 3/4 cup White Chocolate Chips, 20 Oreo Cookies (chopped),NA,NA,NA,NA,NA,NA,NA,NA,NA,NA,NA,NA,NA,NA,NA
Reese’s Chocolate Peanut Butter Cup Cookies,Melissa Stadler,4.95,55,15 minutes,9 minutes,NA,NA,11," 1 cup Butter (cold, cut into cubes)", 1 cup Brown Sugar, 1/2 cup Sugar, 2 large Eggs, 1 teaspoon Vanilla Extract (optional), 3 cups Flour, 1 teaspoon Cornstarch, 3/4 teaspoon Baking Soda, 1 teaspoon Salt,Modern Honey,https://www.modernhoney.com/reeses-chocolate-peanut-butter-cup-cookies/, 1 cup Chocolate Chips, 1 1/2 cup Peanut Butter Cups (chopped),NA,NA,NA,NA,NA,NA,NA,NA,NA,NA,NA,NA,NA,NA,NA,NA
Spice White Chocolate Cookies,Melissa Stadler,5,6,15 minutes,10 minutes,NA,NA,14," 12 Tablespoons Butter (1 1/2 sticks, cold, cut into cubes)", 1/2 cup Dark Brown Sugar, 1/2 cup Sugar, 1 large Egg, 2 Tablespoons Molasses, 2 cups Flour, 1 teaspoon Baking Soda, 1 teaspoon Cornstarch, 1/2 teaspoon Salt (1/4 tsp if using salted butter),Modern Honey,https://www.modernhoney.com/spice-white-chocolate-cookies/, 1 teaspoon Cinnamon, 1 1/4 teaspoon Ground Ginger (may reduce to 1 tsp), 1/2 teaspoon Ground Nutmeg (may reduce to 1/4 teaspoon), 1/8 teaspoon Ground Cloves (optional), 1 1/2 cups White Chocolate Chips or Chunks,NA,NA,NA,NA,NA,NA,NA,NA,NA,NA,NA,NA,NA
Best Monster Cookies,Melissa Stadler,4.99,64,10 minutes,9 minutes,NA,NA,12, 1/2 cup Unsalted Butter (softened), 1/2 cup Brown Sugar (packed), 1/2 cup Sugar, 1/2 cup Creamy Peanut Butter (like Jif), 1 large Egg, 2 teaspoons Vanilla Extract, 3/4 cup Rolled Oats, 1 cup Flour, 1/2 teaspoon Baking Soda,Modern Honey,https://www.modernhoney.com/best-monster-cookies/, 1/4 teaspoon Salt, 3/4 cup Chocolate Chips, 1 cup M&M's Chocolate Candies (divided),NA,NA,NA,NA,NA,NA,NA,NA,NA,NA,NA,NA,NA,NA,NA
Salted Caramel Skillet Cookie,Melissa Stadler,5,11,25 minutes,30 minutes,NA,NA,11, 1 cup Butter, 1  cup Brown Sugar, 1/2 cup Sugar, 1 teaspoon Vanilla Extract, 2 large Eggs, 2 1/4 cups Flour, 1 teaspoon Baking Soda, 1/2 teaspoon Salt, 1 1/2 cups Milk Chocolate Chips/Chunks,Modern Honey,https://www.modernhoney.com/salted-caramel-skillet-cookie/, 20 soft Caramels (divided), Sea Salt,NA,NA,NA,NA,NA,NA,NA,NA,NA,NA,NA,NA,NA,NA,NA,NA
Coconut Pineapple Cookies,Melissa Stadler,5,2,10 minutes,10 minutes,NA,NA,10, 1 cup Butter (softened), 1 1/2 cups Brown Sugar, 1/2 cup Sugar, 2 large Eggs, 1 teaspoon Vanilla or Coconut Extract, 2 3/4 cups Flour, 1 teaspoon Baking Soda, 1/2 teaspoon Salt, 6 to 8 ounces Dried Sweetened Pineapple *,Modern Honey,https://www.modernhoney.com/coconut-pineapple-cookies/, 1 cup Sweetened Flaked Coconut,NA,NA,NA,NA,NA,NA,NA,NA,NA,NA,NA,NA,NA,NA,NA,NA,NA
Nestle Toll House Chocolate Chip Cookies Recipe,Melissa Stadler,5,76,15 minutes,10 minutes,NA,NA,10, 1 cup (2 sticks) Butter (softened), 3/4 cup Granulated Sugar, 3/4 cup Packed Brown Sugar, 1 teaspoon Vanilla Extract, 2 large Eggs, 2 1/4 cups All-Purpose Flour, 1 teaspoon Baking Soda, 1 teaspoon Salt, 2 cups (12-oz. pkg) Nestle Toll House Semi-Sweet Chocolate Morsels,Modern Honey,https://www.modernhoney.com/nestle-toll-house-chocolate-chip-cookies-recipe/, 1 cup Chopped Nuts * (OPTIONAL),NA,NA,NA,NA,NA,NA,NA,NA,NA,NA,NA,NA,NA,NA,NA,NA,NA
Chocolate Chip Blondies,Melissa Stadler,5,44,10 minutes,25 minutes,NA,NA,9, 1/2 cup Melted Butter, 1 cup Brown Sugar, 1 large Egg, 1 large Egg Yolk, 2 teaspoons Vanilla Extract, 1 cup Flour, 1/4 teaspoon Baking Soda," 1/4 teaspoon Salt (if using unsalted butter, increase to 1/2 teaspoon)", 1 cup Chocolate Chips (divided),Modern Honey,https://www.modernhoney.com/chocolate-chip-blondies/,NA,NA,NA,NA,NA,NA,NA,NA,NA,NA,NA,NA,NA,NA,NA,NA,NA,NA
Sugar Cookie Flag Fruit Pizza,Melissa Stadler,5,6,25 minutes,16 minutes,NA,NA,20,SUGAR COOKIE CRUST:," 3/4 cup Butter (1 1/2 sticks, softened)", 1 1/2 cups Sugar, 1 large Egg, 1 large Egg Yolk, 1 teaspoon Vanilla Extract, 1 3/4 cups Flour, 1/2 teaspoon Baking Powder, 1/2 teaspoon Salt,Modern Honey,https://www.modernhoney.com/sugar-cookie-flag-fruit-pizza/,CREAM CHEESE FROSTING:, 12 ounces Cream Cheese (softened), 2 cups Powdered Sugar, 1/2 cup Heavy Cream, 1 teaspoon Vanilla Extract ,WHIPPED CREAM:, 1 1/2 cups Heavy Cream, 1/3 cup Powdered Sugar,FRESH FRUIT:, 6 to 9 ounces Blueberries, 12 ounces Raspberries,NA,NA,NA,NA,NA,NA,NA
Confetti Sprinkle Cookies,Melissa Stadler,5,8,15 minutes,10 minutes,NA,NA,11, 1 cup Butter (softened), 1 1/2 cups Brown Sugar, 1/2 cup Sugar, 2 large Eggs, 2 teaspoons Vanilla Extract, 1 teaspoon Birthday Cake Extract (optional), 2 3/4 cups Flour, 1 teaspoon Baking Soda, 1/2 teaspoon Salt,Modern Honey,https://www.modernhoney.com/confettii-sprinkle-cookies/, 3/4 cup Rainbow Sprinkles, 1 1/2 cups White Chocolate Chips,NA,NA,NA,NA,NA,NA,NA,NA,NA,NA,NA,NA,NA,NA,NA,NA
Browned Butter Toffee Chocolate Chip Cookies,Melissa Stadler,5,18,25 minutes,12 minutes,NA,NA,11, 1 cup Butter, 1 cup Brown Sugar *, 2/3 cup Sugar, 2 large Eggs, 2 teaspoons Vanilla Extract, 2 1/3 cups Flour, 1 teaspoon Baking Soda, 1 teaspoon Salt *, 10 ounces Chocolate Chips or Chunks (semi-sweet or milk chocolate),Modern Honey,https://www.modernhoney.com/browned-butter-toffee-chocolate-chip-cookies/, 1 cup Chocolate Covered Toffee Bits, Sea Salt Flakes (optional),NA,NA,NA,NA,NA,NA,NA,NA,NA,NA,NA,NA,NA,NA,NA,NA
Oatmeal Chocolate Chip Cookies,Melissa Stadler,5,9,10 minutes,10 minutes,NA,NA,11, 1 cup Butter (softened to room temperature), 1 1/4 cups Brown Sugar, 3/4 cup Sugar, 2 large Eggs , 2 teaspoons Vanilla Extract , 2 1/4 cups Flour, 1 1/2 cups Rolled Oats, 1/2 teaspoon Cornstarch, 1 teaspoon Baking Soda,Modern Honey,https://www.modernhoney.com/oatmeal-chocolate-chip-cookies/, 1 teaspoon Salt, 2 cups Chocolate Chips (or chocolate bar cut into chunks),NA,NA,NA,NA,NA,NA,NA,NA,NA,NA,NA,NA,NA,NA,NA,NA
Chocolate Crinkle Cookies,Melissa Stadler,4.82,11,15 minutes,9 minutes,NA,NA,13, 1 cup Butter (softened), 1 cup Brown Sugar, 1 cup Sugar, 2 large Eggs, 1 teaspoon Vanilla Extract, 1 cup Unsweetened Cocoa Powder, 2 cups + 2 Tablespoons Flour, 2 teaspoons Baking Soda, 1/2 teaspoon Salt,Modern Honey,https://www.modernhoney.com/chocolate-crinkle-cookies/, 2 cups Semi-Sweet Chocolate Chips,Roll-in:, 1/3 cup Granulated Sugar, 1 1/2 cups Powdered Sugar ,NA,NA,NA,NA,NA,NA,NA,NA,NA,NA,NA,NA,NA,NA
Chocolate Dipped Pistachio Shortbread Cookies,Melissa Stadler,5,7,10 minutes,12 minutes,NA,NA,12, 1 cup Butter (softened to room temperature), 1 cup Powdered Sugar, 2 teaspoons Vanilla Extract (or 1/2 teaspoon Almond Extract), 2 cups Flour, 1 Tablespoon Heavy Cream or Milk (may add 1-3 teaspoons more), 1/2 teaspoon Salt , 1/2 cup Pistachios (chopped),Chocolate Dipped:, 1 cup Semi-Sweet Chocolate ,Modern Honey,https://www.modernhoney.com/chocolate-dipped-pistachio-shortbread-cookies/, 1 Tablespoon Oil , 1/4 cup Chopped Pistachios, Orange Zest,NA,NA,NA,NA,NA,NA,NA,NA,NA,NA,NA,NA,NA,NA,NA
The Best Oatmeal Raisin Cookies,Melissa Stadler,4.94,30,15 minutes,10 minutes,NA,NA,12," 1 cup Butter (softened, cut into cubes)", 1 cup + 2 Tablespoons Brown Sugar, 2/3 cup Sugar, 2 large Eggs, 2 teaspoons Pure Vanilla Extract," 1/2 teaspoon Cinnamon (optional, we usually omit it)", 2 1/4 cups Flour, 1 1/2 cups Rolled Oats, 1/2 teaspoon Cornstarch,Modern Honey,https://www.modernhoney.com/the-best-oatmeal-raisin-cookies/, 1 teaspoon Baking Soda, 1/2 teaspoon Salt, 2 cups Raisins (soft and plump),NA,NA,NA,NA,NA,NA,NA,NA,NA,NA,NA,NA,NA,NA,NA
Snickers Chocolate Chip Cookies,Melissa Stadler,5,7,15 minutes,9 minutes,NA,NA,10, 1 cup Unsalted Butter (softened), 1 cup Brown Sugar (tightly packed), 1/2 cup Sugar, 2 large Eggs, 1 teaspoon Vanilla , 2 1/4 cups Flour , 3/4 teaspoon Baking Soda, 1 teaspoon Salt , 2 cups Snickers Bars (chopped and tightly packed),Modern Honey,https://www.modernhoney.com/snickers-chocolate-chip-cookies/, 1 cup Semi-Sweet or Milk Chocolate Chips ,NA,NA,NA,NA,NA,NA,NA,NA,NA,NA,NA,NA,NA,NA,NA,NA,NA
Double Chocolate Chocolate Chip Skillet Cookie,Melissa Stadler,5,6,15 minutes,22 minutes,NA,NA,12," 8  ounces* Semi-Sweet Chocolate (divided, only melt 4 ounces)", 3/4 cup Butter , 1 1/4 cups Sugar, 2 large Eggs, 1 teaspoon Vanilla, 1 cup Flour , 1/4 cup Unsweetened Cocoa Powder , 1/4 teaspoon Salt ,Toppings:,Modern Honey,https://www.modernhoney.com/double-chocolate-chocolate-chip-skillet-cookie/, Vanilla Ice Cream, Hot Fudge, Mini Chocolate Chips ,NA,NA,NA,NA,NA,NA,NA,NA,NA,NA,NA,NA,NA,NA,NA
Milk Chocolate Macadamia Coconut Cookies,Melissa Stadler,5,16,15 minutes,10 minutes,NA,NA,12, 1 cup Butter (cut into small cubes), 1 cup Brown Sugar, 1/2 cup Sugar, 2 large Eggs, 1 teaspoon Vanilla , 3 cups Flour (may use 1 1/2 cups of cake flour and 1 1/2 cups of all-purpose flour), 1 teaspoon Cornstarch, 3/4 teaspoon Baking Soda, 3/4 teaspoon Salt,Modern Honey,https://www.modernhoney.com/milk-chocolate-macadamia-coconut-cookies/, 2 cups Milk Chocolate Chips, 1 cup Sweetened Flaked Coconut, 1 cup Macadamia Nuts ,NA,NA,NA,NA,NA,NA,NA,NA,NA,NA,NA,NA,NA,NA,NA
Red Velvet Cookies,Melissa Stadler,4.95,18,10 minutes,10 minutes,NA,NA,12, 1 cup Butter (cold) (cut into small cubes), 1 cup Brown Sugar, 3/4 cup Sugar, 2  large Eggs, 2 teaspoons Vanilla, 2 teaspoons Red Food Coloring , 2 Tablespoons Unsweetened Cocoa Powder, 3 cups Flour  (or 1 1/2 cups of cake flour plus 1 1/2 cups of all-purpose flour. Do NOT pack down the flour), 1 teaspoon Cornstarch,Modern Honey,https://www.modernhoney.com/red-velvet-cookies/, 3/4 teaspoon Baking Soda, 1 teaspoon Salt , 1 1/2 cups White Chocolate Chips ,NA,NA,NA,NA,NA,NA,NA,NA,NA,NA,NA,NA,NA,NA,NA
Chocolate Chip Smores Cookies,Melissa Stadler,5,7,15 minutes,10 minutes,NA,NA,12," 1 cup Butter (cold, cut into cubes)", 1 cup Brown Sugar (packed), 1/2 cup Sugar, 2 large Eggs, 1 teaspoon Vanilla, 3 cups Flour, 1 teaspoon Cornstarch, 3/4 teaspoon Baking Soda, 1 teaspoon Salt ,Modern Honey,https://www.modernhoney.com/chocolate-chip-smores-cookies/, 2 cups Milk Chocolate Chips and Chunks (use a mixture of chips and chunks. Reserve chunks to add once the cookies are removed from oven), (1) 7-ounce jar Marshmallow Fluff  (or make homemade -- recipe link below), 2-3 Graham Cracker Sheets (bite-size pieces),NA,NA,NA,NA,NA,NA,NA,NA,NA,NA,NA,NA,NA,NA,NA
7-Layer Magic Bars,Melissa Stadler,5,11,10 minutes,20 minutes,NA,NA,9, 2  cups Graham Cracker Crumbs  (about 12 sheets), 6 Tablespoons Salted Butter (melted), 1 cup Sweetened Flaked Coconut, 3/4 cup Semi-Sweet Chocolate Chips, 1/2 cup Milk Chocolate Chips, 3/4 cup Butterscotch Chips, 1 cup Chopped Pecans or Walnuts (or 1/4 more), (1) 14-ounce can Sweetened Condensed Milk , 1/2  teaspoon Sea Salt  (sprinkled all over bars),Modern Honey,https://www.modernhoney.com/7-layer-magic-bars/,NA,NA,NA,NA,NA,NA,NA,NA,NA,NA,NA,NA,NA,NA,NA,NA,NA,NA
Brookie (Chocolate Chip Cookie and Brownie Bars),Melissa Stadler,4.88,49,20 minutes,25 minutes,NA,NA,21,Brownie Layer:, 3/4 cup Butter  (softened), 1 cup Sugar, 1/3 cup Brown Sugar , 2 large  Eggs, 1 teaspoon Vanilla, 1/2 cup Unsweetened Cocoa Powder, 1 cup Flour, 1/2 teaspoon Baking Soda,Modern Honey,https://www.modernhoney.com/brookie-chocolate-chip-cookie-and-brownie-bars/, 1/4 teaspoon Salt, 1/2 cup Chocolate Chips (optional),Chocolate Chip Cookie Layer:, 1/2 cup Butter (softened), 3/4 cup Brown Sugar, 1/4 cup Sugar, 1 large Egg, 1 teaspoon Vanilla, 1 1/4 cups Flour, 1/2 teaspoon Baking Soda, 1/2 teaspoon Salt, 1 cup Chocolate Chips (plus milk chocolate chunks to sprinkle on the top),NA,NA,NA,NA,NA,NA
Gluten Free Chocolate Chip Peanut Butter Oatmeal Cookies,Melissa Stadler,5,25,10 minutes,10 minutes,NA,NA,10, 1/2 cup Butter  (softened), 3/4 cup Brown Sugar, 3/4 cup Sugar, 3/4 cup Creamy Peanut Butter (such as Jif or Skippy's), 2 large Eggs, 1 teaspoon Vanilla , 3 cups Gluten-Free Rolled Oats , 1 1/4 teaspoon Baking Soda, 1/2 teaspoon Salt ,Modern Honey,https://www.modernhoney.com/gluten-free-chocolate-chip-peanut-butter-oatmeal-cookies/, 12 ounces Milk Chocolate Chips  (2 cups),NA,NA,NA,NA,NA,NA,NA,NA,NA,NA,NA,NA,NA,NA,NA,NA,NA
M & M Cookie Bars,Melissa Stadler,5,10,10 minutes,22 minutes,NA,NA,11," 1 cup Butter (1/2 cup melted in saucepan, 1/2 cup mixed with sugars)", 1  cup Brown Sugar, 3/4 cup Sugar, 1 large Egg, 1 large Egg Yolk, 1  teaspoon Vanilla , 2 1/3 cups Flour, 1 teaspoon Baking Soda, 1 teaspoon Salt ,Modern Honey,https://www.modernhoney.com/m-m-cookie-bars/, 1 1/2 cups Chocolate Chips, 2 cups  M & M's ,NA,NA,NA,NA,NA,NA,NA,NA,NA,NA,NA,NA,NA,NA,NA,NA
Jacque’s Buttery Sugar Cookies,Melissa Stadler,5,6,10 minutes,10 minutes,NA,NA,14, 1 cup Unsalted Butter (softened), 1 cup Sugar, 1 large Egg, 1 teaspoon Vanilla , 2 1/4 cups Flour, 1/2 teaspoon Baking Powder, 1/2 teaspoon Salt,Vanilla Buttercream Frosting:, 1/2 cup Salted Butter (softened),Modern Honey,https://www.modernhoney.com/jacques-buttery-sugar-cookies/, 2 cups Powdered Sugar, 1 Tablespoon Cream or Milk , 1 teaspoon Vanilla Extract (or 1/4 teaspoon almond extract)," 2 ounces Cream Cheese, softened (optional)", Food Coloring (optional),NA,NA,NA,NA,NA,NA,NA,NA,NA,NA,NA,NA,NA
Salted Caramel Cookies,Melissa Stadler,4.90,48,10 minutes,10 minutes,NA,NA,12, 1 cup Butter (lightly softened), 1 cup Dark Brown Sugar, 1/2 cup Sugar, 1 large Egg, 1 large Egg Yolk, 1 teaspoon Vanilla , 1/4 cup High-Quality Caramel Sauce (plus more for drizzling on cookies), 2 1/2 cups Flour, 1/2 teaspoon Baking Powder,Modern Honey,https://www.modernhoney.com/salted-caramel-cookies/, 3/4 teaspoon Baking Soda, 1 teaspoon Salt , Sea Salt Flakes  (optional to sprinkle on the top),NA,NA,NA,NA,NA,NA,NA,NA,NA,NA,NA,NA,NA,NA,NA
Cranberry Oatmeal Cookies,Melissa Stadler,5,127,10 minutes,9 minutes,NA,NA,11, 1 cup Butter (cut into cubes), 1  cup + 2 Tablespoons Brown Sugar, 2/3 cup Sugar, 2 large Eggs, 1 teaspoon Vanilla, 2 1/4 cup Flour, 1 1/2 cup Rolled Oats , 1/2 teaspoon Cornstarch, 1 teaspoon Baking Soda,Modern Honey,https://www.modernhoney.com/cranberry-oatmeal-cookies/, 1/2 teaspoon Salt, 2 cups Sweetened Dried Cranberries (such as Craisins),NA,NA,NA,NA,NA,NA,NA,NA,NA,NA,NA,NA,NA,NA,NA,NA
One Bowl Chocolate Chip Cookie Recipe,Melissa Stadler,4.97,116,10 minutes,10 minutes,NA,NA,10, 1/2 cup Butter (melted), 2/3 cup Brown Sugar, 1/3 cup Sugar, 1 large Egg, 1 teaspoon Vanilla ," 1 1/3 cup Flour (if you want a thicker cookie, you may use 1 1/2 cups of flour)", 1/2 teaspoon Baking Soda, 1/2 teaspoon Salt, 1/2 cup Milk Chocolate Chips,Modern Honey,https://www.modernhoney.com/one-bowl-chocolate-chip-cookie-recipe/, 1/2 cup Semi-Sweet Chocolate Chips ,NA,NA,NA,NA,NA,NA,NA,NA,NA,NA,NA,NA,NA,NA,NA,NA,NA
Peanut Butter Chocolate Chip Cookies,Melissa Stadler,4.74,15,12 minutes,10 minutes,NA,NA,11, 1/2 cup Butter (softened), 1/2 cup Brown Sugar, 1/2 cup Sugar, 1 large Egg, 1  large Egg Yolk, 1 teaspoon Vanilla Extract, 3/4  cup + 2 Tablespoons Crunchy or Creamy Peanut Butter  (with sugar such as Jif or Skippy), 1 1/3 cups Flour, 1/2 teaspoon Baking Soda,Modern Honey,https://www.modernhoney.com/peanut-butter-chocolate-chip-cookies/, 1/4 teaspoon Salt," 1 cup Chocolate Chips or Chunks (milk chocolate, semi-sweet or dark)",NA,NA,NA,NA,NA,NA,NA,NA,NA,NA,NA,NA,NA,NA,NA,NA
The Best Coconut Macaroons,Melissa Stadler,4.97,55,15 minutes,20 minutes,NA,NA,7, (1) 14-ounce bag Sweetened Coconut Flakes (5 cups -- such as Baker's Angel Flake Sweetened Coconut), 3/4 cup Sweetened Condensed Milk, 2 Tablespoons Butter (melted), 1  teaspoon Vanilla Extract, 2 large Egg Whites (beaten until stiff peaks form), 1/4 to 1/2 teaspoon Salt , 12 ounces Dark or Semisweet Chocolate Wafers or Bar (melted -- OPTIONAL),NA,NA,Modern Honey,https://www.modernhoney.com/the-best-coconut-macaroons/,NA,NA,NA,NA,NA,NA,NA,NA,NA,NA,NA,NA,NA,NA,NA,NA,NA,NA
Chocolate Peppermint Candy Cane Oreo Cookies,Melissa Stadler,5,5,15 minutes,9 minutes,NA,NA,14, 1 cup Cold Butter (cut into small cubes), 1 cup Brown Sugar, 1/2 cup Sugar, 2 large Eggs, 1 teaspoon Vanilla, 1/2 cup Cocoa Powder, 1 cup Cake Flour (or may use all-purpose flour), 1 1/4 cup All-Purpose Flour, 1 teaspoon Cornstarch,Modern Honey,https://www.modernhoney.com/chocolate-peppermint-candy-cane-oreo-cookies/, 3/4 teaspoon Baking Soda, 3/4 teaspoon Salt, 1 1/2 to 2 cups Semi-Sweet Chocolate Chips, 16 Peppermint Candy Cane OREO Cookies (crushed into bite-size pieces), 1/4 teaspoon Peppermint Extract (optional…may add it with the vanilla),NA,NA,NA,NA,NA,NA,NA,NA,NA,NA,NA,NA,NA
Sea Salt Butterscotch Pretzel Cookies,Melissa Stadler,4.89,9,30 minutes,10 minutes,40 minutes,NA,13, 1 cup Butter, 1 1/4 cup Brown Sugar, 1/4 cup Sugar, 1 Egg, 1 Egg Yolk, 1 Tablespoon Vanilla, 2 1/4 cup Flour, 1 teaspoon Baking Soda, 1 teaspoon Sea Salt,Modern Honey,https://www.modernhoney.com/sea-salt-butterscotch-pretzel-cookies/, 3/4 cup Butterscotch Chips, 1/2 cup Semi-Sweet Chocolate Chips, 1 cup Pretzels chopped, Sea Salt optional to sprinkle on top,NA,NA,NA,NA,NA,NA,NA,NA,NA,NA,NA,NA,NA,NA
Pumpkin Chocolate Chip Oatmeal Cookies,Melissa Stadler,5,9,20 minutes,10 minutes,30 minutes,NA,13, 1 cup Butter (melted in saucepan), 1 cup Brown Sugar, 1/2 cup Sugar, 1 Tablespoon Vanilla, 1 Egg Yolk, 2/3 cup 100% Pure Pumpkin Puree (not pie filling), 2 cups Flour, 1 1/2 cups Oats, 1 teaspoon Baking Soda,Modern Honey,https://www.modernhoney.com/saucepan-pumpkin-chocolate-chip-cookies/, 1/2 teaspoon Salt, 1 teaspoon Cinnamon, 1 1/2 teaspoon Pumpkin Pie Spice, 1 3/4 cup Chocolate Chips,NA,NA,NA,NA,NA,NA,NA,NA,NA,NA,NA,NA,NA,NA
Flourless Chocolate Cookies,Melissa Stadler,4.96,21,10 minutes,13 minutes,23 minutes,NA,8, 3 cups Powdered Sugar, 3/4 cup Unsweetened Cocoa Powder, 1/4 teaspoon Salt, 4 Egg Whites large eggs, 1 teaspoon Vanilla, 1 1/2 cups Semisweet or Dark Chocolate Chips, 1 cup Walnuts chopped (optional), Sea salt flakes,NA,Modern Honey,https://www.modernhoney.com/flourless-chocolate-brownie-gluten-free-cookies/,NA,NA,NA,NA,NA,NA,NA,NA,NA,NA,NA,NA,NA,NA,NA,NA,NA,NA
Chocolate Sea Salt Caramel Smores,Melissa Stadler,5,2,NA,30 minutes,30 minutes,NA,5,Brown Butter Snickerdoodle Cookies:, Find recipe here: https://www.modernhoney.com/brown-butter-snickerdoodles-cookies/,Homemade Marshmallows:, Find recipe here: https://www.modernhoney.com/homemade-marshmallows/, 12 Chocolate Sea Salt Caramel Ghirardelli Squares,NA,NA,NA,NA,Modern Honey,https://www.modernhoney.com/chocolate-sea-salt-caramel-smores/,NA,NA,NA,NA,NA,NA,NA,NA,NA,NA,NA,NA,NA,NA,NA,NA,NA,NA
Brown Butter Snickerdoodles Cookies,Melissa Stadler,4.95,18,15 minutes,9 minutes,24 minutes,24,14, 1 cup Butter melted in skillet, 1 cup + 2 Tablespoons Brown Sugar, 1/2 cup Sugar, 1 Egg, 1 Egg Yolk, 2 teaspoons Vanilla Extract, 1/4 teaspoon Cinnamon, 2 1/2 cups Flour, 1 1/2 teaspoons Cream of Tartar,Modern Honey,https://www.modernhoney.com/brown-butter-snickerdoodles-cookies/, 1 teaspoon Baking Soda, 1/2 teaspoon Salt,Cinnamon-Sugar Topping:, 1/3 cup Sugar, 1 Tablespoon Cinnamon,NA,NA,NA,NA,NA,NA,NA,NA,NA,NA,NA,NA,NA
The Overachiever Oatmeal M & M Pretzel Cookie,Melissa Stadler,5, 1 ,10 minutes,12 minutes,22 minutes,NA,13, 1 cup Butter cold and cut into small cubes, 1 1/4 cup Brown Sugar, 1/2 cup Sugar, 2 Eggs, 1 teaspoon Vanilla, 2 cups Flour, 1 3/4 cup Oats, 1 teaspoon Baking Soda, 1/2 teaspoon Cornstarch,Modern Honey,https://www.modernhoney.com/the-overachiever-oatmeal-m-m-pretzel-cookie/, 1/2 teaspoon Salt, 1 cup Pretzels broken up, 1 cup Sweetened Flaked Coconut, 1 1/2 - 2 cups M & M's,NA,NA,NA,NA,NA,NA,NA,NA,NA,NA,NA,NA,NA,NA
Copycat Doubletree Hotel Chocolate Chip Cookies,Melissa Stadler,4.96,22,15 minutes,13 minutes,28 minutes,NA,12, 1 cup Butter melted (in microwave), 1 cup Brown Sugar, 1/2 cup Sugar, 2 Eggs, 2 teaspoons Vanilla, 1/2 teaspoon Lemon Juice, 1/2 cup Rolled Oats ground in food processor, 2 1/4 cup Flour, 1 teaspoon Baking Soda,Modern Honey,https://www.modernhoney.com/copycat-doubletree-hotel-chocolate-chip-cookies/, 1 teaspoon Salt, 2 cups Mini Chocolate Chips, 1 1/2 cups Walnuts coarsely chopped,NA,NA,NA,NA,NA,NA,NA,NA,NA,NA,NA,NA,NA,NA,NA
Chocolate Chip Cookie S’mores,Melissa Stadler,5, 1 ,15 minutes,12 minutes,27 minutes,NA,14,Chocolate Chip Cookies:, 1 cup Butter room temperature, 1 1/2 cup Brown Sugar, 1/3 cup Sugar, 2 Eggs, 2 teaspoons Vanilla, 3 cups Flour, 1 teaspoon Baking Soda, 3/4 teaspoon Baking Powder,Modern Honey,https://www.modernhoney.com/chocolate-chip-cookie-smores/, 1/2 teaspoon Salt, 2 cups Chocolate Chips,Marshmallows and Chocolate:, 6 Hershey Bars 4 squares per cookie, 24 Large Marshmallows,NA,NA,NA,NA,NA,NA,NA,NA,NA,NA,NA,NA,NA
100K Malted Milk Chocolate Chip Cookies,Melissa Stadler,5,3,10 minutes,12 minutes,22 minutes,NA,13, 1 cup Butter softened, 1 cup Brown Sugar, 3/4 cup Sugar, 1 Egg, 1 Egg Yolk, 2 teaspoons Vanilla, 2 Tablespoons Sweetened Condensed Milk, 1/4 cup Malt Powder such as Carnation, 3 cups Flour,Modern Honey,https://www.modernhoney.com/100k-malted-milk-chocolate-chip-cookies/, 3/4 teaspoon Baking Soda, 3/4 teaspoon Salt, 2 cups Milk Chocolate Chips," Optional: coconut nuts, white chocolate chips",NA,NA,NA,NA,NA,NA,NA,NA,NA,NA,NA,NA,NA,NA
Chocolate Chip Cookie Ice Cream Sandwiches,Melissa Stadler,5,2,30 minutes,11 minutes,41 minutes,NA,17,Ultimate Chocolate Chip Cookies:, 1 cup Butter room temperature, 1 1/2 cup Brown Sugar, 1/3 cup Sugar, 2 Eggs, 2 teaspoons Vanilla, 3 cups Flour, 1 teaspoon Baking Soda, 3/4 teaspoon Baking Powder,Modern Honey,https://www.modernhoney.com/chocolate-chip-cookie-ice-cream-sandwiches/, 1/2 teaspoon Salt, 2 cups Chocolate Chips or Chocolate Bars chopped, Sea Salt for sprinkling,Homemade Vanilla Ice Cream:, 3 cups Heavy Cream, 2 cups Half-n-Half, 1 2/3 cups Sugar, 1 Vanilla Bean halved and scraped or 1 teaspoon Pure Vanilla Extract or Paste,NA,NA,NA,NA,NA,NA,NA,NA,NA,NA
S’mores Bars,Melissa Stadler,5,7,15 minutes,28 minutes,43 minutes,NA,14,Graham Cracker Cookie Dough:," 3/4 cup Butter 1 1/2 sticks, softened", 1/2 cup Brown Sugar, 2/3 cup Sugar, 1 Egg, 1 Egg Yolk, 1 teaspoon Vanilla, 1 1/3 cups Graham Cracker Crumbs from about 1 full package, 1 1/2 cups Flour,Modern Honey,https://www.modernhoney.com/smores-bars/, 3/4 teaspoon Baking Soda, 3/4 teaspoon Salt,Marshmallow and Chocolate Topping:, 1 - 7- ounce jar Marshmallow Cream, 8 ounces Milk Chocolate Bars,NA,NA,NA,NA,NA,NA,NA,NA,NA,NA,NA,NA,NA
Rocky Road Fudge Cookies,Melissa Stadler,4.67,3,15 minutes,12 minutes,27 minutes,NA,11," 1 cup Butter, cold cut into small cubes", 1 3/4 cup Sugar, 2 Eggs, 2 teaspoon Vanilla, 1/2 cup Cocoa high quality **, 2 1/4 cup Flour, 1 teaspoon Baking Powder, 1/4 teaspoon Salt, 2 cups Chocolate Chips or Chunks,Modern Honey,https://www.modernhoney.com/rocky-road-fudge-cookies/, 2 cups Mini Marshmallows , 3/4 - 1 cup Walnuts,NA,NA,NA,NA,NA,NA,NA,NA,NA,NA,NA,NA,NA,NA,NA,NA
Chocolate Chip Cookie Bars,Melissa Stadler,4.76,57,10 minutes,30 minutes,40 minutes,NA,20, For 8 x 8 pan:, 1/2 cup Butter softened, 1/2 cup Brown Sugar, 1/2 cup Sugar, 1 Egg, 2 teaspoons Vanilla, 1 1/4 cup Flour, 1/2 teaspoon Baking Soda, 1/4 teaspoon Salt,Modern Honey,https://www.modernhoney.com/chocolate-chip-cookie-bars/, 1 cup Semi-sweet Chocolate Chips, For 9 x 13 pan:, 1 cup Butter, 1 cup Brown Sugar, 1 cup Sugar, 2 Eggs, 1 Tablespoon Vanilla, 2 1/2 cups Flour, 1 teaspoon Baking Soda, 1/2 teaspoon Salt, 2 cups Semisweet Chocolate Chips,NA,NA,NA,NA,NA,NA,NA
Grapefruit Sugar Cookies with White Chocolate Buttercream,Melissa Stadler,5,2,15 minutes,10 minutes,25 minutes,NA,15," 1 cup Butter cold, cut into cubes", 2 cups Sugar, 2 Eggs, 1 teaspoon Pure Vanilla Extract, 2 Tablespoons Fresh Grapefruit Juice, 1-2 Tablespoons Grapefruit Zest may put more grapefruit zest for extra flavor, 3 Cups Flour, 1 1/4 teaspoon Baking Powder, 1/4 teaspoon Baking Soda,Modern Honey,https://www.modernhoney.com/grapefruit-sugar-cookies-with-white-chocolate-buttercream/, 1/2 teaspoon Salt, White Chocolate Buttercream:, 1 cup Butter softened, 12 ounces White Chocolate melted, 1 cup Powdered Sugar, Grapefruit Zest,NA,NA,NA,NA,NA,NA,NA,NA,NA,NA,NA,NA
French Macarons,Melissa Stadler,5,2,35 minutes,20 minutes,55 minutes,NA,19, 3 Egg Whites at room temperature, 1/4 cup Sugar, 1/4 teaspoon Cream of Tartar, 1/8 teaspoon Salt, Food Coloring, 2 cups Powdered Sugar, 1 cup Blanched Almond Flour,Macaron Filling Ideas:, Lemon Curd,Modern Honey,https://www.modernhoney.com/french-macarons/, Raspberry or Strawberry Jam, Chocolate Ganache, Nutella, Almond Buttercream, Pistachio Cream,Vanilla Cream Cheese Buttercream Filling:, (1) 8-ounce pkg. Cream Cheese softened, 8 Tablespoons Butter (softened), 2 cups Powdered Sugar, 1 Vanilla Bean or 2 teaspoons Pure Vanilla Extract,NA,NA,NA,NA,NA,NA,NA,NA
RubySnap Vivianna Dark Chocolate Mango Cookies,Melissa Stadler,5,2,10 minutes,9 minutes,19 minutes,NA,11, 1 cup Butter softened slightly, 1 1/2 cups Brown Sugar, 1/2 cup Sugar, 2 Eggs, 1 teaspoon Fresh Orange Zest, 2 3/4 cups Flour, 3/4 teaspoon Baking Soda, 1/4 teaspoon Baking Powder, 1/2 teaspoon Salt,Modern Honey,https://www.modernhoney.com/rubysnap-vivianna-dark-chocolate-mango-cookies/, 1 1/2 cups Dark Chocolate Chunks, 1 cup Dried Mango cut into bite size pieces,NA,NA,NA,NA,NA,NA,NA,NA,NA,NA,NA,NA,NA,NA,NA,NA
RubySnap Judy Orange Cream Cookies,Melissa Stadler,5,16,15 minutes,12 minutes,27 minutes,NA,14, 1 cup Butter softened, 2 cups Sugar, 2 Eggs, 1/4 cup Sour Cream, 2 Tablespoons Orange Zest, 3 cups Flour, 1/2 teaspoon Cornstarch, 1/2 teaspoon Baking Powder, 1/2 teaspoon Salt,Modern Honey,https://www.modernhoney.com/rubysnap-judy-orange-cream-cookies/,Sweet Orange Cream Frosting:, 1/2 cup Butter softened, (1) 8-ounce pkg. Cream Cheese softened, 3 cups Powdered Sugar, 2 teaspoons Orange Zest,NA,NA,NA,NA,NA,NA,NA,NA,NA,NA,NA,NA,NA
Valentine’s M&M Cookies,Melissa Stadler,5, 1 ,10 minutes,12 minutes,22 minutes,NA,10, 1 cup Cold Butter cut into cubes, 1 cup Brown Sugar, 2/3 cup Sugar, 2 Eggs, 1 teaspoon Vanilla, 2 3/4 cups Flour, 3/4 teaspoon Baking Soda, 1/2 teaspoon Salt, 1 1/2 cups M & M's,Modern Honey,https://www.modernhoney.com/the-heartbreaker-m-m-pretzel-cookies/, 1 cup Chocolate Chips (optional),NA,NA,NA,NA,NA,NA,NA,NA,NA,NA,NA,NA,NA,NA,NA,NA,NA
Mini Individual Chocolate Chip Cookie Sundae (Pizookie),Melissa Stadler,5,8,15 minutes,20 minutes,35 minutes,NA,10, 1 cup Butter divided, 1 cup Brown Sugar, 1/2 cup Sugar, 2 Eggs, 1 teaspoon Vanilla, 2 cups + 2 Tablespoons Flour, 1 teaspoon Baking Soda, 1/2 teaspoon Salt, 1 1/2 cups Semi-sweet Chocolate Chips,Modern Honey,https://www.modernhoney.com/mini-individual-chocolate-chip-cookie-sundae-pizookies/, Vanilla Bean Ice Cream,NA,NA,NA,NA,NA,NA,NA,NA,NA,NA,NA,NA,NA,NA,NA,NA,NA
Levain Bakery Oatmeal Raisin Cookies,Melissa Stadler,4.94,103,15 minutes,10 minutes,25 minutes,NA,13, 1 cup Cold Butter cut into cubes, 1 cup + 2 Tablespoons Brown Sugar, 1/2 cup Sugar, 2 Eggs, 2 cups Flour, 1/2 cup Cake Flour, 1 1/2 cup Rolled Oats, 1 teaspoon Cornstarch, 3/4 teaspoon Baking Soda,Modern Honey,https://www.modernhoney.com/levain-bakery-oatmeal-raisin-cookies/, 1/2 teaspoon Salt, 1/2 teaspoon Cinnamon, 1 1/2 cups Raisins, 1 cup Walnuts chopped (OPTIONAL),NA,NA,NA,NA,NA,NA,NA,NA,NA,NA,NA,NA,NA,NA
Levain Bakery Dark Chocolate Chocolate Chip Copycat Cookies,Melissa Stadler,4.96,115,25 minutes,10 minutes,35 minutes,NA,11, 1 cup Cold Butter cut into small cubes, 1 cup Brown Sugar, 1/2 cup Sugar, 2 Eggs, 1/2 cup Dark Baking Cocoa, 1 cup Cake Flour, 1 1/2 cup All-Purpose Flour, 1 teaspoon Cornstarch, 3/4 teaspoon Baking Soda,Modern Honey,https://www.modernhoney.com/levain-bakery-dark-chocolate-chocolate-chip-copycat-cookies/, 1/2 teaspoon Salt, 1 1/3 cup Semisweet Chocolate Chips,NA,NA,NA,NA,NA,NA,NA,NA,NA,NA,NA,NA,NA,NA,NA,NA
Gingerbread Skillet Cookie with Caramel Sauce,Melissa Stadler,5,3,10 minutes,30 minutes,40 minutes,NA,15, 1 cup Butter, 1 1/3 cup Sugar, 1 Egg, 1 Egg Yolk, 1/3 cup Molasses, 2 2/3 cups Flour, 1 teaspoon Baking Soda, 1/2 teaspoon Baking Powder, 1/4 teaspoon Salt,Modern Honey,https://www.modernhoney.com/gingerbread-skillet-cookie-caramel-sauce/, 1 teaspoon Cinnamon, 1 1/2 teaspoons Ginger, 1 1/2 teaspoons Ground Cloves, 1/4 teaspoon Cayenne Pepper, Vanilla Ice Cream, Caramel Sauce,NA,NA,NA,NA,NA,NA,NA,NA,NA,NA,NA,NA
Gingersnap Oreos with Cream Cheese Filling,Melissa Stadler,5,2,15 minutes,14 minutes,29 minutes,NA,21,Molasses Ginger Cookies:," 1 1/2 cups 3 sticks Cold Butter, cut into cubes", 2 cups Sugar, 2 Eggs, 1/2 cup Molasses, 4 cups Flour, 2 teaspoons Baking Soda, 1 teaspoon Baking Powder, 1/2 teaspoon Salt,Modern Honey,https://www.modernhoney.com/gingersnap-oreos-cream-cheese-filling/, 2 teaspoons Cinnamon, 2 1/2 teaspoons Ginger, 2 teaspoons Cloves, 1/2 teaspoon Cayenne Pepper, Sugar,Cream Cheese Filling:, 1 cup Butter softened, 8 ounce Cream Cheese softened, 4 cups Powdered Sugar," 1/3 cup Heavy Cream Milk, or Egg Nog", 1 teaspoon Vanilla, ****Recipe can be halved easily.,NA,NA,NA,NA,NA,NA
Peppermint Bark Cookie Dough Cups,Melissa Stadler,5, 1 ,25 minutes,NA,25 minutes,NA,14, Cookie Dough:, 1/4 cup Butter softened, 1/4 cup Brown Sugar, 2 Tablespoons Sugar, 1 teaspoon Vanilla, 1 Tablespoons Milk, 1/2 cup Flour, 1/4 teaspoon Salt, 1/2 cup Chocolate Chips,Modern Honey,https://www.modernhoney.com/peppermint-bark-cookie-dough-cups/, Chocolate Fillings:, 1 1/2 cups White Chocolate, 1 1/2 cups Semisweet or Milk Chocolate, 3 Candy Canes crushed, Sea Salt optional,NA,NA,NA,NA,NA,NA,NA,NA,NA,NA,NA,NA,NA
Grandma Geri’s Molasses Gingersnaps,Melissa Stadler,4.96,25,10 minutes,14 minutes,24 minutes,NA,27,FULL RECIPE:," 1 1/2 cups 3 sticks Cold Butter, cut into cubes", 2 cups Sugar, 2 Eggs, 1/2 cup Molasses, 4 cups Flour, 2 teaspoons Baking Soda, 1 teaspoon Baking Powder, 1/2 teaspoon Salt,Modern Honey,https://www.modernhoney.com/grandma-geris-gingersnaps/, 2 teaspoons Cinnamon, 2 1/2 teaspoons Ginger, 2 teaspoons Cloves, 1/2 teaspoon Cayenne Pepper, Sugar,HALF-RECIPE:, 12 Tablespoons Butter 3/4 cup or 1 1/2 sticks of Butter, 1 cup Sugar, 1 Egg, 1/4 cup Molasses, 2 cups Flour, 1 teaspoon Baking Soda, 1/2 teaspoon Baking Powder, 1/4 teaspoon Salt, 1 teaspoon Cinnamon, 1 1/4 teaspoon Ginger, 1 teaspoon Cloves, 1/4 teaspoon Cayenne Pepper
Ghirardelli Squares Chocolate Cookies,Melissa Stadler,5, 1 ,15 minutes,12 minutes,27 minutes,NA,10," 1 cup Butter, cold cut into small cubes", 1 3/4 cup Sugar, 2 Eggs, 2 teaspoon Vanilla, 1/2 cup Cocoa high quality **, 2 1/4 cup Flour, 1 teaspoon Baking Powder, 1/4 teaspoon Salt, 1/2 cup Chocolate Chunks,Modern Honey,https://www.modernhoney.com/ghirardelli-squares-chocolate-cookies/, 16-24 Ghirardelli Chocolate Squares flavor of choice,NA,NA,NA,NA,NA,NA,NA,NA,NA,NA,NA,NA,NA,NA,NA,NA,NA
Mrs. Claus Chocolate Peppermint Cookies,Melissa Stadler,5,5,10 minutes,12 minutes,22 minutes,NA,11," 1 cup Butter, cold cut into small cubes", 1 3/4 cup Sugar, 2 Eggs, 2 teaspoon Vanilla, 1/2 cup Cocoa high quality **, 2 1/4 cup Flour, 1 teaspoon Baking Powder, 1/4 teaspoon Salt, 1 cup Chocolate Chunks,Modern Honey,https://www.modernhoney.com/mrs-claus-chocolate-peppermint-cookies/," 2 - 3.5- ounce bars Peppermint Bark or White Chocolate Candy Cane Bar cut into chunks (may want more depending on preference), Ghirardelli or Hershey’s", 3 Candy Canes crushed,NA,NA,NA,NA,NA,NA,NA,NA,NA,NA,NA,NA,NA,NA,NA,NA
Chocolate Ganache Filled Cookie Cups,Melissa Stadler,5,2,10 minutes,10 minutes,20 minutes,NA,19, 1 - 16.5 ounce pkg. Nestle Chocolate Chip Cookie Dough homemade recipe down below, 1 cup Chocolate Chips, 2 Tablespoons Heavy Cream,Optional:," White Chocolate Milk Chocolate, Semi-Sweet, or Dark Chocolate", Swirl with white chocolate, Top with chocolate chips or chocolate curls,ULTIMATE CHOCOLATE CHIP COOKIE RECIPE:, 1 cup Butter room temperature,Modern Honey,https://www.modernhoney.com/chocolate-ganache-filled-cookie-cups/, 1 1/2 cup Brown Sugar, 1/3 cup Sugar, 2 Eggs, 2 teaspoons Vanilla, 3 cups Flour, 1 teaspoon Baking Soda, 3/4 teaspoon Baking Powder, 1/2 teaspoon Salt, 2 cups Chocolate Chips or Chocolate Bars chopped, For cookie dough directions: https://www.modernhoney.com/ultimate-chocolate-chip-cookies/,NA,NA,NA,NA,NA,NA,NA,NA
Homemade Oreo Cookies,Melissa Stadler,5,2,15 minutes,14 minutes,29 minutes,NA,13," 3/4 cup Butter (1 1/2 sticks, softened)", 1 cup Sugar, 1 Egg, 1 teaspoon Vanilla, 1/4 cup + 2 Tablespoons Cocoa Powder, 1 1/2 cups Flour, 1/2 teaspoon Baking Soda, 1/8 teaspoon Baking Powder, 1/2 teaspoon Salt,Modern Honey,https://www.modernhoney.com/homemade-oreo-cookies/,Sweet Buttercream Filling:, 3/4 cup Butter (softened), 1 1/2 cups Powdered Sugar, 1 teaspoon Vanilla,NA,NA,NA,NA,NA,NA,NA,NA,NA,NA,NA,NA,NA,NA
Browned Butter White Chocolate Blondies,Melissa Stadler,4.81,31,15 minutes,22 minutes,37 minutes,NA,9," 12 Tablespoons Butter 1 1/2 sticks, melted and cooled", 1 1/2 cups Brown Sugar, 2 Eggs, 2 teaspoons Vanilla Extract, 1 1/2 cups Flour, 1 teaspoon Baking Powder, 1/2 teaspoon Salt, 2/3 cup White Chocolate Chips, 2/3 cup Pecans optional,Modern Honey,https://www.modernhoney.com/browned-butter-white-chocolate-blondies/,NA,NA,NA,NA,NA,NA,NA,NA,NA,NA,NA,NA,NA,NA,NA,NA,NA,NA
White Chocolate Dipped Snickerdoodles,Melissa Stadler,5,3,NA,NA,NA,NA,15, 1 cup Butter softened, 1 1/2 cups Sugar, 2 Eggs, 2 teaspoons Pure Vanilla, 3 cups Flour, 1/2 teaspoon Cream of Tartar, 1/2 teaspoon Baking Soda, 1/2 teaspoon Salt,Cinnamon-Sugar Mixture:,Modern Honey,https://www.modernhoney.com/white-chocolate-dipped-snickerdoodles/, 1/2 cup Sugar, 3 Tablespoons Cinnamon,White Chocolate:, 1 cup White Chocolate Melting Wafers or Chips,Optional Topping Ideas:," Pistachios Dried Cranberries, Cinnamon Sugar, Coconut Flakes, mini M & M's, chopped Cinnamon Chips",NA,NA,NA,NA,NA,NA,NA,NA,NA,NA,NA,NA
Lenny and Larry’s Protein Cookie Copycat,Melissa Stadler,4.47,15,10 minutes,10 minutes,20 minutes,NA,10, 1/2 cup Palm Margarine cold, 1/2 cup Cane Sugar, 1 teaspoon Ground Flax Seed or Chia Seeds, 2 Tablespoon Water, 2 teaspoons Molasses, 1/2 cup Protein Powder vanilla pea protein or whey protein powder, 1 1/4 cup Whole Wheat Pastry Flour, 3/4 teaspoon Baking Soda, 1/4 teaspoon Salt,Modern Honey,https://www.modernhoney.com/lenny-larrys-protein-cookie-copycat/, 1/2 cup Chocolate Chips for vegan use dairy free chocolate such as Enjoy Life Chocolate Chunks,NA,NA,NA,NA,NA,NA,NA,NA,NA,NA,NA,NA,NA,NA,NA,NA,NA
MJ’s Top Secret Chocolate Chip Cookies,Melissa Stadler,4.96,49,15 minutes,12 minutes,27 minutes,NA,12, 1 cup Butter, 1 cup + 2 Tablespoons Dark Brown Sugar, 1/2 cup Sugar, 1 Egg, 1 Egg Yolk, 1 teaspoon Pure Vanilla, 2 cups + 2 Tablespoons Flour, 3/4 teaspoon Baking Soda, 1/2 teaspoon Salt,Modern Honey,https://www.modernhoney.com/mjs-top-secret-chocolate-chip-cookies/, 3/4 cup Semi-sweet Chocolate Chunks, 3/4 cup Milk Chocolate Chunks, Sea Salt Flakes to sprinkle on top of cookies,NA,NA,NA,NA,NA,NA,NA,NA,NA,NA,NA,NA,NA,NA,NA
Bake Sale Trifecta Bars,Melissa Stadler,5,11,20 minutes,35 minutes,55 minutes,NA,23,Brownie Layer:," 1 stick unsalted butter at room temperature, plus more for the pan", 1 cup granulated sugar, 1/3 cup packed light brown sugar, 2 large eggs, 2 teaspoons pure vanilla extract, 3/4 cup all-purpose flour, 1/2 cup unsweetened cocoa powder, 1/4 teaspoon salt,Modern Honey,https://www.modernhoney.com/bake-sale-trifecta-bars/,Cookie Layer:, 1 stick unsalted butter at room temperature, 3/4 cup packed light brown sugar, 2 tablespoons granulated sugar, 1 large egg, 1 teaspoon pure vanilla extract, 1 1/2 cups all-purpose flour, 1/2 teaspoon baking soda, 1/2 teaspoon salt, 1 cup chocolate chips,Rice Krispie Treat Layer:, 3 Tablespoons unsalted butter plus more for your hands, 1 10 - ounce bag mini marshmallows, 3 cups crispy rice cereal,NA,NA,NA,NA
Levain Bakery Dark Chocolate Peanut Butter Chip Cookies,Melissa Stadler,4.99,91,10 minutes,10 minutes,20 minutes,NA,11, 1 cup Cold Butter cut into small cubes, 1 cup Brown Sugar, 1/2 cup Sugar, 2 Eggs, 1/2 cup Dark Baking Cocoa, 1 cup Cake Flour, 1 1/2 cup All-Purpose Flour, 1 teaspoon Cornstarch, 3/4 teaspoon Baking Soda,Modern Honey,https://www.modernhoney.com/levain-bakery-dark-chocolate-peanut-butter-chip-cookies/, 1/2 teaspoon Salt, 1 1/3 cup Peanut Butter Chips,NA,NA,NA,NA,NA,NA,NA,NA,NA,NA,NA,NA,NA,NA,NA,NA
Red Velvet Sugar Cookie Bars,Melissa Stadler,5,10,10 minutes,18 minutes,28 minutes,NA,16,Red Velvet Cookie Bars:, 1 cup Butter softened, 1 1/2 cup Sugar, 2 Eggs, 2 teaspoons Vanilla, 1 1/2 Tablespoons Red Food Coloring, 1/3 cup Cocoa Powder, 2 cups Flour, 3/4 teaspoon Baking Soda,Modern Honey,https://www.modernhoney.com/red-velvet-sugar-cookie-bars/, 1/2 teaspoon Salt,Cream Cheese Frosting:, 1/2 cup Butter softened, 1 - 8 ounce pkg. Cream Cheese softened, 3 cups Powdered Sugar, 1 teaspoon Vanilla optional, 1/8 teaspoon Salt if using unsalted butter,NA,NA,NA,NA,NA,NA,NA,NA,NA,NA,NA
Lady’s Chocolate Chip Skillet Cookie,Melissa Stadler,4.77,90,20 minutes,26 minutes,46 minutes,NA,11, 1 cup Butter, 1 cup Brown Sugar, 1/2 cup Sugar, 2 Eggs, 1 teaspoon Vanilla, 2 cups + 2 Tablespoons Flour, 1 teaspoon Baking Soda, 1/2 teaspoon Salt, 3/4 cup Milk Chocolate Chunks,Modern Honey,https://www.modernhoney.com/ladys-chocolate-chip-skillet-cookie/, 3/4 cup Semi-sweet Chocolate Chips, Vanilla Bean Ice Cream,NA,NA,NA,NA,NA,NA,NA,NA,NA,NA,NA,NA,NA,NA,NA,NA
Hunka Hunka Triple Chocolate Cookies,Melissa Stadler,5,4,NA,12 minutes,12 minutes,NA,11," 1 cup Butter, cold cut into small cubes", 1 3/4 cup Sugar, 2 Eggs, 2 teaspoon Vanilla, 1/2 cup Cocoa high quality **, 2 1/4 cup Flour, 1 teaspoon Baking Powder, 1/4 teaspoon Salt, 1 cup Chocolate Chunks,Modern Honey,https://www.modernhoney.com/hunka-hunka-triple-chocolate-cookies/, 1 cup White Chocolate Chunks, **Notes: I use Callebaut cocoa powder. It is high quality but it can be found for an incredibly low price at a Winco grocery store in their bulk bins. It’s 4 times as much on Amazon. Trader Joe’s has a nice cocoa powder as well.,NA,NA,NA,NA,NA,NA,NA,NA,NA,NA,NA,NA,NA,NA,NA,NA
Ultimate Chocolate Chip Cookies,Melissa Stadler,4.72,7,10 minutes,11 minutes,21 minutes,NA,11, 1 cup Butter room temperature, 1 1/2 cup Brown Sugar, 1/2 cup Sugar, 2 Eggs, 2 teaspoons Vanilla, 3 cups Flour, 1 teaspoon Baking Soda, 1/2 teaspoon Salt, 2 cups Chocolate Chips or Chocolate Bars chopped,Modern Honey,https://www.modernhoney.com/ultimate-chocolate-chip-cookies/, Sea Salt for sprinkling,"This recipe was updated in 2018. To see the recipe from 2016, scroll down to the notes.",NA,NA,NA,NA,NA,NA,NA,NA,NA,NA,NA,NA,NA,NA,NA,NA
Lemon Sugar Cookies,Melissa Stadler,4.89,109,10 minutes,10 minutes,20 minutes,NA,11," 1 cup Butter cold, cut into cubes", 2 cups Sugar, 2 Eggs, 1 teaspoon Pure Vanilla Extract, 1 1/2 Tablespoon Fresh Lemon Juice, 1 Tablespoon Lemon Zest may put more lemon zest for extra flavor, 3 cups Flour, 1 1/4 teaspoon Baking Powder, 1/4 teaspoon Baking Soda,Modern Honey,https://www.modernhoney.com/lemon-sugar-cookies/, 1/2 teaspoon Salt, *may put in a drop of yellow food coloring for color,NA,NA,NA,NA,NA,NA,NA,NA,NA,NA,NA,NA,NA,NA,NA,NA
I Want to Marry You Cookies (Marry Me Cookies),Melissa Stadler,4.92,24,20 minutes,10 minutes,NA,NA,14, 1 cup Butter, 1 cup + 2 Tablespoons Dark Brown Sugar, 1/2 cup Sugar, 1 Egg, 1 Egg Yolk, 1 teaspoon Pure Vanilla, 2 cups Flour, 1 cup Rolled Oats, 3/4 teaspoon Baking Soda,Modern Honey,https://www.modernhoney.com/i-want-to-marry-you-cookies/, 1/2 teaspoon Salt, 1/8 teaspoon Cinnamon," 1 cup Chocolate Chips combination milk, semi-sweet or dark", 3/4 cup White Chocolate Chips, Optional Nuts,NA,NA,NA,NA,NA,NA,NA,NA,NA,NA,NA,NA,NA
Salty Sweet Caramel Pretzel Cookies,Melissa Stadler,5,6,10 minutes,12 minutes,22 minutes,NA,13, 1 cup Butter softened slightly, 1 cup Brown Sugar, 1/2 cup Sugar, 1 Egg, 1 Egg Yolk, 2 teaspoons Vanilla, 1 Tablespoon Powdered Milk optional, 2 1/2 cup Flour, 3/4 teaspoon Baking Soda,Modern Honey,https://www.modernhoney.com/salty-sweet-caramel-pretzel-cookies/, 3/4 teaspoon Salt, 2 cups Milk Chocolate Chips or 1 cup semisweet + 1 cup milk chocolate, 1 cup Caramel Bits from Kraft or caramels cut into small pieces, 1 cup Pretzels break up with hands or chop into pieces,NA,NA,NA,NA,NA,NA,NA,NA,NA,NA,NA,NA,NA,NA
Oreo Stuffed Candy Monster Cookies,Melissa Stadler,5,2,15 minutes,14 minutes,29 minutes,NA,18,Chocolate Cookies:, 1 1/2 cups Butter softened, 2 cups Sugar, 2 Eggs, 1 teaspoon Pure Vanilla Extract, 3 cups Flour, 3/4 cups Cocoa Powder, 1 teaspoon Baking Soda, 1/4 teaspoon Baking Powder,Modern Honey,https://www.modernhoney.com/oreo-stuffed-candy-monster-cookies/, 1/2 teaspoon Salt,Cream Filling:, 1/2 cup Butter softened, 4 ounces Cream Cheese softened, 2 cups Powdered Sugar, 1 Tablespoon Milk, 1 teaspoon Pure Vanilla Extract," 1 cup Chocolate Candy Bars of your choice, chopped – Twix, Heath Bar, Kit Kat, Snickers, M & M’s"," If you like a lot of filling, feel free to double the recipe",NA,NA,NA,NA,NA,NA,NA,NA,NA
Levain Bakery Chocolate Chip Crush Cookies,Melissa Stadler,4.97,1122,10 minutes,11 minutes,21 minutes,NA,11, 1 cup Cold Butter cut into small cubes, 1 cup Brown Sugar, 1/2 cup Sugar, 2 Eggs, 1 1/2 cups Cake Flour*, 1 1/2 cups Flour, 1 teaspoon Cornstarch, 3/4 teaspoon Baking Soda, 3/4 teaspoon Salt,Modern Honey,https://www.modernhoney.com/levain-bakery-chocolate-chip-crush-cookies/, 2 cups Chocolate Chips, 2 cups Walnuts roughly chopped,NA,NA,NA,NA,NA,NA,NA,NA,NA,NA,NA,NA,NA,NA,NA,NA
