title,author,rating,ratingnum,category,INFOCARD,description,numberofsteps,totalingredients,ingredient1,ingredient2,ingredient3,ingredient4,ingredient5,ingredient6,source,link,ingredient7,ingredient8,ingredient9,ingredient10,ingredient11,ingredient12,ingredient13,ingredient14,ingredient15,ingredient16,ingredient17,ingredient18,ingredient19,ingredient20,ingredient21,ingredient22,ingredient23
Chocolate biscuit cake,Vicki Smallwood,5,9,Baking and desserts,"Serves 8 - 10
Easy
Prep: 15 mins
No cook, plus chilling","There's no need to turn on the oven with this chocolate biscuit cake. Prepped in just 15 minutes, it’s a winner on so many levels",3,6,"200g unsalted butter diced, plus a little for the tin",250g dark chocolate chopped,150g milk chocolate chopped,150g caramel condensed milk,250g malted milk biscuits,150g Rolo chocolates,Olive Magazine UK,https://www.olivemagazine.com/recipes/baking-and-desserts/chocolate-biscuit-cake/,NA,NA,NA,NA,NA,NA,NA,NA,NA,NA,NA,NA,NA,NA,NA,NA,NA
Pistachio and chocolate cookies,Edd Kimber,4,2,Baking and desserts,"Makes 12
Easy
Prep: 30 mins
Cook: 16 mins
plus chilling and freezing","Elevate your favourite chocolate chip cookie with creamy, nutty and on-trend pistachios",7,12,120g pistachio cream,250g plain flour,½ tsp baking powder,½ tsp bicarbonate of soda,115g unsalted butter diced and softened,110g light brown sugar,Olive Magazine UK,https://www.olivemagazine.com/recipes/baking-and-desserts/pistachio-and-chocolate-cookies/,110g caster sugar,1 large egg,1 tsp vanilla extract,175g dark chocolate (65-75% cocoa solids) roughly chopped,75g shelled pistachios roughly chopped,sea salt flakes for sprinkling on top,NA,NA,NA,NA,NA,NA,NA,NA,NA,NA,NA
Chocolate chunk cookies with pecans,Lulu Grimes,5,2,Family,"Makes 12
Easy
Total time : 20 mins","Chunky, nutty and oh-so-moreish, these dark chocolate pecan cookies are the perfect after dinner treat or edible gift. Make them in just 20 minutes",2,9,200g dark chocolate broken into chunks, 100g butter chopped ,50g  light muscovado sugar,85g  golden caster sugar,1 tsp  vanilla extract,1 egg beaten,Olive Magazine UK,https://www.olivemagazine.com/recipes/family/chocolate-chunk-cookies/,100g pecans,100g plain flour,1 tsp bicarbonate of soda,NA,NA,NA,NA,NA,NA,NA,NA,NA,NA,NA,NA,NA,NA
Chocolate chip cookies,NA,5,4,Family,"Makes 8
Easy
Total time : 25 mins
+ chilling + cooling","Check out our best chocolate chip cookie recipe, soft and chewy in the middle with gooey dark chocolate chunks and a perfectly crisp outside",4,10,150g salted butter melted,75g soft dark brown sugar,75g caster sugar,1 egg,½ tsp vanilla extract,100g plain flour,Olive Magazine UK,https://www.olivemagazine.com/recipes/family/chocolate-chip-cookies/,100g strong white bread flour,½ tsp baking powder,a pinch sea salt flakes plus extra to serve,100g dark chocolate chopped into small chunks,NA,NA,NA,NA,NA,NA,NA,NA,NA,NA,NA,NA,NA
Easter biscuits,Anna Glover,5,4,Baking and desserts,"Makes 18
Easy
Total time : 1 hr","These Easter biscuits are a classic for spring, flavoured with a touch of cinnamon and mixed spice, studded with currants and finished with a sprinkling of sugar",4,11,100g unsalted butter softened,100g golden caster sugar,1 egg separated,½ tsp ground cinnamon,⅛ tsp mixed spice,1 lemon zested,Olive Magazine UK,https://www.olivemagazine.com/recipes/baking-and-desserts/easter-biscuits-2/,1 orange zested,75g currants,200g plain flour,2 tbsp milk,1 tbsp golden granulated sugar (or more golden caster sugar) for sprinkling,NA,NA,NA,NA,NA,NA,NA,NA,NA,NA,NA,NA
Sugar cookies,Anna Glover,5,2,Baking and desserts,"Makes 25-30 cookies
Easy
Total time : 30 mins
+ chilling + cooling","These vanilla-flavoured biscuits are topped with a light frosting made from egg whites and icing sugar, and take just 30 minutes to make",5,8,200g unsalted butter softened,175g caster sugar,2 eggs 1 separated,2 tsp vanilla extract,300g plain flour plus extra for dusting,½ tsp baking powder,Olive Magazine UK,https://www.olivemagazine.com/recipes/baking-and-desserts/sugar-cookies/,150g icing sugar sifted,food colouring (optional),NA,NA,NA,NA,NA,NA,NA,NA,NA,NA,NA,NA,NA,NA,NA
Gluten-free biscuits,Tracey Raye,5,1,Baking and desserts,"Makes 38 biscuits
Easy
Prep: 15 mins
Cook: 15 mins","These crunchy, buttery morsels make the perfect gluten-free biscuits. The addition of oats adds a delicious crumbly texture. Enjoy with a cup of tea",2,9,150g unsalted butter softened,130g golden caster sugar,1 tbsp vanilla extract,1 tbsp golden syrup,150g gluten-free oats,150g gluten-free plain flour,Olive Magazine UK,https://www.olivemagazine.com/recipes/baking-and-desserts/gluten-free-biscuits/,1 tsp gluten-free baking powder,1 tsp xanthan gum,1 tsp ground cinnamon (optional),NA,NA,NA,NA,NA,NA,NA,NA,NA,NA,NA,NA,NA,NA
Spiced cheese biscuits,Rosie Birkett,5,3,Family,"Makes 40
Easy
Total time : 25 mins
+ chilling","These golden cheese and sesame biscuit discs are impossibly light and buttery, and very hard to resist straight from the oven. Spices such as nutmeg and caraway seeds add an extra flavour kick",2,9,100g unsalted butter chilled,100g plain or white spelt flour,a good pinch cayenne pepper,a good grating nutmeg,½ tsp caraway seeds,"50g cheddar (or Cornish Kern, comté or Lincolnshire Poacher) grated",Olive Magazine UK,https://www.olivemagazine.com/recipes/family/spiced-cheese-biscuits/,"50g parmesan grated, plus extra to serve",1 tsp sesame seeds,flavourless oil for the tray,NA,NA,NA,NA,NA,NA,NA,NA,NA,NA,NA,NA,NA,NA
Christmas biscuits,NA,5,1,Family,"Makes 25-30 medium-large biscuits
Easy
Total time : 1 hr and 30 mins
plus chilling",Our spiced festive biscuits make perfect edible Christmas decorations to hang from your tree. Leave them out for Santa or wrap them up as a gift.,4,10,225g light muscovado sugar,175g golden syrup,2 tsp cinnamon,2 tsp ground ginger,1/2 tsp ground allspice,2 eggs,Olive Magazine UK,https://www.olivemagazine.com/recipes/family/spiced-christmas-biscuits/,1 tsp baking powder,650g plain flour plus extra for dusting,200g butter chilled and roughly grated,100g royal icing sugar,NA,NA,NA,NA,NA,NA,NA,NA,NA,NA,NA,NA,NA
Christmas cookies,Edd Kimber,5,1,Family,"Makes 15
Easy
Total time : 1 hr and 10 mins
+ infusing + chilling","Use cranberries, pistachios and other festive ingredients to make these impressive cookies. You can even turn them into cookie sandwiches with a decadent pistachio buttercream!",4,16,350g plain flour,½ tsp baking powder,1 tsp bicarbonate of soda,225g unsalted butter,300g caster sugar,1 lemon zested,Olive Magazine UK,https://www.olivemagazine.com/recipes/family/cranberry-and-pistachio-sandwich-cookies/,2 eggs large,1 tsp vanilla extract,150g dried cranberries,200ml whole milk,"75g, plus 50g for decoration pistachios finely chopped",20g plain flour,150g caster sugar,1 tsp vanilla bean paste,175g unsalted butter softened,a few drops green food colouring (optional),NA,NA,NA,NA,NA,NA,NA
Thumbprint cookies,Anna Glover,5,2,Baking and desserts,"Makes 30
Easy
Total time : 30 mins
+ cooling",These peanut butter thumbprint cookies use the classic peanut butter and jam (or jelly) combination in a fun new way. They're best eaten the day they're made,2,7,100g smooth peanut butter plus 3 tbsp extra for the tops,2 eggs,100g golden caster sugar,1 tsp vanilla extract,260g plain flour,a pinch baking powder,Olive Magazine UK,https://www.olivemagazine.com/recipes/baking-and-desserts/peanut-butter-thumbprint-cookies/,½ jar seedless raspberry or strawberry jam,NA,NA,NA,NA,NA,NA,NA,NA,NA,NA,NA,NA,NA,NA,NA,NA
Sugar-free cookies,Nadine Brown,5,1,Vegan,"Makes 16
Easy
Total time : 55 mins","These small vegan cookies are a real family treat, free from refined sugars — ground almonds provide a nutty flavour and a burst of natural sweetness comes from raspberries",4,8,200g frozen raspberries,1 tsp vanilla bean paste,50ml maple syrup plus 1 tbsp,1½ tbsp chia seeds,50ml rapeseed oil,½ tsp almond extract,Olive Magazine UK,https://www.olivemagazine.com/recipes/vegan/sugar-free-cookies/,190g ground almonds,30g flaked almonds finely chopped,NA,NA,NA,NA,NA,NA,NA,NA,NA,NA,NA,NA,NA,NA,NA
Sourdough cookies,Adam Bush,5,1,Baking and desserts,"Makes 10
Easy
Total time : 25 mins
+ chilling",Make the most of your leftover sourdough starter by making a batch of moreish chocolate chip cookies. We've added rye flour for a nutty depth of flavour,4,11,200g salted butter softened,125g soft dark brown sugar,125g caster sugar,1 egg,1⁄2 tsp vanilla extract,100g sourdough starter,Olive Magazine UK,https://www.olivemagazine.com/recipes/baking-and-desserts/sourdough-cookies/,125g plain flour,125g wholemeal rye flour,1⁄2 tsp baking powder,a pinch sea salt flakes plus extra to serve,150g dark chocolate chopped into chunks,NA,NA,NA,NA,NA,NA,NA,NA,NA,NA,NA,NA
Healthy cookies,Nadine Brown,5,1,Health,"Makes 20
Easy
Total time : 30 mins
+ resting","Craving cookies but don't fancy the calories? Bake a batch of these healthy treats made with muesli, wholemeal flour and rapeseed oil, with a touch of honey for sweetness",2,6,250g muesli (no added sugar),75g self-raising wholemeal flour,½ tsp mixed spice,70ml cold-pressed rapeseed oil,100g runny honey,1 large egg,Olive Magazine UK,https://www.olivemagazine.com/recipes/healthy/healthy-cookies/,NA,NA,NA,NA,NA,NA,NA,NA,NA,NA,NA,NA,NA,NA,NA,NA,NA
Matcha cookies,NA,NA,NA,Baking and desserts,"Makes 12
Easy
Prep: 30 mins
Cook: 15 mins
plus chilling","Matcha, white chocolate and nuts are a classic cookie combo. We’ve used marcona almonds for their buttery flavour and creamy texture.",3,10,220g salted butter softened,120g caster sugar,100g soft light brown sugar,1 egg plus 1 egg yolk,1 tsp vanilla bean paste,1 tbsp matcha powder,Olive Magazine UK,https://www.olivemagazine.com/recipes/baking-and-desserts/matcha-cookies/,220g plain flour,½ tsp baking powder,100g toasted marcona almonds roughly chopped ,100g white chocolate roughly chopped ,NA,NA,NA,NA,NA,NA,NA,NA,NA,NA,NA,NA,NA
Easter cookies,Janine Ratcliffe,5,2,Baking and desserts,"Makes 16 cookies
Easy
Total time : 45 mins","Loaded with Maltesers Mini Bunnies, Galaxy Golden Eggs and M&M’s Eggs, these easy cookies make a fun Easter baking project for the whole family",4,9,85g unsalted butter softened,75g caster sugar,75g light brown muscovado sugar,1 egg,1 tsp vanilla extract,175g self-raising flour,Olive Magazine UK,https://www.olivemagazine.com/recipes/baking-and-desserts/easter-biscuits/,5 Maltesers Mini Bunnies,15 Galaxy Golden Eggs,24 M&M’s Eggs,NA,NA,NA,NA,NA,NA,NA,NA,NA,NA,NA,NA,NA,NA
Hot cross bun cookies,Edd Kimber,5,1,Family,"Makes 18
Easy
Total time : 1 hr
+ cooling","Bake a batch of these pretty spiced cookies for an Easter treat that the whole family will love. These wholesome cookies are packed with oats and raisins, and decorated with icing to resemble hot cross buns",5,16,100g rolled oats,75g desiccated coconut,125g raisins,50g candied peel,200g plain flour,125g soft light brown sugar,Olive Magazine UK,https://www.olivemagazine.com/recipes/family/hot-cross-bun-cookies/,1 tsp ground cinnamon,½ tsp mixed spice,½ tsp sea salt flakes,125g unsalted butter,3 tbsp golden syrup,1 tsp bicarbonate of soda,150g icing sugar,1½ tbsp milk,½ tsp vanilla bean paste,50g desiccated coconut,NA,NA,NA,NA,NA,NA,NA
Porridge oat cookies,Anna Glover,3,2,Baking and desserts,"Makes 14
Easy
Total time : 30 mins",Don’t let your leftover porridge go to waste – transform it into these great cookies for the following morning instead. They're ideal for breakfast on the go,2,10,150g salted butter softened,50g soft light brown sugar,100g golden caster sugar,2 eggs,300g plain flour,1 tsp baking powder,Olive Magazine UK,https://www.olivemagazine.com/recipes/baking-and-desserts/porridge-oat-cookies/,½ tsp ground cinnamon,100g raisins,200g leftover porridge cooked and cooled,1 tbsp  porridge oats (optional),NA,NA,NA,NA,NA,NA,NA,NA,NA,NA,NA,NA,NA
Chickpea cookie dough,Linzi Pucino,NA,NA,Baking and desserts,"Serves 10
Easy
Prep: 5 mins
plus 15 mins chilling",These protein-packed bites come together in minutes and can be kept in the fridge for midweek snacking,2,6,50g rolled oats,400g tin of chickpeas drained and patted dry,4 tbsp vanilla protein powder,2 tbsp cashew butter,1 tbsp maple syrup,3 tbsp dark chocolate chips,Olive Magazine UK,https://www.olivemagazine.com/recipes/baking-and-desserts/chickpea-cookie-dough/,NA,NA,NA,NA,NA,NA,NA,NA,NA,NA,NA,NA,NA,NA,NA,NA,NA
Linzer cookies (Linecke cukrovi),Evie Harbury,NA,NA,Baking and desserts,"plus chilling
Easy
Prep: 45 mins
Cook: 20 mins
Makes 16","Bake these biscuits, sandwiched together with a gooey layer of jam – the textures balance carefully on the line between beautifully crumbly and deliciously melty",7,6,300g plain flour plus extra for dusting,80g icing sugar plus extra for dusting,"200g unsalted butter cold, cubed",2 egg yolks,1 tsp vanilla bean paste,160g seedless redcurrant or raspberry jam,Olive Magazine UK,https://www.olivemagazine.com/recipes/baking-and-desserts/linzer-cookies-linecke-cukrovi/,NA,NA,NA,NA,NA,NA,NA,NA,NA,NA,NA,NA,NA,NA,NA,NA,NA
Triple chocolate chip cookies,Adam Bush,2,4,Baking and desserts,"Makes 14
Easy
Prep: 15 mins
Cook: 20 mins
+ chilling","Simple to make with maximum reward, freshly baked cookies are one of life’s greatest pleasures. These luxurious ones combine dark, milk and white chocolate",4,8,200g unsalted butter softened,200g soft light brown sugar,175g plain flour,50g cocoa powder,1 tsp baking powder,50g dark chocolate chopped,Olive Magazine UK,https://www.olivemagazine.com/recipes/baking-and-desserts/triple-chocolate-chip-cookies/,50g milk chocolate chopped,50g white chocolate chopped,NA,NA,NA,NA,NA,NA,NA,NA,NA,NA,NA,NA,NA,NA,NA
Spiced Christmas biscuits,Janine Ratcliffe,NA,NA,Baking and desserts,"Makes 24
Easy
Prep: 10 mins
Cook: 15 mins
plus chilling and cooling",These crisp biscuits are flavoured with warming cinnamon and ginger spices. Perfect for the festive season – you could even hang them on the tree!,4,9,325g plain flour,2 tsp ground cinnamon,1 tsp ground ginger,1 tsp bicarbonate of soda,75g golden syrup,85g unsalted butter,Olive Magazine UK,https://www.olivemagazine.com/recipes/baking-and-desserts/spiced-christmas-biscuits-2/,150g soft dark brown sugar,1 egg beaten,icing sugar to decorate (optional),NA,NA,NA,NA,NA,NA,NA,NA,NA,NA,NA,NA,NA,NA
Anzac biscuits,Anna Glover,2,4,Baking and desserts,"Makes 15
Easy
Total time : 40 mins
+ cooling","These sweet biscuits, originally from Australia and New Zealand, are made using oats, golden syrup and desiccated coconut. Perfect with a cuppa",4,7,150g unsalted butter,100g golden caster sugar,50g golden syrup,1tsp bicarbonate of soda,100g desiccated coconut,100g plain flour,Olive Magazine UK,https://www.olivemagazine.com/recipes/baking-and-desserts/anzac-biscuits/,100g oats,NA,NA,NA,NA,NA,NA,NA,NA,NA,NA,NA,NA,NA,NA,NA,NA
"Brown butter, walnut and caramelised white chocolate cookies",Helena Busiakiewicz,NA,NA,Baking and desserts,"Serves 12 - 15
Easy
Prep: 1 hr
Cook: 20 mins
plus overnight chilling",This technique of toasting the nuts in butter creates a fantastic toasted nut flavour that you can taste through the whole cookie,5,10,250g salted butter cubed,125g walnuts,100g golden caster sugar,175g soft light brown sugar,2 eggs,2 tsp vanilla extract,Olive Magazine UK,https://www.olivemagazine.com/recipes/baking-and-desserts/brown-butter-walnut-and-caramelised-white-chocolate-cookies/,300g plain flour,1 tsp bicarbonate of soda,125g caramelised white chocolate roughly chopped into chunks,sea salt flakes for sprinkling,NA,NA,NA,NA,NA,NA,NA,NA,NA,NA,NA,NA,NA
No-churn Irish coffee ice cream with hazelnut and chocolate biscuits,Cherie Denham,NA,NA,Baking and desserts,"Serves 10
Easy
Prep: 15 mins
Cook: 15 mins
plus overnight freezing and cooling",I find that no-churn ice creams can taste too sweet so I made this one pretty punchy. The alcohol dilutes the sweetness of the condensed milk and the coffee gives it an intense depth and strength in flavour,6,13,600ml double cream,397g tin of condensed milk,5 tbsp instant espresso powder,3 tbsp Baileys Irish Cream,3 tbsp Irish whiskey,55g blanched hazelnuts,Olive Magazine UK,https://www.olivemagazine.com/recipes/baking-and-desserts/no-churn-irish-coffee-ice-cream-with-hazelnut-and-chocolate-biscuits/,110g unsalted butter softened,55g soft light brown sugar,1 tsp vanilla extract,170g plain flour plus extra for dusting,pinch of sea salt flakes,55g milk chocolate chopped into small pieces,demerara sugar for sprinkling,NA,NA,NA,NA,NA,NA,NA,NA,NA,NA
Empire biscuits,Gaby English,NA,NA,Baking and desserts,"Makes 16 biscuits
A little effort
Prep: 35 mins
Cook: 25 mins
plus chilling and cooling",Make these crumbly shortbread-style biscuits for an afternoon treat. Raspberry jam acts as a sharp contrast to the sweet icing,6,7,125g unsalted butter softened,250g icing sugar,2  egg yolks,1 tsp vanilla extract,200g plain flour plus extra for dusting,160g raspberry or strawberry jam,Olive Magazine UK,https://www.olivemagazine.com/recipes/baking-and-desserts/empire-biscuits/,8 glacé cherries halved,NA,NA,NA,NA,NA,NA,NA,NA,NA,NA,NA,NA,NA,NA,NA,NA
Ginger biscuit fridge cake,Lulu Grimes,NA,NA,Easy,"Serves 6
Easy
Prep: 20 mins
plus freezing","Ginger biscuits, jarred stem ginger and lashings of double cream are all it takes for this effortless frozen pud, perfect for a last-minute dinner party dessert",4,3,250-300g thin ginger biscuits (such as Annas Pepparkakor or IKEA Kafferep),300ml double cream,2-3  balls of stem ginger in syrup finely chopped,NA,NA,NA,Olive Magazine UK,https://www.olivemagazine.com/recipes/quick-and-easy/three-ingredient-ginger-fridge-cake/,NA,NA,NA,NA,NA,NA,NA,NA,NA,NA,NA,NA,NA,NA,NA,NA,NA
Fistikli un kurabiyesi (pistachio shortbread cookies),Özlem Warren,NA,NA,Baking and desserts,"Makes 25
Easy
Prep: 30 mins
Cook: 20 mins
plus chilling","These crumbly, buttery biscuits are a Turkish national favourite – this version features pistachios in the dough for extra flavour and texture",5,6,90g unsalted shelled pistachios plus extra to serve,300g plain flour,125g icing sugar plus extra for dusting,250g unsalted butter cubed,½ tsp baking powder,1 tsp vanilla extract,Olive Magazine UK,https://www.olivemagazine.com/recipes/baking-and-desserts/fistikli-un-kurabiyesi-pistachio-shortbread-cookies/,NA,NA,NA,NA,NA,NA,NA,NA,NA,NA,NA,NA,NA,NA,NA,NA,NA
Sweet oat biscuits,James Lowe,NA,NA,Baking and desserts,"Makes about 30 biscuit shards
Easy
Prep: 15 mins
Cook: 25 mins","Add a pinch of nutmeg and cinnamon to these sweet oat biscuits for a festive twist, served with quince or pear jelly and cream – this recipe comes from chef and founder of Lyle's, James Lowe",3,5,150g unsalted butter,125g demerara sugar,100g oats,100g plain flour,1 tsp bicarbonate of soda,NA,Olive Magazine UK,https://www.olivemagazine.com/recipes/baking-and-desserts/sweet-oat-biscuits/,NA,NA,NA,NA,NA,NA,NA,NA,NA,NA,NA,NA,NA,NA,NA,NA,NA
Shortbread biscuits,olivemagazine,NA,NA,Chef recipes,"Makes 8-10
Easy
Total time : 30 mins
+ 30 minutes chilling","Discover how to achieve buttery, melt-in-the-mouth shortbread cookies using just four ingredients.These classic biscuits are easy to bake and take just 30 minutes",2,4,275g unsalted butter softened,160g caster sugar,300g white flour,150g semolina flour,NA,NA,Olive Magazine UK,https://www.olivemagazine.com/recipes/chef-recipes/shortbread/,NA,NA,NA,NA,NA,NA,NA,NA,NA,NA,NA,NA,NA,NA,NA,NA,NA
Lemon biscuits,Janine Ratcliffe,NA,NA,Baking and desserts,"Makes 12
Easy
Total time : 45 mins","Bake a batch of our easiest ever lemon biscuits. With a buttery, crumbly texture and creamy mascarpone filling, these citrusy melting moments are hard to beat",5,7,175g unsalted butter,40g softened icing sugar sifted,2 lemons zest grated,150g plain flour sifted,40g corn flour sifted,2 rounded tbsp mascarpone,Olive Magazine UK,https://www.olivemagazine.com/recipes/baking-and-desserts/lemon-melting-moments/,2 rounded tsp  lemon curd,NA,NA,NA,NA,NA,NA,NA,NA,NA,NA,NA,NA,NA,NA,NA,NA
Fig cookies,Adam Bush,NA,NA,Baking and desserts,"Makes 10
Easy
Prep: 10 mins
Cook: 15 mins","These pretty oat cookies, topped with fanned-out fig slices, are easy to make and only take 25 minutes to whip up – ideal for feeding last-minute visitors",3,8,100g unsalted butter softened,150g soft light brown sugar,100g plain flour,100g rolled oats,1 tsp baking powder,½ tsp bicarbonate of soda,Olive Magazine UK,https://www.olivemagazine.com/recipes/baking-and-desserts/oat-and-fig-cookies/,1 tbsp whole milk,8 black figs halved lengthways,NA,NA,NA,NA,NA,NA,NA,NA,NA,NA,NA,NA,NA,NA,NA
Cereal cookies,Sarah Cook,NA,NA,Baking and desserts,"Makes 30
Easy
Total time : 30 mins","Put honey nut cornflakes to delicious use in this speedy biscuit recipe that combines golden syrup, rolled oats and desiccated coconut",2,10,225g unsalted butter softened,125g soft light brown sugar,100g golden syrup,1 large egg,1 tsp vanilla extract,50g desiccated coconut,Olive Magazine UK,https://www.olivemagazine.com/recipes/baking-and-desserts/cereal-cookies/,200g plain flour,1 tsp bicarbonate of soda,50g rolled oats,50g honey nut cornflakes crushed,NA,NA,NA,NA,NA,NA,NA,NA,NA,NA,NA,NA,NA
Maple pecan cookies,Anna Glover,NA,NA,Family,"Makes 12
Easy
Total time : 1 hr
+ chilling","Celebrate the classic North American condiment, maple syrup, in this easy cookie recipe. Dot with pecan nuts and serve with a cup of coffee for a moreish afternoon nibble",5,8,150g salted butter softened,125g soft light brown sugar,90ml maple syrup,1 egg lightly beaten,a pinch mixed spice,280g plain flour,Olive Magazine UK,https://www.olivemagazine.com/recipes/family/maple-pecan-cookies/,½ tsp baking powder,"100g pecan halves 12 left whole, the rest chopped",NA,NA,NA,NA,NA,NA,NA,NA,NA,NA,NA,NA,NA,NA,NA
Edible cookie dough,Adam Bush,NA,NA,Baking and desserts,"Makes 12 cookies or 10 dough bars
Easy
Total time : 15 mins","Homemade edible cookie dough is totally irresistible and safe to eat. You could swap the dark chocolate for white or milk, toffee pieces, walnuts or even add a shot of espresso to the dough",3,6,200g plain flour,150g unsalted butter softened,100g golden caster sugar,½ tsp vanilla extract,a pinch fine sea salt,50g or dark chocolate chocolate chips chopped,Olive Magazine UK,https://www.olivemagazine.com/recipes/baking-and-desserts/edible-cookie-dough/,NA,NA,NA,NA,NA,NA,NA,NA,NA,NA,NA,NA,NA,NA,NA,NA,NA
Pandan cookies,Gurdeep Loyal,NA,NA,Baking and desserts,"Makes 14-15
Easy
Total time : 35 mins
+ chilling",These chewy white chocolate crinkle cookies bring out pandan’s sweet tropical aromas. Enjoy on their own or sandwiched with ice cream,5,11,120g unsalted butter softened,125g granulated sugar plus 50g for rolling,100g soft light brown sugar,1 medium egg,1 egg yolk,2 tsp pandan paste or pandan leaf extract,Olive Magazine UK,https://www.olivemagazine.com/recipes/baking-and-desserts/pandan-cookies/,285g plain flour,1 tsp baking powder,½ tsp bicarbonate of soda,90g white chocolate chopped into small chunks,50g icing sugar for rolling,NA,NA,NA,NA,NA,NA,NA,NA,NA,NA,NA,NA
Breakfast oatmeal cookies,Adam Bush,3,2,Baking and desserts,"Makes 8
Easy
Total time : 30 mins
plus cooling",These healthy breakfast cookies are easy to make and full of wholesome ingredients including fibre-packed oatmeal and fruit - ideal for a breakfast or mid-morning snack,2,11,1 egg beaten,50g butter melted,3 tbsp soft light brown sugar,1 tbsp maple syrup,50g wholemeal flour,100g jumbo porridge oats,Olive Magazine UK,https://www.olivemagazine.com/recipes/baking-and-desserts/breakfast-cookies/,1 tsp baking powder,50g raisins,50g dates chopped,a good pinch mixed spice,a good pinch ground cinnamon,NA,NA,NA,NA,NA,NA,NA,NA,NA,NA,NA,NA
Macedonian susamliji (sesame cookies),Katerina Nitsou,NA,NA,Chef recipes,"Makes about 28 cookies
Easy
Total time : 40 mins
+ chilling","These celebration cookies are made by Macedonian families for special occasions. Finish this simple braided, butter-based biscuit with an egg glaze and a scattering of sesame seeds",5,8,5 eggs,120ml whole milk,120ml vegetable oil plus extra for the baking sheets,250g caster sugar,1 tbsp baking powder,4 tbsp freshly squeezed orange juice,Olive Magazine UK,https://www.olivemagazine.com/recipes/chef-recipes/macedonian-susamliji-sesame-cookies/,"700g plain flour sifted, plus extra for dusting",40g sesame seeds,NA,NA,NA,NA,NA,NA,NA,NA,NA,NA,NA,NA,NA,NA,NA
Miso chocolate cookies,Adam Bush,NA,NA,Baking and desserts,"Makes 20
Easy
Total time : 40 mins
+ Chilling","You can't taste the miso in these chewy triple-chocolate cookies – it's there to balance the sweetness of the chocolate, and add a subtle umami note",4,13,150g unsalted butter softened,200g soft light brown sugar,100g golden caster sugar,1 egg,50g white miso paste,1 tsp vanilla bean paste or extract,Olive Magazine UK,https://www.olivemagazine.com/recipes/baking-and-desserts/miso-chocolate-cookies/,225g plain flour,25g cocoa powder,½ tsp baking powder,½ tsp sea salt flakes plus a pinch,100g dark chocolate chips,100g white chocolate chips,a pinch (optional) white sesame seeds,NA,NA,NA,NA,NA,NA,NA,NA,NA,NA
Banana oat cookies,Liberty Mendez,NA,0,Baking and desserts,"Makes 20 small cookies
Easy
Total time : 40 mins","Five ingredients is all it takes to make these irresistible oaty cookies, studded with chocolate chips",3,6,2 (340g unpeeled or 200g peeled) ripe bananas,200g rolled oats,50g caster sugar,50g coconut oil or butter melted,50g chocolate chips,plain flour to dust hands,Olive Magazine UK,https://www.olivemagazine.com/recipes/baking-and-desserts/banana-oat-cookies/,NA,NA,NA,NA,NA,NA,NA,NA,NA,NA,NA,NA,NA,NA,NA,NA,NA
Biscoff cookies,NA,NA,NA,Baking and desserts,"Makes 12
Easy
Total time : 35 mins
+ Freezing","Chewy, golden cookies with crunchy biscuit crumbs and a melting biscoff middle",3,10,12 tbsp Biscoff spread,125g salted butter softened,100g caster sugar,100g soft light brown sugar,1 tsp vanilla bean paste,1 medium egg,Olive Magazine UK,https://www.olivemagazine.com/recipes/baking-and-desserts/biscoff-cookies/,225g plain flour,1 tbsp cornflour,½ tsp baking powder,100g Lotus biscuits finely chopped,NA,NA,NA,NA,NA,NA,NA,NA,NA,NA,NA,NA,NA
Nankhatai (cardamom biscuits),Maunika Gowardhan,NA,NA,Health,"Makes 12
Easy
Total time : 40 mins
+ Cooling",These cardamom-infused biscuits baked with pistachio and ghee are sold across local bakeries in Mumbai. Serve with hot masala chai for best results,3,8,125g atta or plain wholemeal flour,2 tbsp gram flour,½ tsp baking powder,a pinch sea salt flakes,½ tsp ground cardamom,"70g ghee or softened butter (see cook's notes, below)",Olive Magazine UK,https://www.olivemagazine.com/recipes/healthy/nankhatai-cardamom-biscuits/,70g caster sugar,2 tbsp of slivered or chopped pistachio kernels to garnish,NA,NA,NA,NA,NA,NA,NA,NA,NA,NA,NA,NA,NA,NA,NA
Halva cookies,NA,NA,NA,Baking and desserts,"Makes 15
Easy
Total time : 30 mins","These crumbly, shortbread-like tahini biscuits just melt in the mouth. Plus they only take a few minutes to make!",3,6,100g unsalted butter softened,85g caster sugar,85g tahini,½ tsp vanilla extract,1 tsp baking powder,150g plain flour,Olive Magazine UK,https://www.olivemagazine.com/recipes/baking-and-desserts/halva-cookies/,NA,NA,NA,NA,NA,NA,NA,NA,NA,NA,NA,NA,NA,NA,NA,NA,NA
Digestive biscuits,NA,NA,NA,Baking and desserts,"Makes 40
Easy",You can't beat a classic digestive with a cup of tea. Thanks to this recipe by Regula Ysewijn you can make your own at home and enjoy them oven-warm,5,8,40g pecan nuts,150g butter at room temperature,100g demerara sugar,2 eggs,1 tsp baking powder,1 tsp sea salt,Olive Magazine UK,https://www.olivemagazine.com/recipes/baking-and-desserts/digestive-biscuits/,150g oat flour,260g wholemeal plain or spelt flour plus extra for dusting,NA,NA,NA,NA,NA,NA,NA,NA,NA,NA,NA,NA,NA,NA,NA
Vegan shortbread biscuits,Richard Makin,NA,NA,Vegan,"Makes 36
Easy
Cook: 50 mins
+ chilling",Follow expert baking tips from School Night Vegan to ensure you get lovely crumbly biscuits every time.,3,5,250g plain white flour,75g icing sugar,a pinch fine sea salt,175g baking block chilled (see cooks notes above),for sprinkling (optional) caster sugar,NA,Olive Magazine UK,https://www.olivemagazine.com/recipes/vegan/vegan-shortbread/,NA,NA,NA,NA,NA,NA,NA,NA,NA,NA,NA,NA,NA,NA,NA,NA,NA
Black and white tahini cookies,Edd Kimber,NA,NA,Baking and desserts,"Makes 12
A little effort
Total time : 1 hr and 15 mins
+ Chilling + Freezing","With a little help from Edd Kimber, you too can create these dramatic-looking tahini and chocolate cookies. Black tahini adds a deep nutty flavour which balances well with the sweet white chocolate ganache centre.",7,16,125g wholemeal rye flour,100g plain flour,2 tbsp cocoa powder,1 tsp baking powder,1/2 tsp bicarbonate of soda,1/2 tsp fine sea salt,Olive Magazine UK,https://www.olivemagazine.com/recipes/baking-and-desserts/tahini-cookies/,85g unsalted butter softened,85g black tahini,100g soft light brown sugar,100g caster sugar,2 large eggs,1 tsp vanilla extract,100g sesame seeds,100g white chocolate finely chopped,50g double cream,1/4 tsp (optional) ground cardamom,NA,NA,NA,NA,NA,NA,NA
Gluten-free shortbread,Tracey Raye,5,23,Baking and desserts,"Serves 15
Easy
Prep: 10 mins
Cook: 15 mins
plus 15 mins cooling","Looking for the perfect gluten-free shortbread recipe? Discover this simple mixture utilising cornflour to achieve that classic soft, crumbly texture",3,5,120g unsalted butter softened,70g golden caster sugar plus extra for dusting ,1 tsp vanilla extract,120g gluten-free flour plus extra for cutting ,60g cornflour or arrowroot,NA,Olive Magazine UK,https://www.olivemagazine.com/recipes/baking-and-desserts/gluten-free-shortbread/,NA,NA,NA,NA,NA,NA,NA,NA,NA,NA,NA,NA,NA,NA,NA,NA,NA
Halloween biscuits,Janine Ratcliffe,NA,NA,Baking and desserts,"Makes 24
Easy
Total time : 1 hr
+ cooling","Bake these spooky mummy cookies for a Halloween party or 'trick or treat' gift. Get the whole family involved with decorating, the kids will love them!",5,10,150g salted butter softened,100g caster sugar,50g light muscovado sugar,1 egg,1 tsp vanilla extract,1 tbsp whole milk,Olive Magazine UK,https://www.olivemagazine.com/recipes/baking-and-desserts/spooky-mummy-biscuits/,220g self-raising flour,150g royal icing sugar,48 M&Ms,black edible decorating pen or black food colouring,NA,NA,NA,NA,NA,NA,NA,NA,NA,NA,NA,NA,NA
Classic tiramisu,Janine Ratcliffe,5,5,Baking and desserts,"Serves 6-8
Easy
Total time : 30 mins
+ chilling","Try our easy but impressive tiramisu recipe. This classic Italian dessert features mascarpone, marsala and savoiardi biscuits soaked in coffee and Tia Maria",8,9,3 eggs separated (see notes below),100g caster sugar,2 tbsp Marsala,250g tub mascarpone,150ml double cream,150ml strong black coffee,Olive Magazine UK,https://www.olivemagazine.com/recipes/baking-and-desserts/classic-tiramisu/,75ml Tia Maria,36 savoiardi biscuits,2-3 tbsp cocoa powder,NA,NA,NA,NA,NA,NA,NA,NA,NA,NA,NA,NA,NA,NA
Peanut butter cookies,Amanda James,1,1,Easy,"Makes 12
Easy
Total time : 25 mins
+ cooling","Nutty, buttery and quick to make, these crisp peanut butter cookies are gluten-free and great for baking with kids. Have them ready in just under 30 mins.",4,6,1 egg,230g golden caster sugar,½ tsp vanilla extract,1 tsp sea salt plus extra to sprinkle on top,200g smooth peanut butter,a handful roasted peanuts chopped,Olive Magazine UK,https://www.olivemagazine.com/recipes/quick-and-easy/peanut-butter-cookies/,NA,NA,NA,NA,NA,NA,NA,NA,NA,NA,NA,NA,NA,NA,NA,NA,NA
Strawberry cheesecake,Amanda James,41,10,Family,"Serves 8 – 10
Easy
Prep: 45 mins
Cook: 15 mins
+ setting and cooling","Combine two classic summer desserts in this no-bake cheesecake topped with a sweet strawberry sauce, ideal for al fresco entertaining",10,11,"150g butter melted, plus extra for the tin",300g digestive biscuits,650g soft cheese,175g icing sugar,300ml double cream,1 vanilla pod halved lengthways and seeds scraped out,Olive Magazine UK,https://www.olivemagazine.com/recipes/family/strawberries-and-cream-cheesecake/,1 tsp vanilla extract,200g strawberries hulled and diced,"250g strawberries 100g hulled and quartered, 150g halved",50g caster sugar,1 tsp cornflour,NA,NA,NA,NA,NA,NA,NA,NA,NA,NA,NA,NA
Caramel cookies,NA,NA,NA,Entertain,"Makes about 25
A little effort
Total time : 35 mins
+ cooling",Swirling honeycomb through these salted butter biscuits is the perfect way to add caramel flavour and extra crunch. Plus there will be plenty of honeycomb left over for snacking on!,5,12,125g salted butter softened,75g golden caster sugar,75g soft light brown sugar,75g golden syrup,2 large egg yolks,2 tsp vanilla extract,Olive Magazine UK,https://www.olivemagazine.com/recipes/entertain/caramel-snap-cookies/,300g plain flour plus extra for dusting,1 tsp bicarbonate of soda,a drizzle flavourless oil,100g caster sugar,100g golden syrup,1 tsp bicarbonate of soda,NA,NA,NA,NA,NA,NA,NA,NA,NA,NA,NA
Oreo brownies,NA,5,7,Baking and desserts,"Serves 16
Easy
Prep: 10 mins
Cook: 25 mins",This batch of brownies uses a whole packet of Oreos – they're crumbled up inside and baked on top – as well as indulgent dark chocolate chips and cocoa powder for an extra chocolatey finish,7,7,140g unsalted butter plus extra for the tin  ,14 Oreos (54g pack),200g good quality dark chocolate chips,225g caster sugar,"2 large eggs plus 1 egg yolk, lightly beaten ",90g plain flour,Olive Magazine UK,https://www.olivemagazine.com/recipes/baking-and-desserts/oreo-brownies/,50g cocoa powder,NA,NA,NA,NA,NA,NA,NA,NA,NA,NA,NA,NA,NA,NA,NA,NA
Easy chocolate tiffin squares that everyone will love,Anna Glover,5,9,Baking and desserts,"Makes 16 squares
Easy
Prep: 30 mins
Cook: 5 mins
plus 2 hrs chilling",No oven time required and easy to make with a handful of ingredients – there’s a reason tiffins are the perfect no-bake treat,3,9,200g dark chocolate chopped,100g milk chocolate chopped,100g golden syrup,100g unsalted butter,1 tbsp cocoa powder,250g digestive biscuits crushed,Olive Magazine UK,https://www.olivemagazine.com/recipes/baking-and-desserts/classic-chocolate-tiffin/,75g raisins,150g milk chocolate chopped ,50g white chocolate chopped,NA,NA,NA,NA,NA,NA,NA,NA,NA,NA,NA,NA,NA,NA
Vegan chocolate cookies,NA,NA,NA,Vegan,"Makes 16
Easy
Total time : 30 mins","Wow your friends with these gooey double chocolate chip cookies, that just happen to be vegan. Made with dark chocolate and coconut oil, they are both dairy-free and egg-free.",4,8,125g plain flour,4 tbsp cocoa powder,½ tsp baking powder,¼ tsp bicarbonate of soda,100g demerara sugar,100g dark chocolate chips or chopped dark chocolate,Olive Magazine UK,https://www.olivemagazine.com/recipes/vegan/double-chocolate-chip-vegan-cookies/,75g coconut oil melted and cooled,1 tsp  vanilla paste or extract,NA,NA,NA,NA,NA,NA,NA,NA,NA,NA,NA,NA,NA,NA,NA
No-bake lemon cheesecake,Anna Glover,5,2,Baking and desserts,"Serves 8
Easy
Prep: 30 mins
, plus overnight chilling",Feed a crowd with our classic no-bake creamy lemon curd cheesecake filling on a crumbly digestive biscuit base with browned butter,3,7,100g salted butter,250g digestive biscuits,560g full-fat soft cheese,300ml double cream,2 tbsp icing sugar,100g lemon curd,Olive Magazine UK,https://www.olivemagazine.com/recipes/baking-and-desserts/no-bake-lemon-cheesecake/,"2 lemons both finely zested, 1 juiced, plus extra zest to finish",NA,NA,NA,NA,NA,NA,NA,NA,NA,NA,NA,NA,NA,NA,NA,NA
Mini cheesecakes,Linzi Pucino,5,6,Baking and desserts,"Serves 6
Easy
Prep: 10 mins
plus chilling",These individual cheesecakes can be served with whichever fruits or nuts you prefer,3,7,150g digestive biscuits,75g unsalted butter,300g full-fat soft cheese,75g golden caster sugar,1 tsp vanilla extract,1 lemon zested,Olive Magazine UK,https://www.olivemagazine.com/recipes/baking-and-desserts/mini-cheesecakes/,seasonal berries to serve,NA,NA,NA,NA,NA,NA,NA,NA,NA,NA,NA,NA,NA,NA,NA,NA
Salted caramel cheesecake,Cate Walton,5,7,Baking and desserts,"Serves 8 - 10
Easy
Prep: 30 mins
plus chilling","Our elegant, no-bake cheesecake can be made up to two days in advance, so it's ideal for stress-free entertaining",6,19,200g caster sugar,300ml double cream room temperature,60g unsalted butter cubed,pinch of sea salt flakes,250g gingernut biscuits,1 tbsp ground ginger,Olive Magazine UK,https://www.olivemagazine.com/recipes/baking-and-desserts/salted-caramel-cheesecake/,30g flaked almonds toasted,"100g unsalted butter melted, plus extra to grease",100g white chocolate roughly chopped,400ml double cream,600g full-fat cream cheese,50g icing sugar sifted ,1 tsp neutral oil such as sunflower oil,30g flaked almonds,70g caster sugar,pinch of sea salt flakes,30g toffee popcorn,30g white chocolate roughly chopped,pinch of sea salt flakes,NA,NA,NA,NA
"White chocolate, tahini and pretzel cookies",Sarah Cook,NA,NA,Baking and desserts,"Makes 24-28
Easy
Total time : 50 mins
+ chilling","Tahini gives a lovely sweet and salty kick to these crisp, grown-up cookies, while pretzels add extra crunch. Make them for a special afternoon tea treat or festive party snack.",5,12,225g unsalted butter,50g tahini,225g good-quality white chocolate,300g plain flour,2 tbsp toasted sesame seeds plus a little to decorate,1 tsp bicarbonate of soda,Olive Magazine UK,https://www.olivemagazine.com/recipes/baking-and-desserts/white-chocolate-tahini-pretzel-cookies/,2 pinches ground cinnamon,200g soft light brown sugar,100g golden caster sugar,2 large eggs,2 tsp vanilla extract,85g pretzels roughly broken into shards,NA,NA,NA,NA,NA,NA,NA,NA,NA,NA,NA
Lemon sandwich cookies,NA,NA,NA,Baking and desserts,"Makes 20
A little effort
Total time : 1 hr and 35 mins
+ chilling + cooling","If you’re a Jammie Dodgers fan you’ll love these lemon cookie sandwiches, combining crunchy poppy seeds and a creamy, zesty lemon curd filling",5,11,200g unsalted butter softened,200g caster sugar,1 lemon zested,1 egg large,300g plain flour,100g spelt flour,Olive Magazine UK,https://www.olivemagazine.com/recipes/baking-and-desserts/poppy-seed-and-lemon-curd-sandwich-biscuits/,2 tbsp poppy seeds,200g icing sugar,1 lemon zested to make 1 tsp and juiced to make 1 tbsp,50g unsalted butter softened,8 tbsp lemon curd,NA,NA,NA,NA,NA,NA,NA,NA,NA,NA,NA,NA
Biscoff cake,Linzi Pucino,5,9,Baking and desserts,"Serves 10
A little effort
Prep: 30 mins
Cook: 30 mins","Flavoured with your favourite biscuit spread and decorated with crumbled biscuits, this triple-layered showstopper is perfect for a birthday party or celebratory afternoon tea",8,13,375g unsalted butter plus extra,375g soft light brown sugar,6 large eggs,375g self-raising flour,200g Biscoff biscuit spread (we used Lotus),250g unsalted butter room temp,Olive Magazine UK,https://www.olivemagazine.com/recipes/baking-and-desserts/biscoff-cake/,500g icing sugar,200g Biscoff spread,100g unsalted butter room temp,200g icing sugar,75g chocolate and hazelnut spread,2 tbsp full-fat milk,200g Lotus rectangle biscuits,NA,NA,NA,NA,NA,NA,NA,NA,NA,NA
Stem ginger cookie sandwiches,Edd Kimber,NA,NA,Baking and desserts,"Makes about 20
A little effort
Total time : 3 hrs
+ cooling + chilling","Check out these soft, chewy ginger cookies with caramelised white chocolate ganache. These cookies make a great sweet treat to go with your afternoon tea.",4,10,300g plain flour,½ tsp bicarbonate of soda,a pinch sea salt,200g unsalted butter softened,100g soft light brown sugar softened,150g caster sugar,Olive Magazine UK,https://www.olivemagazine.com/recipes/baking-and-desserts/stem-ginger-cookie-sandwiches-with-caramelised-white-chocolate-ganache/,85g crystalised stem ginger roughly chopped,150g (minimum 30% cocoa butter content) white chocolate chopped,a pinch sea salt,125ml double cream,NA,NA,NA,NA,NA,NA,NA,NA,NA,NA,NA,NA,NA
Biscoff banoffee pie,Anna Glover,5,2,Baking and desserts,"Serves 12
Easy
Prep: 20 mins
plus chilling","This 'Biscoffee' pie, if you will, brings joy and variety to your table with its layered smooth Biscoff cream, sliced banana and silky caramel filling",4,10,"225g Biscoff biscuits bashed to crumbs, plus 2 extra broken biscuits, to serve",125g unsalted butter melted,397g Carnation caramel,3 bananas peeled and cut into 1cm slices,25g walnut halves toasted,4 tbsp Biscoff spread,Olive Magazine UK,https://www.olivemagazine.com/recipes/baking-and-desserts/biscoff-banoffee-pie/,300ml double cream,1 tsp vanilla extract,1 tbsp icing sugar,1 square dark chocolate grated,NA,NA,NA,NA,NA,NA,NA,NA,NA,NA,NA,NA,NA
Caramelised apple and brown butter cheesecake bars,Edd Kimber,5,3,Baking and desserts,"Makes 16
A little effort
Prep: 30 mins
Cook: 1 hr and 45 mins",Reintroduce autumnal spiced flavours in a new way with these treat bars inspired by comforting apple crumble,7,18,"225g unsalted butter diced, plus extra for the pan",350g plain flour,200g caster sugar,4 tbsp  rolled oats,500g Granny Smith apples,½ lemon juiced,Olive Magazine UK,https://www.olivemagazine.com/recipes/baking-and-desserts/caramelised-apple-and-brown-butter-cheesecake-bars/,30g unsalted butter diced,30g caster sugar,30g soft light brown sugar,½ tsp ground cinnamon,½ tsp ground ginger,560g full-fat soft cheese room temperature,120ml soured cream,200g caster sugar,2 tbsp cornflour,2 tsp vanilla bean paste,1 lemon zested,2 eggs,NA,NA,NA,NA,NA
Nutella cookies,NA,NA,NA,Baking and desserts,"Makes 15-20
Easy
Total time : 35 mins",If you love Nutella then you'll love these seriously moreish malted chocolate cookies with walnuts. These chewy salty sweet treats go perfectly with your mid-morning tea,3,12,150g unsalted butter at room temperature,50g caster sugar,125g soft light brown sugar,150g Nutella,1 large egg,1 tsp vanilla extract or paste,Olive Magazine UK,https://www.olivemagazine.com/recipes/baking-and-desserts/nutella-cookies-with-walnut-and-sea-salt/,175g plain flour,50g malted milk powder (such as Horlicks),½ tsp bicarbonate of soda,1 tsp sea salt flakes plus extra to serve,75g walnuts roughly chopped,75g dark chocolate with sea salt chopped into small chunks,NA,NA,NA,NA,NA,NA,NA,NA,NA,NA,NA
Perfect golden and fluffy air-fryer scones,Helena Busiakiewicz,45,6,Baking and desserts,"Serves 6
Easy
Prep: 15 mins
Cook: 18 mins
plus chilling and cooling","Perfect for an afternoon tea, these air-fryer scones are fluffy and light. Ready in just 30 minutes, they are the ultimate speedy bake",3,7,350g self-raising flour plus extra for dusting,1 tsp baking powder,4 tbsp golden caster sugar,80g unsalted butter cut into cubes,200ml buttermilk,2 tbsp milk,Olive Magazine UK,https://www.olivemagazine.com/recipes/baking-and-desserts/air-fryer-scones/,clotted cream and jam to serve,NA,NA,NA,NA,NA,NA,NA,NA,NA,NA,NA,NA,NA,NA,NA,NA
Bourbon biscuit brownies,NA,NA,NA,Family,"Makes 16
Easy
Total time : 40 mins","What's better than a chocolate Bourbon biscuit? Chocolate Bourbon brownies! This is one of our favourite recipes - trust us, you'll need to make a double batch",4,8,15 bourbon biscuits,100g butter chopped,200g dark chocolate chopped,4 eggs,250g golden caster sugar,100g plain flour,Olive Magazine UK,https://www.olivemagazine.com/recipes/family/bourbon-biscuit-brownies/,1 tsp baking powder,30g cocoa,NA,NA,NA,NA,NA,NA,NA,NA,NA,NA,NA,NA,NA,NA,NA
Chocolate chip cookie pizza,NA,NA,NA,Baking and desserts,"Makes 12
Easy
Total time : 45 mins
+ chilling","This chocolate chip cookie pizza is super easy to make and great fun with all the family. Crunchy on the outside and chewy on the inside, this giant cookie makes for a great alternative to a birthday cake.",4,12,85g unsalted butter softened,75g caster suagr,75g light brown muscovado sugar,1 egg,1 tsp vanilla extract,175g self-raising flour,Olive Magazine UK,https://www.olivemagazine.com/recipes/baking-and-desserts/chocolate-chip-cookie-pizza/,½ tsp salt,100g chocolate chips,100g fudge chunks,a handful mini marshmallows,2 tbsp salted caramel sauce,25g dark chocolate melted,NA,NA,NA,NA,NA,NA,NA,NA,NA,NA,NA
Classic biscotti,Linzi Pucino,5,1,Baking and desserts,"Makes 22-24
Easy
Prep: 10 mins
Cook: 1 hr",These twice-baked biscuits are the perfect accompaniment to a cup of tea. They are traditionally made with skin-on almonds that give a delicate nutty flavour,6,8,150g whole almonds,250g plain flour,175g caster sugar,1 tsp baking powder,½ orange zested,2 eggs plus 1 yolk lightly beaten,Olive Magazine UK,https://www.olivemagazine.com/recipes/baking-and-desserts/classic-biscotti/,½ tsp vanilla extract,icing sugar for dusting,NA,NA,NA,NA,NA,NA,NA,NA,NA,NA,NA,NA,NA,NA,NA
Chocolate yule log,Amanda James,5,5,Entertain,"Serves 8
Easy
Total time : 1 hr and 20 mins
+ cooling + chilling","Need a show-stopping dessert recipe to impress guests over the Christmas period? Check out our indulgent festive yule log with dark chocolate, a boozy Baileys cream and crunchy hazelnut brittle",12,14,100g self-raising flour,50g cocoa powder,1 tsp ground cinnamon,6 large eggs,100g caster sugar,2 tbsp milk,Olive Magazine UK,https://www.olivemagazine.com/recipes/entertain/ultimate-christmas-yule-log/,50g hazelnuts chopped,70g caster sugar,100g dark chocolate chopped,150ml double cream,250ml double cream,5 tbsp Baileys or Irish cream liqueur (optional),2 tbsp icing sugar,6 Ferrero Rocher roughly chopped,NA,NA,NA,NA,NA,NA,NA,NA,NA
Mulled wine cherry pavlova,Edd Kimber,5,2,Entertain,"Serves 10 - 12
A little effort
Prep: 20 mins
Cook: 1 hr and 45 mins
plus overnight drying","Easily adapted to whatever flavours take your fancy, pavlovas are also great for preparing ahead. This one is topped with mulled wine cherries for festive flavour",6,17,4 large egg whites,250g caster sugar,1 tsp lemon juice,1 tsp cornflour,1 tsp vanilla bean paste,450g frozen cherries,Olive Magazine UK,https://www.olivemagazine.com/recipes/entertain/mulled-wine-cherry-pavlova/,125g caster sugar,185ml red wine,2 mulled wine spice packets (I used Schwartz),1 tbsp lemon juice,1 tbsp cornflour,450ml double cream,100g soft cheese,1 tsp vanilla bean paste,handful of small mint leaves,1 large egg white beaten until foamy,caster sugar for sprinkling,NA,NA,NA,NA,NA,NA
Chocolate and tahini cookies,NA,NA,NA,Baking and desserts,"Makes 12-14 sandwich cookies
Easy
Total time : 50 mins","Jazz up your cookie repertoire and bake these chocolate and tahini cookie sandwiches. Our irresistible version of the classic American Oreo biscuit teams crisp, dark cookies with a creamy tahini buttercream – one will never be enough",4,13,100g unsalted butter at room temperature,100g caster sugar,60g golden syrup,1 tsp sesame oil,¼ tsp fine sea salt,175g plain flour,Olive Magazine UK,https://www.olivemagazine.com/recipes/baking-and-desserts/chocolate-and-tahini-cookies/,30g cocoa powder plus extra for rolling,½ tsp bicarbonate of soda,45g unsalted butter at room temperature,45g white chocolate melted,45g tahini,125g icing sugar sifted,1 tbsp milk,NA,NA,NA,NA,NA,NA,NA,NA,NA,NA
Cinnamon rolls,NA,48,4,Baking and desserts,"A little effort
Total time : 3 hrs and 20 mins","Sticky and sweet, cinnamon rolls are a Scandinavian favourite, served for breakfast or as a satisfying snack. Our step-by-step guide will help you make perfect treats for friends and family.",10,9,175ml whole milk,2 tsp dried active yeast,35g golden caster sugar plus a little demerara sugar for dusting,350g flour plus extra for dusting,1 egg beaten,50g unsalted butter and extra for the tin,Olive Magazine UK,https://www.olivemagazine.com/recipes/baking-and-desserts/cinnamon-buns-cinnamon-swirls/,100g unsalted butter very soft,2 tbsp golden caster sugar,3 tsp ground cinnamon,NA,NA,NA,NA,NA,NA,NA,NA,NA,NA,NA,NA,NA,NA
Biscoff cupcakes,Adam Bush,5,6,Baking and desserts,"Makes 12
Easy
Total time : 50 mins
+ cooling","Make good use of Biscoff biscuit spread in these cupcakes – they're easy to prepare, requiring less than an hour of hands-on time",3,9,125g unsalted butter softened,125g golden caster sugar,3 eggs,2 tbsp Biscoff biscuit spread,150g self-raising flour,6 Biscoff biscuits crushed,Olive Magazine UK,https://www.olivemagazine.com/recipes/baking-and-desserts/biscoff-cupcakes/,175g unsalted butter softened,350g icing sugar,2 tbsp Biscoff biscuit spread,NA,NA,NA,NA,NA,NA,NA,NA,NA,NA,NA,NA,NA,NA
Dark chocolate and olive oil cookies,Janine Ratcliffe,NA,NA,Baking and desserts,"Makes 12
Easy
Total time : 40 mins","Olive oil gives a crisp, crunchy texture to these dark chocolate cookies, while a sprinkle of sea salt adds a sophisticated savoury edge",3,8,150g 70% dark chocolate chopped into chunks,100ml olive oil,50g light muscovado sugar,85g golden caster sugar,1 egg beaten,200g plain flour,Olive Magazine UK,https://www.olivemagazine.com/recipes/baking-and-desserts/dark-chocolate-and-olive-oil-cookies/,1 tsp bicarbonate of soda,sea salt flakes,NA,NA,NA,NA,NA,NA,NA,NA,NA,NA,NA,NA,NA,NA,NA
Raspberry mousse,NA,5,2,Baking and desserts,"serves 6
Easy
Total time : 1 hr and 30 mins
+ chilling",Whip up this light and fruity raspberry mousse and serve with homemade mint biscuits. This elegant dessert is easy to make and sure to impress,4,10,400g raspberries,2 tbsp golden caster sugar,2 leaves gelatine,500ml double cream,a handful of leaves mint,100g caster sugar,Olive Magazine UK,https://www.olivemagazine.com/recipes/baking-and-desserts/raspberry-mousse-with-mint-biscuits/,100g butter,1 egg,225g plain flour,½ tsp baking powder,NA,NA,NA,NA,NA,NA,NA,NA,NA,NA,NA,NA,NA
Bourbon biscuits and rhubarb liqueur ice cream,NA,NA,NA,Chef recipes,"Serves 4
Easy
Total time : 1 hr
+ chilling + freezing",Check out this moreish recipe for homemade bourbon biscuits with creamy rhubarb liqueur ice cream. You’ll be left with extra biscuits and ice cream from this recipe but the biscuits will keep in an airtight box and the ice cream can be frozen for later,7,22,3 egg yolks,100g caster sugar,300ml double cream,250ml whole milk,¼ tsp vanilla extract,6 tbsp rhubarb liqueur (see notes below),Olive Magazine UK,https://www.olivemagazine.com/recipes/chef-recipes/bourbon-biscuits-and-rhubarb-liqueur-ice-cream/,100g butter,40g caster sugar plus 1 tbsp,10g soft light brown sugar,1 egg beaten,150g plain flour plus extra for dusting,50g cocoa powder,½ tsp baking powder,2 sticks rhubarb roughly chopped,2 tbsp caster sugar,½ lemon juiced,25g dark chocolate,50g butter,75g icing sugar,50g soft light brown sugar,1 tsp whole milk,10g cocoa powder,NA
Raspberry trifle fridge cake,Janine Ratcliffe,36,3,Baking and desserts,"Serves 12
Easy
Prep: 45 mins
Cook: 10 mins
plus chilling and overnight setting",All the flavours of trifle but in a layered no-bake cake. This is a great one to make ahead as it needs overnight setting,6,11,75g caster sugar,200g raspberries,4 tbsp cream sherry,30 trifle sponges,pack of raspberry jelly or raspberry jelly crystals,250g mascarpone,Olive Magazine UK,https://www.olivemagazine.com/recipes/baking-and-desserts/raspberry-trifle-fridge-cake/,2 tbsp instant custard,300g vanilla custard,300g double cream,1 tsp vanilla extract,2 tbsp icing sugar,NA,NA,NA,NA,NA,NA,NA,NA,NA,NA,NA,NA
Maltesers cheesecake,Sarah Cook,5,24,Baking and desserts,"Serves 12
Easy
Total time : 1 hr
+ Overnight chilling","Crunchy Bourbon biscuit base and thick, silky chocolate topping – this indulgent dessert will become a family favourite",5,9,600g full-fat soft cheese,300g milk chocolate broken into chunks,1 tsp vanilla extract,2 tbsp malted milk powder (such as Horlicks),3 tbsp icing sugar,200ml double cream,Olive Magazine UK,https://www.olivemagazine.com/recipes/baking-and-desserts/maltesers-cheesecake/,200g bourbon biscuits,50g Maltesers (from a 102g pouch – use the rest to decorate),100g salted butter melted,NA,NA,NA,NA,NA,NA,NA,NA,NA,NA,NA,NA,NA,NA
Christmas rocky road,Liberty Mendez,5,1,Baking and desserts,"Serves 16
Prep: 10 mins
Cook: 5 mins
plus cooling","Traditional digestives are swapped for ginger biscuits, whilst cranberries and pistachios add some festive colour in this crowd-pleasing Christmas rocky road",4,10,"150g salted butter cubed, plus extra for the tin ",200g dark chocolate roughly chopped,75g golden syrup,2 tsp mixed spice,2 oranges zested,200g ginger biscuits,Olive Magazine UK,https://www.olivemagazine.com/recipes/baking-and-desserts/christmas-rocky-road/,100g dried cranberries,100g pistachios roughly chopped,75g mini marshmallows,edible gold lustre (optional),NA,NA,NA,NA,NA,NA,NA,NA,NA,NA,NA,NA,NA
Classic no-bake cheesecake,NA,5,1,Baking and desserts,"Serves 8
Easy
Prep: 10 mins
plus chilling",Choose fresh seasonal fruit to crown a layer of soft creamy vanilla on a crumbly biscuit base. This is a winning dessert that doesn't require any cooking,4,6,"140g unsalted butter melted, plus extra for the tin",300g digestive biscuits,900g full-fat soft cheese,200g golden caster sugar,1½ tsp vanilla extract,"strawberries and/or other seasonal fruit, to serve",Olive Magazine UK,https://www.olivemagazine.com/recipes/baking-and-desserts/classic-no-bake-cheesecake/,NA,NA,NA,NA,NA,NA,NA,NA,NA,NA,NA,NA,NA,NA,NA,NA,NA
Vegan vanilla cheesecake,Linzi Pucino,5,1,Vegan,"Serves 8 - 10
Easy
Prep: 15 mins
plus chilling",Make this quick and easy vanilla cheesecake to share with friends and family – they'll never know it's vegan,3,8,"100g coconut oil melted, plus extra for the tin",300g vegan digestive biscuits,800g vegan soft cheese,175g soft light brown sugar,100g vegan vanilla yogurt alternative,1 tsp vanilla bean paste,Olive Magazine UK,https://www.olivemagazine.com/recipes/vegan/vegan-vanilla-cheesecake/,1 tbsp cornflour,100g mixed berries to serve,NA,NA,NA,NA,NA,NA,NA,NA,NA,NA,NA,NA,NA,NA,NA
Rhubarb and custard crumble bars,Nadine Brown,45,4,Baking and desserts,"Serves 8
Easy
Prep: 10 mins
Cook: 55 mins
plus chilling","The crumble topping adds crunch to the tangy rhubarb in this retro bake. Great for using up seasonal produce, the fruity bars are best served with a cup of tea",2,10,"200g unsalted butter melted, plus extra for the tin",175g caster sugar,250g plain flour,100g rolled oats,50g ground almonds,400g rhubarb trimmed and chopped into 2cm chunks,Olive Magazine UK,https://www.olivemagazine.com/recipes/baking-and-desserts/rhubarb-and-custard-crumble-bars/,50g light soft brown sugar,1 tbsp cornflour,300ml ready-made custard,2 tbsp flaked almonds,NA,NA,NA,NA,NA,NA,NA,NA,NA,NA,NA,NA,NA
Double-dipped peanut biscuits,NA,NA,NA,Baking and desserts,"Makes 24
Easy
Total time : 1 hr
+ setting","Chocolate and peanut butter is a classic combination, and these double-dipped peanut biscuits really make the most of it. They're super easy to make and are a delicious sweet treat.",2,5,110g golden caster sugar,250g crunchy peanut butter,1 egg,100g white chocolate chopped,100g dark chocolate chopped,NA,Olive Magazine UK,https://www.olivemagazine.com/recipes/baking-and-desserts/double-dipped-peanut-biscuits/,NA,NA,NA,NA,NA,NA,NA,NA,NA,NA,NA,NA,NA,NA,NA,NA,NA
Gluten-free cheesecake,Tracey Raye,44,5,Baking and desserts,"Serves 8 - 10
Easy
Prep: 25 mins
2 hrs and 30 mins (chilling time)",You'd hardly guess this simple cheesecake is gluten-free – silky lemon with a crisp stem ginger base. It takes only 15 minutes to prep and doesn’t require cooking,3,6,170g gluten-free stem ginger biscuits,100g unsalted butter melted ,300ml double cream,100g icing sugar,250g cream cheese,2 lemons zested and juiced ,Olive Magazine UK,https://www.olivemagazine.com/recipes/baking-and-desserts/gluten-free-cheesecake/,NA,NA,NA,NA,NA,NA,NA,NA,NA,NA,NA,NA,NA,NA,NA,NA,NA
"Cinnamon, pecan and apple crumble bars",Anna Glover,5,1,Baking and desserts,"Serves 8
Easy
Prep: 20 mins
Cook: 40 mins
plus cooling","Usher in autumn with moreish, cinnamon-infused crumble bars swirled with seasonal apple compote and studded with crunchy pecans",4,9,300g plain wholemeal or spelt flour,200g cold unsalted butter cubed,100g light brown soft sugar,50g chopped pecans,1 tsp ground cinnamon,1 tsp ground ginger,Olive Magazine UK,https://www.olivemagazine.com/recipes/baking-and-desserts/cinnamon-pecan-and-apple-crumble-bars/,"2 medium cooking apples peeled, cored and chopped",2 tbsp caster sugar,½ lemon juiced,NA,NA,NA,NA,NA,NA,NA,NA,NA,NA,NA,NA,NA,NA
"Chocolate, meringue and walnut cookies",NA,NA,NA,Baking and desserts,"Makes 12
Easy
Total time : 40 mins
plus cooling","These dark and white chocolate cookies with walnut and meringue pieces are an easy afternoon treat, crisp on the outside and soft and gooey in the middle",6,12,125g butter very soft,100g golden caster sugar,50g soft light brown sugar,1 1/2 tsp vanilla extract,1 large egg,50g white chocolate melted,Olive Magazine UK,https://www.olivemagazine.com/recipes/baking-and-desserts/double-chocolate-walnut-meringue-cookies/,175g plain flour,1/2 tsp bicarbonate of soda,75g dark chocolate chunks or chips,50g walnuts roughly chopped,25g freeze-dried raspberry bits,25g mini meringues chopped into small chunks,NA,NA,NA,NA,NA,NA,NA,NA,NA,NA,NA
Chocolate crinkle cookies,Edd Kimber,NA,NA,Baking and desserts,"Makes 20
Easy
Total time : 35 mins
plus chilling","This recipe from Edd Kimber makes some seriously good chocolate crinkle biscuits. With a rich, fudgy centre and sugar-dusted exterior, these dainty cookies make the perfect snack to enjoy with a cup of coffee",3,10,200g dark chocolate finely chopped,100g unsalted butter diced,100g caster sugar,150g light brown sugar,2 eggs,130g wholemeal rye flour,Olive Magazine UK,https://www.olivemagazine.com/recipes/baking-and-desserts/chocolate-rye-volcano-cookies/,50g cocoa powder,1 tsp baking soda,1/4 tsp salt,100g icing sugar,NA,NA,NA,NA,NA,NA,NA,NA,NA,NA,NA,NA,NA
Easter blondies,Anna Glover,45,7,Recipes,"Makes 16
Easy
Total time : 55 mins","Chopped mini eggs make the perfect topping for these gooey, sweet blondies – because you can never have too much chocolate at Easter",4,6,"200g unsalted butter diced, plus extra for the tin",200g white chocolate roughly chopped,400g soft light brown sugar,4 eggs,150g plain flour,150g mini chocolate eggs chopped,Olive Magazine UK,https://www.olivemagazine.com/recipes/easter-blondies/,NA,NA,NA,NA,NA,NA,NA,NA,NA,NA,NA,NA,NA,NA,NA,NA,NA
Biscoff pancakes,Adam Bush,5,8,Family,"Serves 4
Easy
Total time : 35 mins","Ever thought of swirling Biscoff through your next batch of pancakes? Give it a whirl for an indulgent brunch dish, served with a Biscoff drizzle and banana",3,11,25g butter plus extra for cooking,60g Biscoff biscuit spread,200g self-raising flour,1½ tsp baking powder,1 tbsp golden caster sugar,3 large eggs,Olive Magazine UK,https://www.olivemagazine.com/recipes/family/biscoff-pancakes/,175ml milk,80g Biscoff biscuit spread,3 tbsp whole milk,1 banana sliced,a handful (about 30g) pecans toasted and chopped,NA,NA,NA,NA,NA,NA,NA,NA,NA,NA,NA,NA
10-minute berry dessert,Lulu Grimes,5,1,Baking and desserts,"Serves 4
Easy
Prep: 5 mins
Cook: 5 mins",Use up frozen berries to create this simple berry pudding – serve with ginger biscuits for an easy dessert at your next get-together,4,6,300-350g mixed frozen berries,2 tbsp caster sugar,8 tbsp Greek yogurt,6 tbsp double cream,½ tbsp soft light brown sugar,ginger biscuits to serve ,Olive Magazine UK,https://www.olivemagazine.com/recipes/baking-and-desserts/10-minute-berry-dessert/,NA,NA,NA,NA,NA,NA,NA,NA,NA,NA,NA,NA,NA,NA,NA,NA,NA
Barazek shortbreads (Black and white sesame and pistachio biscuits),NA,NA,NA,Baking and desserts,"Makes 15 large shortbreads
Easy","Barazek cookies or biscuits are thin, crispy and usually come with sesame and pistachios. They're easy-to-make and are traditionally served as sweet treats in Syrian bakeries",3,10,300g wholemeal flour,75g caster sugar,25g light brown sugar,a pinch of sea salt,a pinch of vanilla,250g very cold unsalted butter cubed,Olive Magazine UK,https://www.olivemagazine.com/recipes/baking-and-desserts/barazek-shortbreads-black-and-white-sesame-and-pistachio-biscuits/,1 egg yolk,1 egg white,a handful pistachios crushed,"a handful black and white sesame seeds toasted lightly in a hot saucepan for 2 minutes, or until starting to pop",NA,NA,NA,NA,NA,NA,NA,NA,NA,NA,NA,NA,NA
Lime cheesecake,Adam Bush,42,9,Baking and desserts,"Serves 8 - 10
Easy
Prep: 25 mins
plus 3 hrs 30 mins chilling","This cheesecake balances the silky, creaminess of its filling with zingy lime for a light and fresh dessert",2,6,200g digestive biscuits,100g unsalted butter melted,500g soft cheese,100g icing sugar,"3 key or regular limes zested and juiced, plus 1 to serve",250g double cream,Olive Magazine UK,https://www.olivemagazine.com/recipes/baking-and-desserts/lime-cheesecake/,NA,NA,NA,NA,NA,NA,NA,NA,NA,NA,NA,NA,NA,NA,NA,NA,NA
Barwheys savoury biscuits,NA,NA,NA,Entertain,"Makes 30
Easy
Total time : 25 mins
plus chilling",These crunchy cheese biscuits would go perfectly with our new-style cheeseboard. Search for our expert cheese guide under the guide section of olivemagazine.com to learn more,4,5,100g plain flour plus extra for dusting,100g Barwheys grated,"100g unsalted butter cold, cut into chunks",1 tsp onion seeds,1/2 tsp paprika,NA,Olive Magazine UK,https://www.olivemagazine.com/recipes/entertain/barwheys-savoury-biscuits/,NA,NA,NA,NA,NA,NA,NA,NA,NA,NA,NA,NA,NA,NA,NA,NA,NA
Espresso martini cheesecake,Anna Glover,5,3,Baking and desserts,"Serves 15
Easy
Total time : 45 mins
+ chilling","Make this bittersweet cheesecake when entertaining a crowd – it can be prepared a few days ahead, then simply pour over the boozy coffee syrup to serve",6,16,250g Lotus Biscoff biscuits whizzed or bashed to crumbs,125g unsalted butter melted,600g soft cheese,250g mascarpone,120g icing sugar sifted,2 tsp vanilla bean paste,Olive Magazine UK,https://www.olivemagazine.com/recipes/baking-and-desserts/espresso-martini-cheesecake/,600ml double cream,85g cocoa powder sifted,50g chocolate spread (such as Nutella) stirred or warmed to loosen,1 tbsp espresso powder,1 tbsp coffee liqueur,chocolate-covered coffee beans to serve,100g golden caster sugar,4 tbsp coffee liqueur,4 tbsp vodka,1 tbsp espresso powder,NA,NA,NA,NA,NA,NA,NA
Street cart soft pretzels,Yasmin Newman,5,1,Baking and desserts,"Serves 6
Easy
Prep: 30 mins
Cook: 20 mins
plus rising and proving","Soft yet slightly chewy, with a dark golden skin from being boiled before baking, these pretzels are slow-fermented for a richly flavoured dough. Finish with fat crystals of salt",6,8,2 tsp fast-action dried yeast,2 tbsp dark brown sugar,600g strong bread flour plus extra for dusting,"50g unsalted butter melted, plus extra for the bowl",2 tsp fine sea salt,70g bicarbonate of soda,Olive Magazine UK,https://www.olivemagazine.com/recipes/baking-and-desserts/street-cart-soft-pretzels/,1 egg lightly beaten,sea salt flakes for sprinkling,NA,NA,NA,NA,NA,NA,NA,NA,NA,NA,NA,NA,NA,NA,NA
Jam tarts,NA,5,2,Family,"Makes 24
A little effort
Total time : 1 hr",These jam tarts are a perfect tea-time recipe for the whole family. Recruit the kids to help you dolloping jam into the delicate pastry cases.,2,6,400g flour,200g butter chilled and diced,50g golden caster sugar,2 egg yolks,1 orange grated rind,jam,Olive Magazine UK,https://www.olivemagazine.com/recipes/family/jam-tarts/,NA,NA,NA,NA,NA,NA,NA,NA,NA,NA,NA,NA,NA,NA,NA,NA,NA
Chunky chocolate chip cookies,NA,NA,NA,Family,"Makes about 18 cookies
Easy
Total time : 1 hr",Our best ever cookie recipe with chunks of dark chocolate and walnut. Porridge oats give the cookie a soft and chewy texture that everyone will love.,2,12,100g plain flour,¼ tsp bicarbonate of soda,¼ tsp baking powder,¼ tsp salt,125g unsalted butter,175g soft brown sugar,Olive Magazine UK,https://www.olivemagazine.com/recipes/family/chunky-chocolate-chip-cookies/,25g caster sugar,1 egg,1 tsp vanilla extract,50g walnuts chopped,175g porridge oats,50g dark chocolate chopped into small chunks,NA,NA,NA,NA,NA,NA,NA,NA,NA,NA,NA
Cannoli,Anna Glover,5,4,Baking and desserts,"Makes 12
Easy
Total time : 1 hr
+ resting and chilling",Nothing beats this classic Italian sweet treat with a shot of espresso. You will need cannoli moulds for this recipe but it’s worth investing in them,7,14,150g plain flour,25g caster sugar,a pinch baking powder,a pinch ground cinnamon,½ lemon zested,30g butter melted,Olive Magazine UK,https://www.olivemagazine.com/recipes/baking-and-desserts/cannoli/,1 egg separated ,2 tbsp marsala wine,sunflower oil for deep frying,250g ricotta,3 tbsp icing sugar,100g mascarpone,1 orange or lemon zested,30g pistachios finely chopped,NA,NA,NA,NA,NA,NA,NA,NA,NA
Easter cheesecake,Anna Glover,5,4,Baking and desserts,"8
A little effort
Total time : 1 hr
+ cooling and chilling","Celebrate Easter with our decadent chocolate cheesecake, topped with a show-stopping combination of crushed biscuits and chocolate eggs",3,14,200g milk chocolate chopped,360g full-fat soft cheese at room temperature,150g caster sugar,2 large eggs at room temperature,150g soured cream at room temperature,3 tbsp malted milk powder,Olive Magazine UK,https://www.olivemagazine.com/recipes/baking-and-desserts/easter-cheesecake/,1 tbsp cocoa powder plus extra for dusting,chocolate shavings to serve,20g Maltesers bashed,20g malted milk biscuits broken into pieces,40g small chocolate eggs or other treats,250g malted milk biscuits,"100g butter melted, plus extra for the tin",1 tbsp malted milk powder,NA,NA,NA,NA,NA,NA,NA,NA,NA
Double chocolate Toblerone cookies,Janine Ratcliffe,NA,NA,Baking and desserts,"Makes 16
Easy
Total time : 30 mins
+ chilling",No one will be able to resist these chunky double chocolate Toblerone cookies. They're super quick to make and perfect for a special treat,4,10,2 x 100g bars dark chocolate Toblerones,100g dark chocolate chopped,50g unsalted butter softened,100g soft light brown sugar,1 egg beaten,1 tsp vanilla extract,Olive Magazine UK,https://www.olivemagazine.com/recipes/baking-and-desserts/double-chocolate-toblerone-cookies/,100g plain flour,1 tsp baking powder,50g ground almonds,1 tbsp whole milk,NA,NA,NA,NA,NA,NA,NA,NA,NA,NA,NA,NA,NA
Biscoff ice cream,Helena Busiakiewicz,4,1,Baking and desserts,"Serves 8 - 10
Easy
Prep: 10 mins
plus freezing time","This no-churn, four ingredient Biscoff and espresso ice cream is perfect if you’ve got guests coming over, as it can be prepared in advance",3,5,6 tbsp Biscoff spread plus extra to serve,600ml double cream,345g tin condensed milk,50ml espresso cooled,Biscoff biscuits to serve,NA,Olive Magazine UK,https://www.olivemagazine.com/recipes/baking-and-desserts/biscoff-and-coffee-ice-cream/,NA,NA,NA,NA,NA,NA,NA,NA,NA,NA,NA,NA,NA,NA,NA,NA,NA
Millionaire's shortbread,Anna Glover,5,5,Baking and desserts,"Makes 20 squares
Easy
Total time : 1 hr
+ Chilling","This classic millionaire's shortbread is the perfect trio of buttery shortbread, gooey caramel and thick, sweet chocolate. It's easier than you think to make- try it today!",3,8,200g milk or dark chocolate chopped,200g cold butter cubed plus more for the tin,275g plain flour,100g caster sugar,397g can condensed milk,150g soft light brown sugar,Olive Magazine UK,https://www.olivemagazine.com/recipes/baking-and-desserts/classic-millionaires-shortbread/,150g butter,½ tsp sea salt flakes plus a pinch,NA,NA,NA,NA,NA,NA,NA,NA,NA,NA,NA,NA,NA,NA,NA
White chocolate peppermint flødeboller,Edd Kimber,5,1,Entertain,"Makes 20
A little effort
Total time : 2 hrs and 10 mins
+ chilling + freezing","Flødeboller are a popular Danish Christmas market treat featuring a chocolate-covered meringue centre with biscuit, wafer or marzipan base. Try our wintry version, made with a crisp chocolate biscuit base, peppermint meringue filling and a white chocolate shell",6,12,135g plain flour plus extra for dusting,20g cocoa powder,¼ tsp bicarbonate of soda,100g Kerrygold Pure Irish Salted Butter softened,65g caster sugar,65g soft light brown sugar,Olive Magazine UK,https://www.olivemagazine.com/recipes/entertain/white-chocolate-peppermint-flodeboller/,4 egg whites,320g caster sugar,¾ tsp peppermint extract,400g white chocolate,35ml coconut oil,"candy canes, crushed into small pieces for decoration",NA,NA,NA,NA,NA,NA,NA,NA,NA,NA,NA
Caramelised white chocolate cookies,NA,NA,NA,Baking and desserts,"Makes about 20
A little effort
Total time : 1 hr and 15 mins","How do you make a classic cookie better? By studding it with caramelised white chocolate, that's how. These moreish golden white chocolate chip cookies are perfect for an afternoon treat",5,8,(30% cocoa butter or higher) 100g white chocolate roughly chopped,150g butter at room temperature,100g golden caster sugar,50g light muscovado sugar,1 egg,1 tsp vanilla extract,Olive Magazine UK,https://www.olivemagazine.com/recipes/baking-and-desserts/caramelised-white-chocolate-cookies/,1 tbsp milk,220g self-raising flour,NA,NA,NA,NA,NA,NA,NA,NA,NA,NA,NA,NA,NA,NA,NA
Banoffee fridge cake,Janine Ratcliffe,48,5,Baking and desserts,"Serves 12
Easy
Total time : 30 mins
+ Overnight setting","Everyone knows banoffee pie tastes even better the day after making, when all the flavours have had a chance to meld, so this easy fridge cake takes advantage of that",7,8,oil for the tin,750ml double cream,1 tsp vanilla extract,2 tbsp icing sugar,½ x 397g tin Nestlé Carnation Caramel,30-32 (about 450g) digestive biscuits,Olive Magazine UK,https://www.olivemagazine.com/recipes/baking-and-desserts/banoffee-fridge-cake/,6 small bananas sliced,50g milk chocolate,NA,NA,NA,NA,NA,NA,NA,NA,NA,NA,NA,NA,NA,NA,NA
Fig jam,Linzi Pucino,5,1,Family,"Makes 3-4 jars (approx 800ml jam)
A little effort
Prep: 15 mins
Cook: 45 mins
plus cooling","These delicious fruits are perfect in jam and taste great on buttered toast. Try swirling through porridge and serving as part of a cheeseboard, too",5,5,1kg ripe figs,1 orange zested and juiced,4 cardamom pods lightly bashed,2 star anise,450g granulated sugar,NA,Olive Magazine UK,https://www.olivemagazine.com/recipes/family/fig-jam/,NA,NA,NA,NA,NA,NA,NA,NA,NA,NA,NA,NA,NA,NA,NA,NA,NA
Chocolate cherry cookies,NA,NA,NA,Baking and desserts,"Makes 25-30
A little effort
Total time : 30 mins
+ chilling","These cookies are inspired by the Australian Cherry Ripe chocolate bar – chewy coconut and glacé cherries covered in dark chocolate. Here you’ll find the same flavours, just in cookie form.",3,11,225g dark chocolate chopped,125g unsalted butter softened,200g soft light brown sugar,2 eggs beaten,1 tsp vanilla extract,150g plain flour,Olive Magazine UK,https://www.olivemagazine.com/recipes/baking-and-desserts/chocolate-cherry-cookies/,2 tsp baking powder,dessicated coconut 100g,150g natural coloured glacé cherries dried and chopped,2 tbsp whole milk,6 tbsp  icing sugar,NA,NA,NA,NA,NA,NA,NA,NA,NA,NA,NA,NA
Almond tart,Lorcan Spiteri,5,1,Baking and desserts,"Serves 4
A little effort
Total time : 35 mins","This decadent almond tart, with caramelised banana and maple syrup, comes straight from the kitchens of London's Caravel restaurant",5,12,320g ready-rolled puff pastry,2 egg yolks (keep the whites for meringues and cocktails),4 bananas,unsalted butter,8 tbsp maple syrup,300ml double cream whipped,Olive Magazine UK,https://www.olivemagazine.com/recipes/baking-and-desserts/almond-tart/,toasted flaked almonds,20g icing sugar,100g unsalted butter softened,100g caster sugar,2 eggs,100g ground almonds,NA,NA,NA,NA,NA,NA,NA,NA,NA,NA,NA
Toffee apples,Anna Glover,5,1,Baking and desserts,"Makes 6
Easy
Total time : 40 mins
+ setting","Crunchy, chewy, sweet and tart, toffee apples are a classic autumnal treat often eaten at Halloween – but we think they're too good to have just once a year",4,7,6 eating apples stalks removed,"6 sticks, wooden chopsticks or lolly sticks",neutral oil for the baking sheet,300g golden caster sugar,100g golden syrup,a few drops (optional) red food colouring,Olive Magazine UK,https://www.olivemagazine.com/recipes/baking-and-desserts/toffee-apples/,a small handful finely chopped nuts or sesame seeds,NA,NA,NA,NA,NA,NA,NA,NA,NA,NA,NA,NA,NA,NA,NA,NA
Rocky road,Adam Bush,5,2,Baking and desserts,"Serves 12
Easy
Total time : 20 mins
+ Chilling","Great for an afternoon treat, this easy rocky road recipe is an irresistible combination of Crunchie bars, marshmallows, raisins, biscuit chunks and chocolate",3,8,150g salted butter plus extra for the tin,3 tbsp golden syrup,200g dark chocolate,200g milk chocolate,2 (32g each) Crunchie bars,a handful (about 25g) mini marshmallows,Olive Magazine UK,https://www.olivemagazine.com/recipes/baking-and-desserts/rocky-road/,200g digestive biscuits broken into pieces,a handful (about 30g) raisins,NA,NA,NA,NA,NA,NA,NA,NA,NA,NA,NA,NA,NA,NA,NA
Mini frozen mascarpone cookie kisses,NA,NA,NA,Baking and desserts,"Makes about 50
A little effort
Total time : 10 mins
+ 1 hour freezing",These make beautiful little sweet treats to round off your dinner or party. They are also so easy to make from bought mini choc-chip cookies and a tub of mascarpone and can be whipped up in advance.,1,6,250g mascarpone,50ml whipping cream,50g caster sugar,1 orange grated zest and a squeeze of juice,300g (Waitrose sells these in tubs) mini-chocolate chip cookies,to serve icing sugar or cocoa powder,Olive Magazine UK,https://www.olivemagazine.com/recipes/baking-and-desserts/mini-frozen-mascarpone-cookie-kisses/,NA,NA,NA,NA,NA,NA,NA,NA,NA,NA,NA,NA,NA,NA,NA,NA,NA
Apricot and white chocolate cookies,NA,NA,NA,Baking and desserts,"Makes 20
Easy
Total time : 40 mins",Add a grown-up twist to your cookies with dried apricots and white chocolate chunks. They are perfect for a mid-morning snack or edible gift at Christmas.,3,9,150g butter at room temperature,100g golden caster sugar,50g light muscovado sugar,1 egg,1 tsp vanilla extract,1 tbsp milk,Olive Magazine UK,https://www.olivemagazine.com/recipes/baking-and-desserts/apricot-and-white-chocolate-cookies/,220g self-raising flour,150g white chocolate roughly chopped,100g dried apricots snipped into pieces,NA,NA,NA,NA,NA,NA,NA,NA,NA,NA,NA,NA,NA,NA
Chocolate chip banana bread,Chetna Makan,5,1,Family,"Serves 8-10
Easy
Total time : 1 hr
+ cooling",How do you make a banana cake even better? You top with an indulgent chocolate sauce and caramelised bananas. Serve slices with a morning brew,3,12,"150g unsalted butter softened, plus extra for the tin",150g golden caster sugar,2 eggs,2 ripe bananas peeled and mashed with a fork,200g self-raising flour,1 tsp baking powder,Olive Magazine UK,https://www.olivemagazine.com/recipes/family/chocolate-chip-banana-bread/,1 tsp vanilla extract,125g milk or dark chocolate chips,2 tbsp unsalted butter,2 bananas peeled and cut lengthways,1 tbsp golden caster sugar,4-5 tbsp Nutella or chocolate spread warmed,NA,NA,NA,NA,NA,NA,NA,NA,NA,NA,NA
Baked raspberry cheesecake,NA,48,5,Baking and desserts,"Serves 8
Easy
Total time : 1 hr","A classic and really indulgent dessert, baked cheesecake is a crowd pleaser. The fresh raspberries on top cut through the rich body of the cheesecake",3,10,8 digestive biscuits,50g butter melted,600g cream cheese,2 tbsp plain flour,175g golden caster sugar,vanilla extract,Olive Magazine UK,https://www.olivemagazine.com/recipes/baking-and-desserts/baked-raspberry-cheesecake/,2 eggs plus 1 yolk,150ml pot soured cream,300g punnet raspberries,icing sugar,NA,NA,NA,NA,NA,NA,NA,NA,NA,NA,NA,NA,NA
Jammy biscuits,NA,NA,NA,Family,"Makes 20
Easy
Total time : 45 mins
+ chilling time","You can make these jammy biscuits a day or two in advance and fill them on the spot. We like raspberry or apricot jam best for the middle, but feel free to choose your own flavour.",3,7,225g unsalted butter softened,150g caster sugar,1 tsp vanilla extract,3 egg yolks beaten,250g plain flour,110g ground almonds,Olive Magazine UK,https://www.olivemagazine.com/recipes/family/jammy-biscuits/,for spreading icing sugar to dust  raspberry and apricot jam,NA,NA,NA,NA,NA,NA,NA,NA,NA,NA,NA,NA,NA,NA,NA,NA
Easy vanilla cheesecake,Janine Ratcliffe,42,6,Baking and desserts,"Serves 10
Easy
Prep: 25 mins
Cook: 5 mins
+ overnight chilling","Sometimes, simple really is best. Keep it classic with this perfect no-bake cheesecake, flavoured only with vanilla extract and lemon zest",4,7,75g salted butter,250g digestive biscuits,680g soft cheese,75g icing sugar,2 tsp vanilla extract,300ml double cream,Olive Magazine UK,https://www.olivemagazine.com/recipes/baking-and-desserts/easy-vanilla-cheesecake/,½ lemon finely zested,NA,NA,NA,NA,NA,NA,NA,NA,NA,NA,NA,NA,NA,NA,NA,NA
Fig cake,Adam Bush,5,1,Baking and desserts,"Serves 8 - 10
Easy
Prep: 15 mins
Cook: 1 hr","Mix soft, squidgy fig halves with sugar and marsala then bake them into a vanilla and almond sponge for a cake that's perfect alongside a cuppa",4,10,8 figs halved lengthways,3 tbsp caster sugar,4 tbsp marsala,"200g unsalted butter softened, plus extra for the tin",200g soft light brown sugar,4 eggs,Olive Magazine UK,https://www.olivemagazine.com/recipes/baking-and-desserts/fig-cake/,1 tsp vanilla bean paste,125g self-raising flour,75g ground almonds,1 tsp baking powder,NA,NA,NA,NA,NA,NA,NA,NA,NA,NA,NA,NA,NA
Christmas brownies,Anna Glover,5,1,Family,"Makes 16 squares or 10 Christmas trees
Easy
Total time : 40 mins
+ cooling","Make these gooey Christmas tree brownies. We've given this popular bake a festive twist by adding warming cinnamon, tangy cranberries and a swirl of nut butter",3,14,150g salted butter cubed,150g dark chocolate chopped,100g golden caster sugar,100g soft light brown sugar,3 eggs,200g plain flour,Olive Magazine UK,https://www.olivemagazine.com/recipes/family/christmas-brownies/,75g dried cranberries,1 tsp ground cinnamon,½ tsp mixed spice,½ tsp ground ginger,1 orange zested,4 tbsp hazelnut or almond butter stirred,25g blanched hazelnuts roughly chopped,icing sugar for dusting,NA,NA,NA,NA,NA,NA,NA,NA,NA
Sourdough pancakes,NA,5,5,Family,"Serves 4
Easy
Total time : 50 mins","Make the most of leftover sourdough starter with a stack of fluffy pancakes, flavoured with brown butter and drizzled with maple syrup",2,9,200g self-raising flour,1 tbsp golden caster sugar,1 tsp baking powder,200g (this can be active starter or excess starter you usually pour away) sourdough starter,2 eggs,260ml milk,Olive Magazine UK,https://www.olivemagazine.com/recipes/family/sourdough-pancakes/,"50g butter melted (for extra flavour cook it until it turns brown, then cool), plus extra for cooking",sunflower oil for cooking,maple syrup to serve,NA,NA,NA,NA,NA,NA,NA,NA,NA,NA,NA,NA,NA,NA
Cookies and cream fridge cake,NA,NA,NA,Baking and desserts,"serves 8
Easy
Total time : 1 hr and 10 mins
+ chilling and cooling","This is based on a popular quick American dessert of cookies and cream, made by layering NabiscoTM Famous Chocolate Wafers with whipped cream. Left overnight, the wafers soften and turn into ‘cake’. You can’t buy similar wafers in the UK, so our recipe includes a homemade version.",3,10,100g butter completely softened,150g golden caster sugar,100g light soft brown sugar,1 egg white,150g plain flour,50g plain flour,Olive Magazine UK,https://www.olivemagazine.com/recipes/baking-and-desserts/cookies-and-cream-fridge-cake/,1/4 tsp bicarbonate of soda,1 litre double cream,4 tbsp icing sugar,2 tsp  vanilla extract,NA,NA,NA,NA,NA,NA,NA,NA,NA,NA,NA,NA,NA
Lebkuchen,Anna Glover,5,1,Baking and desserts,"Makes 20
Easy
Total time : 1 hr
+ Chilling + Setting","Honey-sweetened German biscuits spiced with cinnamon and ginger, lebkuchen are famously festive treats. Bake a batch this winter to get into the Christmas market spirit",4,9,200ml runny honey,85g butter,225g plain flour plus extra for dusting,75g ground almonds,2 tsp ground ginger,1 tsp ground cinnamon,Olive Magazine UK,https://www.olivemagazine.com/recipes/baking-and-desserts/lebkuchen/,a pinch mixed spice,½ tsp bicarbonate of soda,125g icing sugar,NA,NA,NA,NA,NA,NA,NA,NA,NA,NA,NA,NA,NA,NA
Key lime pie,Charlotte Morgan,5,2,Entertain,"Serves 8
Easy
Total time : 45 mins
plus freezing","This freezes brilliantly, so it’s a great make-ahead pud for dinner with friends. It’s best to freeze it before the cream goes on top then just add the topping before serving",3,8,250g digestive biscuits,100g butter melted,3 egg yolks,397g tin condensed milk,3 limes zested and juiced,1 lemon juiced,Olive Magazine UK,https://www.olivemagazine.com/recipes/entertain/freezer-key-lime-pie/,200ml double cream,2 tbsp icing sugar,NA,NA,NA,NA,NA,NA,NA,NA,NA,NA,NA,NA,NA,NA,NA
Banoffee cheesecake,Adam Bush,4,1,Baking and desserts,"Serves 10
Easy
Total time : 25 mins
+ chilling + cooling",This banoffee cheesecake has all the comforting flavour of the old-school pud but the style of an impressive dinner party dessert – and it takes less than 30 minutes of hands-on time to make,4,7,"150g salted butter plus 1 tbsp for the tin, plus 2 tbsp for frying",300g digestive biscuits,3 bananas sliced,200g caramel sauce,500g full-fat soft cheese,2 tbsp icing sugar,Olive Magazine UK,https://www.olivemagazine.com/recipes/baking-and-desserts/banoffee-cheesecake/,150ml double cream,NA,NA,NA,NA,NA,NA,NA,NA,NA,NA,NA,NA,NA,NA,NA,NA
Pistachio swirl biscuits,olivemagazine,NA,NA,Baking and desserts,"Makes about 45
Easy
Total time : 1 hr
+ chilling","Easy pinwheel biscuits: made with cocoa and pistachio, these nutty treats are quick to bake. Make plenty they won't last for long when the family spots them",5,7,240g plain flour,½ tsp baking powder,150g icing sugar,300g butter soft,30g cocoa,40g ground pistachios,Olive Magazine UK,https://www.olivemagazine.com/recipes/baking-and-desserts/pistachio-swirl-biscuits/,(optional) white or pale green sprinkles,NA,NA,NA,NA,NA,NA,NA,NA,NA,NA,NA,NA,NA,NA,NA,NA
Banana split s'mores,Anna Glover,5,1,Baking and desserts,"Serves 4
Easy
Total time : 30 mins",Cooked bananas have a fragrant juiciness that’s ideal paired with salty biscuits and dark chocolate. This fun dessert is best made over a barbecue or campfire and enjoyed outdoors,3,7,4 ripe bananas,50g dark chocolate chips,25g mini marshmallows,4 digestive biscuits crushed,mixed nuts chopped,whipped cream or ice cream to serve,Olive Magazine UK,https://www.olivemagazine.com/recipes/baking-and-desserts/banana-split-smores/,4 maraschino cherries optional,NA,NA,NA,NA,NA,NA,NA,NA,NA,NA,NA,NA,NA,NA,NA,NA
Chocolate orange cheesecake,Linzi Pucino,5,3,Baking and desserts,"Serves 12
Easy
Prep: 15 mins
Cook: 5 mins
plus chilling","No-bake cheesecakes are easy to prep ahead and just as impressive as any dessert that requires the oven. In this decadent chocolate orange version, we’ve used crunchy gingernuts in the base for extra flavour",3,10,125g unsalted butter plus extra for the tin,300g gingernut biscuits finely crushed,200g 70% dark chocolate,100g orange dark chocolate,250g mascarpone,280g full-fat soft cheese,Olive Magazine UK,https://www.olivemagazine.com/recipes/baking-and-desserts/chocolate-orange-cheesecake/,50g icing sugar,1 tbsp cocoa powder,150ml double cream,thinly sliced orange peel to serve,NA,NA,NA,NA,NA,NA,NA,NA,NA,NA,NA,NA,NA
Vegan chocolate cheesecake,Richard Makin,5,6,Vegan,"Serves 8
Easy
Total time : 30 mins
+ chilling","Top a fudgy Oreo biscuit base with silken tofu and dark chocolate for a rich, plant-based cheesecake. this easy vegan chocolate cheesecake makes an indulgent dinner party dessert",5,10,154g pack Oreos,30g vegan butter or margarine melted,340g dark chocolate (most chocolate over 60% cacao contains no milk but be sure to check the label) chopped,60ml deodorised coconut oil,350g extra-firm silken tofu,4 tbsp icing sugar sifted,Olive Magazine UK,https://www.olivemagazine.com/recipes/vegan/vegan-chocolate-cheesecake/,2 tsp lemon juice,200ml plant milk,2 tbsp cocoa powder,a pinch sea salt flakes,NA,NA,NA,NA,NA,NA,NA,NA,NA,NA,NA,NA,NA
Gingerbread pie,NA,3,2,Baking and desserts,"Serves 8 - 10
A little effort
Prep: 30 mins
Cook: 1 hr and 30 mins
plus chilling","A blend of ginger, cinnamon, nutmeg and allspice give this sweet, marshmallow-crowned pie by Asa Naiditch of Blame Butter real festive flavour",5,23,2 tbsp ground ginger,5 tsp ground cinnamon,3 tsp ground allspice,3 tsp ground nutmeg,1 tsp ground cloves,115g unsalted butter softened,Olive Magazine UK,https://www.olivemagazine.com/recipes/baking-and-desserts/gingerbread-pie/,50g dark brown sugar,1 egg yolk,1 tsp vanilla extract,200g plain flour,10g gingerbread spice mixture,100g granulated sugar,100g dark brown sugar,60g plain flour,15g gingerbread spice mixture,400ml whole milk,230g double cream,1 tsp vanilla extract,"105g egg whites (about 3 eggs), at room temperature",3g cream of tartar,200g sugar,220g corn syrup or glucose,5g vanilla extract
Chocolate hot cross buns,Nicola Lamb,5,2,Baking and desserts,"Makes 9 buns
A little effort
Total time : 1 hr and 20 mins
+ proving + cooling","Chocolate and hot cross buns (two of the best things about Easter) combine to make these brioche-style buns, studded with chocolate chips and finished with a salted caramel cross",7,15,95g caster sugar,50g unsalted butter,60g double cream,½ tsp sea salt flakes,2tsp fast-action dried yeast,100g whole milk warmed,Olive Magazine UK,https://www.olivemagazine.com/recipes/baking-and-desserts/chocolate-hot-cross-buns/,225g strong white bread flour,25g caster sugar,100g eggs (about two),80g unsalted butter,20g cocoa powder,100g milk chocolate chunks,1 egg for egg wash,60g caster sugar,1 cinnamon stick,NA,NA,NA,NA,NA,NA,NA,NA
New York cheesecake,Anna Glover,5,2,Family,"Serves 10-12
A little effort
Total time : 2 hrs
+ cooling",Take some time to master the perfect New York cheesecake. This creamy baked dessert is perfect for making ahead of time if you're entertaining,6,16,900g full-fat soft cheese at room temperature,300g caster sugar,3 tbsp plain flour,1 tbsp vanilla extract or vanilla bean paste ½ tbsp,6 eggs,100g soured cream,Olive Magazine UK,https://www.olivemagazine.com/recipes/family/new-york-cheesecake/,"1 lemon zested, plus 1 tbsp of lemon juice",200g graham crackers or digestive biscuits,1 tbsp icing sugar,"100g salted butter melted, plus extra for the tin",150ml soured cream,1 tbsp caster sugar,1 tsp lemon juice,250g blueberries,50g caster sugar,1 tbsp lemon juice,NA,NA,NA,NA,NA,NA,NA
Christmas cupcakes,NA,5,1,Baking and desserts,"Makes 12
Easy
Total time : 45 mins
+ chilling",Check out these super cute melted snowmen cupcakes. They are great fun to bake with the whole family and make for quick and easy Christmas party food,5,18,200g caster sugar,200ml vegetable oil,2 medium eggs,½ tsp vanilla extract,200g plain flour,20g cocoa powder,Olive Magazine UK,https://www.olivemagazine.com/recipes/baking-and-desserts/melted-snowman-cupcakes/,½ heaped tsp bicarbonate of soda,150g natural yogurt,150g white marshmallows,90ml milk,250g full-fat soft cheese,½ tsp vanilla extract,75ml double cream whipped,12 white marshmallows medium,black icing pen,12 candied peel pieces,36 M&M’s of different colours,12 Matchmakers snapped in half,NA,NA,NA,NA,NA
Healthy chocolate cake,Nadine Brown,5,1,Family,"Serves 14
Easy
Total time : 2 hrs
+ soaking","We've given classic chocolate cake a healthy twist by using sweet potatoes, sticky dates and almond milk. Using dark chocolate and cacao powder gives it a wonderful richness",4,11,300g sweet potatoes,250g dates (after stones removed),75ml cold-pressed rapeseed oil,350ml almond milk,1½ tbsp cider vinegar,350g wholemeal self-raising flour,Olive Magazine UK,https://www.olivemagazine.com/recipes/family/healthy-chocolate-cake/,50g cacao powder,1 tsp bicarbonate of soda,1 tsp vanilla extract,"150g dark chocolate roughly chopped, plus 10g, grated","1 orange zested, juiced to make 1 tbsp",NA,NA,NA,NA,NA,NA,NA,NA,NA,NA,NA,NA
Halloween cake,Lulu Grimes,5,1,Recipes,"Serves 8
Easy
Total time : 50 mins
+ cooling",This spooky halloween cake is easy to make but looks really impressive. Perfect for your costume party or for trick-or-treaters,4,13,175g butter softened,175g golden caster sugar,3 eggs,150g self-raising flour,80g ground almonds,½ tsp baking powder,Olive Magazine UK,https://www.olivemagazine.com/recipes/spooky-halloween-cake/,100ml milk,4 tbsp cocoa,½-1 tsp coffee powder,60g chocolate or caramel or mint chips,edible sugar eyes or royal icing sugar or orange or red or yellow or green or black or food colouring,150g butter softened,200g icing sugar,NA,NA,NA,NA,NA,NA,NA,NA,NA,NA
Sourdough brownies,Adam Bush,5,1,Easy,"Makes 16 squares
Easy
Total time : 30 mins","Put your sourdough starter discard to good use with these rich and indulgent chocolate brownies, topped with crunchy salted pretzels and a pinch of sea salt",2,9,"150g unsalted butter cubed, plus extra for the tin",250g dark chocolate chopped,200g soft light brown sugar,3 eggs,100g left-over sourdough starter,sea salt flakes,Olive Magazine UK,https://www.olivemagazine.com/recipes/quick-and-easy/sourdough-brownies/,50g cocoa powder,75g self-raising flour,30g salted pretzels broken into pieces,NA,NA,NA,NA,NA,NA,NA,NA,NA,NA,NA,NA,NA,NA
Valentine Warner's strawberries in Sauternes with lemon biscuits,Valentine Warner,NA,NA,Chef recipes,"Serves 6
A little effort
Total time : 30 mins
+ marinating","This easy recipe from Valentine Warner makes for a great summer pudding. With a great balance of sweetness and zesty acidity, sauternes (a dessert wine from Bordeaux) works fantastically with strawberries",4,9,750g very ripe strawberries hulled and roughly sliced,37.5cl bottle Sauternes chilled,1 unwaxed lemon,60g butter softened,75g caster sugar,2 large free-range egg whites,Olive Magazine UK,https://www.olivemagazine.com/recipes/chef-recipes/valentine-warners-strawberries-in-sauternes-with-lemon-biscuits/,75g plain flour,to decorate icing sugar,crème fraîche to serve,NA,NA,NA,NA,NA,NA,NA,NA,NA,NA,NA,NA,NA,NA
Lemon curd,NA,5,1,Baking and desserts,"Makes 1 jar
Easy
Total time : 1 hr","Making your own lemon curd is easier than you think with this recipe. Spoon onto warm crumpets, stir through greek yogurt, or use to sandwich meringues together",2,4,100g unsalted butter softened,200g golden caster sugar,4 large lemons zested and juiced,3 eggs beaten together,NA,NA,Olive Magazine UK,https://www.olivemagazine.com/recipes/baking-and-desserts/easy-lemon-curd/,NA,NA,NA,NA,NA,NA,NA,NA,NA,NA,NA,NA,NA,NA,NA,NA,NA
Salted honey cheesecake,Janine Ratcliffe,5,1,Baking and desserts,"Serves 8-10
Easy
Total time : 1 hr and 15 mins
+ Cooling and Chilling","An absolute treat of a cheesecake, with a gingery biscuit base, dreamy velvet filling and salted honey topping",6,13,250g ginger nut biscuits,75g unsalted butter melted,600g soft cheese,2 tbsp plain flour,150g runny honey,1 tsp vanilla extract,Olive Magazine UK,https://www.olivemagazine.com/recipes/baking-and-desserts/salted-honey-cheesecake/,2 large eggs plus 1 yolk,150ml soured cream,150g runny honey,a few drops lemon juice,2 tbsp double cream,a pinch sea salt flakes,150ml soured cream,NA,NA,NA,NA,NA,NA,NA,NA,NA,NA
Pear and blackberry crumble bars,Nadine Brown,5,1,Family,"Makes 12
Easy
Total time : 1 hr and 30 mins
+ chilling","Use fresh or frozen blackberries to make these delicious oat bars, perfect for breakfast on the go or as an afternoon treat – wholemeal flour gives them a fibre boost and adds to the overall nutty flavour",5,18,"100g unsalted butter chilled and cubed, plus extra for the tin","1 large ripe pear peeled, cored and roughly chopped into 1cm chunks",175g fresh blackberries,1 tbsp runny honey,"½ lemon zested, plus 1 tbsp of juice",1 tsp vanilla extract,Olive Magazine UK,https://www.olivemagazine.com/recipes/family/pear-and-blackberry-crumble-bars/,100g plain wholemeal flour,50g soft light brown sugar,30g ground almonds,¼ tsp ground cinnamon,¼ tsp ground ginger,50g unsalted butter chilled and cubed,40g plain wholemeal flour,30g soft light brown sugar,60g walnuts roughly chopped,20g oats,½ tsp ground cinnamon,½ tsp ground ginger,NA,NA,NA,NA,NA
Coffee and cream fridge cake,Janine Ratcliffe,5,1,Baking and desserts,"Serves 10-12
Easy
Total time : 30 mins
+ chilling","Wow your festive guests with this nostalgic fridge cake, packed with layers and layers of indulgence",4,8,for the tin vegetable or sunflower oil,750ml double cream chilled,100ml kahlua,2 tsp instant espresso powder plus extra to decorate,2 tbsp icing sugar,1 tsp vanilla extract,Olive Magazine UK,https://www.olivemagazine.com/recipes/baking-and-desserts/coffee-and-cream-fridge-cake/,3 x 250g packs Lotus Biscoff,to decorate chocolate-covered coffee beans,NA,NA,NA,NA,NA,NA,NA,NA,NA,NA,NA,NA,NA,NA,NA
Baileys fudge,NA,4,1,Baking and desserts,"Makes 30
Easy
Total time : 45 mins
+ cooling","This homemade white chocolate fudge makes a great little sweet treat or edible gift. Perfect with coffee to finish off a meal or as a little energy booster, it keeps for up to a month in an airtight container",3,4,500g golden granulated sugar,500ml whipping cream,50ml  Baileys,150g white chocolate,NA,NA,Olive Magazine UK,https://www.olivemagazine.com/recipes/baking-and-desserts/video-baileys-and-white-chocolate-fudge-recipe/,NA,NA,NA,NA,NA,NA,NA,NA,NA,NA,NA,NA,NA,NA,NA,NA,NA
Healthy banana bread,Nadine Brown,5,1,Vegan,"Serves 12
Easy
Total time : 1 hr and 20 mins","A healthy glug of maple syrup is the key to this wonderfully moist vegan banana bread, flavoured with both coconut oil and desiccated coconut",5,10,2 tbsp chia seeds,220g wholemeal self-raising flour,1 tsp ground cinnamon,1 tsp bicarbonate of soda,100g maple syrup,"80g coconut oil melted, plus extra for the tin",Olive Magazine UK,https://www.olivemagazine.com/recipes/vegan/healthy-banana-bread/,"3 bananas 2 mashed, 1 left whole",3 tbsp dairy-free milk,1 tsp vanilla extract,50g desiccated coconut,NA,NA,NA,NA,NA,NA,NA,NA,NA,NA,NA,NA,NA
Gluten-free brownies,Adam Bush,3,2,Baking and desserts,"Serves 12
Easy
Prep: 15 mins
Cook: 30 mins","These brownies are everything you'd hope – dense, fudgy and rich – and are a great option for anyone avoiding gluten",3,7,250g unsalted butter,350g dark chocolate chopped,250g caster sugar,4 eggs,1 tsp vanilla bean paste,125g gluten-free flour,Olive Magazine UK,https://www.olivemagazine.com/recipes/baking-and-desserts/gluten-free-brownies/,75g cocoa powder,NA,NA,NA,NA,NA,NA,NA,NA,NA,NA,NA,NA,NA,NA,NA,NA
Marmalade and ginger fool,Helena Busiakiewicz,NA,NA,Baking and desserts,"Serves 4
Easy
Prep: 15 mins","This is a delicious, speedy dessert that is zesty and zingy. Serve with extra ginger biscuits for scooping, if you like",3,8,200g double cream,1 large orange zested and juiced,10g ginger peeled and finely grated,4 tbsp icing sugar,200g greek yogurt,3-4 tbsp marmalade,Olive Magazine UK,https://www.olivemagazine.com/recipes/baking-and-desserts/marmalade-and-ginger-fool/,100g gingernut biscuits crushed to a fine crumb,1 orange peeled and segmented,NA,NA,NA,NA,NA,NA,NA,NA,NA,NA,NA,NA,NA,NA,NA
Frozen chocolate and hazelnut cheesecake,NA,5,4,Baking and desserts,"Serves 8-10
Easy
Total time : 30 mins
+ overnight freezing",Check out this frozen Nutella cheesecake with classic bourbon biscuits and crunchy roasted hazelnuts. This indulgent dessert is easy to make and perfect for a summertime dinner party with friends,4,10,200g full-fat soft cheese,1 tsp vanilla extract,2 large eggs separated,125g Nutella,100g golden caster sugar,300ml pot whipping cream,Olive Magazine UK,https://www.olivemagazine.com/recipes/baking-and-desserts/frozen-chocolate-and-hazelnut-cheesecake/,75g hazelnuts roasted and roughly chopped,to serve (optional) single cream,250g bourbon biscuits,75g salted butter melted,NA,NA,NA,NA,NA,NA,NA,NA,NA,NA,NA,NA,NA
Easter trash tiffin,Janine Ratcliffe,5,1,Family,"Cuts into 16
Easy
Total time : 20 mins
+ chilling",Use left-over chocolate and Easter eggs to create this indulgent fruit and nut chocolate tiffin,3,9,150g salted butter,3 tbsp golden syrup,200g dark chocolate chopped,200g milk chocolate chopped,12 glacé cherries halved,6 gingernut biscuits broken into small pieces,Olive Magazine UK,https://www.olivemagazine.com/recipes/family/easter-trash-tiffin/,4 tbsp flame raisins,50g blanched whole almonds,1-2 handfuls Easter egg pieces broken into small shards,NA,NA,NA,NA,NA,NA,NA,NA,NA,NA,NA,NA,NA,NA
