title,author,cuisine,rating,ratingnum,preptime,cooktime,totaltime,servings,totalingredients,ingredient1,ingredient2,ingredient3,ingredient4,ingredient5,ingredient6,ingredient7,ingredient8,ingredient9,ingredient10,ingredient11,ingredient12,ingredient13,source,link,ingredient14,ingredient15,ingredient16,ingredient17,ingredient18,ingredient19,ingredient20,ingredient21,ingredient22
Banana Oatmeal Cookies Recipe,John Kanell,American,5, 28 ,10 minutes,12 minutes,22 minutes,24 cookies,13,▢ 1½ cups all-purpose flour (180g),▢ 1½ teaspoons ground cinnamon,▢ 1 teaspoon baking soda,▢ ½ teaspoon salt,▢ ¼ teaspoon ground nutmeg,▢ ½ cup unsalted butter softened (113g),▢ ¾ cup packed light brown sugar (165g),▢ ½ cup granulated sugar (100g),▢ 1 large egg room temperature,▢ 2 teaspoons vanilla extract,▢ 1 cup mashed bananas (about 2 large/250g),▢ 3½ cups old-fashioned rolled oats (350g),▢ 1 cup semi-sweet chocolate chips (180g),Preppy Kitchen,https://preppykitchen.com/banana-oatmeal-cookies/,NA,NA,NA,NA,NA,NA,NA,NA,NA
Cookie Cake Recipe,John Kanell,American,4.98, 209 ,20 minutes,20 minutes,40 minutes,8 servings / 1 (9-inch) cake,16,For the Cookie:,▢ 1¾ cups all-purpose flour (210g),▢ ¾ teaspoon baking soda,▢ ½ teaspoon salt,▢ ½ cup unsalted butter softened (113g),▢ ¾ cup packed light or dark brown sugar (165g),▢ ¼ cup granulated sugar (50g),▢ 1 large egg room temperature,▢ 2½ teaspoons vanilla extract,▢ 1½ cups semi-sweet chocolate chips plus more for sprinkling (270g)▢For the Frosting:,▢ 6 tablespoons unsalted butter softened (85g),▢ 1¼ cups powdered sugar sifted (150g),▢ 3 tablespoons cocoa powder sifted,Preppy Kitchen,https://preppykitchen.com/cookie-cake/,▢ 2 tablespoons milk,▢ ½ teaspoon vanilla extract,▢ Sprinkles,NA,NA,NA,NA,NA,NA
Rum Balls Recipe,John Kanell,American,5, 43 ,20 minutes,NA,20 minutes,50 balls,7,▢ 3½ cups vanilla wafer cookies (250g),▢ 1¼ cup pecans (135g),▢ 1 cup powdered sugar (120g),▢ 2 tablespoons cocoa powder,▢ ½ teaspoon salt,▢ ⅓ cup dark rum (80mL),▢ 2 tablespoons corn syrup,NA,NA,NA,NA,NA,NA,Preppy Kitchen,https://preppykitchen.com/rum-balls/,NA,NA,NA,NA,NA,NA,NA,NA,NA
Oreo Balls Recipe,John Kanell,American,4.97, 120 ,30 minutes,NA,30 minutes,24 Balls,4,▢ 38 Oreo cookies*,▢ 1 (8-ounce/226g) package cream cheese room temperature (226g),"▢ 1 cup white or dark chocolate melting wafers, semi-sweet chocolate chips or chopped bars (180g)","▢ Optional Decorations: Oreo crumbs, melted chocolate drizzle, sprinkles",NA,NA,NA,NA,NA,NA,NA,NA,NA,Preppy Kitchen,https://preppykitchen.com/oreo-balls/,NA,NA,NA,NA,NA,NA,NA,NA,NA
Molasses Cookie Recipe,John Kanell,American,4.96, 87 ,15 minutes,12 minutes,27 minutes,30 cookies,12,▢ 2½ cups all-purpose flour (300g),▢ 2 teaspoons baking soda,▢ ¾ teaspoon salt,▢ 1½ teaspoons ground cinnamon,▢ 1 teaspoon ground ginger,▢ ½ teaspoon ground cloves,▢ ¾ cup unsalted butter softened (170g),▢ ¾ cup packed light brown sugar packed (165g),▢ ⅓ cup unsulphured molasses (80ml),▢ 1 large egg room temperature,▢ 2 teaspoons vanilla extract,▢ ¼ cup sanding or granulated sugar (50g),NA,Preppy Kitchen,https://preppykitchen.com/molasses-cookies/,NA,NA,NA,NA,NA,NA,NA,NA,NA
Gingersnap Cookie Recipe,John Kanell,"American, British",5, 363 ,20 minutes,10 minutes,30 minutes,30 cookies,13,▢ 2½ cups all-purpose flour (300g),▢ 2 teaspoons baking soda,▢ 2 teaspoons ground ginger,▢ 1 teaspoon ground cinnamon,▢ ¾ teaspoon salt,▢ ½ teaspoon ground cloves,▢ ¾ cup unsalted butter softened (170g),▢ ¾ cup packed light brown sugar (165g),▢ ¼ cup unsulphured molasses (90g),▢ 1 large egg room temperature,▢ 2 teaspoons vanilla extract▢Sugar Coating:,▢ ¼ cup granulated or sanding sugar (50g),▢ ½ teaspoon ground cinnamon (optional),Preppy Kitchen,https://preppykitchen.com/gingersnap-cookies/,NA,NA,NA,NA,NA,NA,NA,NA,NA
Gingerbread Cookie Recipe,John Kanell,American,5, 290 ,30 minutes,20 minutes,50 minutes,14 cookies,13,▢ 3 cups all-purpose flour (360g),▢ 1 teaspoon baking soda,▢ ¼ teaspoon salt,▢ 2 teaspoons ground ginger,▢ 1 teaspoon cinnamon,▢ ¼ teaspoon ground cloves,▢ ¼ teaspoon ground nutmeg,▢ ¾ cup unsalted butter room temperature (170g),▢ ¾ cup firmly packed light brown sugar (165g),▢ ½ cup unsulphured molasses (120mL),▢ 1 large egg room temperature,▢ 1 teaspoon vanilla extract (5mL),"▢ Royal icing or easy sugar cookie icing, for decorating",Preppy Kitchen,https://preppykitchen.com/gingerbread-men/,NA,NA,NA,NA,NA,NA,NA,NA,NA
No Bake Cookie Recipe,John Kanell,American,4.95, 98 ,5 minutes,1 minute,26 minutes,30 cookies,7,▢ 1½ cups granulated sugar (300g),▢ ½ cup milk (120ml),▢ ½ cup unsalted butter (113g),▢ ¼ cup unsweetened cocoa powder (25g),▢ 2½ cups quick oats (250g),▢ ¾ cup creamy no-stir peanut butter (200g),▢ 2 teaspoons vanilla extract,NA,NA,NA,NA,NA,NA,Preppy Kitchen,https://preppykitchen.com/no-bake-cookies/,NA,NA,NA,NA,NA,NA,NA,NA,NA
Coconut Macaroon Recipe,John Kanell,American,4.85, 98 ,20 minutes,20 minutes,40 minutes,24 cookies,6,▢ 1 14-ounce/ 396g bag sweetened shredded coconut,▢ ⅔ cup sweetened condensed milk (160ml) (see Notes about using the whole can),▢ 1 teaspoon vanilla extract,▢ ½ teaspoon salt,▢ 2 large egg whites room temperature,▢ 6 ounces semi-sweet chocolate chips or chopped bars (170g),NA,NA,NA,NA,NA,NA,NA,Preppy Kitchen,https://preppykitchen.com/coconut-macaroons/,NA,NA,NA,NA,NA,NA,NA,NA,NA
Thumbprint Cookie Recipe,John Kanell,American,4.97, 294 ,10 minutes,12 minutes,52 minutes,30 cookies,8,▢ 1 cup unsalted butter softened (227g),▢ ¾ cup granulated sugar (150g),▢ 2 large egg yolks,▢ 1 teaspoon vanilla extract,▢ ½ teaspoon salt,▢ 3 cups all-purpose flour (360g),▢ 1 tablespoon milk or water only if needed,"▢ ⅓ cup fruit jam (strawberry, raspberry, or apricot jam)",NA,NA,NA,NA,NA,Preppy Kitchen,https://preppykitchen.com/thumbprint-cookies/,NA,NA,NA,NA,NA,NA,NA,NA,NA
Snickerdoodle Recipe,John Kanell,American,4.95, 265 ,15 minutes,10 minutes,25 minutes,30 cookies,12,For the Cookies:,▢ 2¾ cups all-purpose flour (330g),▢ 1 teaspoon baking soda,▢ 1 teaspoon cream of tartar,▢ 1 teaspoon ground cinnamon,▢ ¾ teaspoon salt,▢ 1 cup unsalted butter softened (226g),▢ 1 cup granulated sugar (200g),▢ 2 large eggs room temperature,▢ 2 teaspoons vanilla extract▢For the Cinnamon-Sugar Coating:,▢ ⅓ cup granulated sugar (67g),▢ 1½ teaspoons ground cinnamon,NA,Preppy Kitchen,https://preppykitchen.com/snickerdoodle-cookies-recipe/,NA,NA,NA,NA,NA,NA,NA,NA,NA
Mexican Wedding Cookie Recipe,John Kanell,Mexican,5, 60 ,15 minutes,15 minutes,NA,24 cookies,7,▢ 1 cup unsalted butter softened (227g),▢ ½ cup powdered sugar (60g),▢ ¼ teaspoon salt,▢ 1½ teaspoons vanilla extract,▢ 1¾ cups all-purpose flour (210g),▢ 1 cup finely chopped pecans,▢ 1 cup powdered sugar for dusting (120g),NA,NA,NA,NA,NA,NA,Preppy Kitchen,https://preppykitchen.com/kourabiedes-cookies/,NA,NA,NA,NA,NA,NA,NA,NA,NA
Sugar Cookie Recipe,John Kanell,American,4.99, 4971 ,30 minutes,10 minutes,40 minutes,36 cookies,7,▢ 4 cups all-purpose flour (480g),▢ ¾ teaspoon salt,▢ ¾ teaspoon baking powder,▢ 1 cup unsalted butter softened (227g),▢ 1 cup granulated sugar (200g),▢ 2 large eggs,▢ 2 teaspoons vanilla extract,NA,NA,NA,NA,NA,NA,Preppy Kitchen,https://preppykitchen.com/sugar-cookies/,NA,NA,NA,NA,NA,NA,NA,NA,NA
Chocolate Chip Cookie Bar Recipe,John Kanell,American,4.96, 1662 ,10 minutes,55 minutes,5 minutes,16 bars,10,▢ 2¼ cups all-purpose flour (270g),▢ 1 tablespoon cornstarch,▢ 1 teaspoon baking soda,▢ 1 teaspoon salt,▢ ¾ cup unsalted butter melted and cooled slightly (170g),▢ 1 cup packed light brown sugar (220g),▢ ⅔ cup granulated sugar (133g),▢ 2 large eggs room temperature,▢ 1 tablespoon vanilla extract,▢ 2 cups semi-sweet chocolate chips divided (360g),NA,NA,NA,Preppy Kitchen,https://preppykitchen.com/chocolate-chip-cookie-bars/,NA,NA,NA,NA,NA,NA,NA,NA,NA
Biscotti Recipe,John Kanell,Italian,4.96, 41 ,10 minutes,50 minutes,20 minutes,18 pieces,9,▢ 2 cups all-purpose flour (240g),▢ ¾ cup granulated sugar plus more for sprinkling (150g),▢ 1½ teaspoons baking powder,▢ ¼ teaspoon salt,▢ 3 large eggs room temperature and divided,▢ ¼ cup salted butter melted (56g),▢ ½ teaspoon vanilla extract,▢ ½ teaspoon almond extract,▢ ½ cup sliced almonds (60g),NA,NA,NA,NA,Preppy Kitchen,https://preppykitchen.com/biscotti/,NA,NA,NA,NA,NA,NA,NA,NA,NA
Graham Cracker Recipe,John Kanell,American,5, 3 ,25 minutes,25 minutes,20 minutes,16 to 20 graham crackers,12,▢ 1⅓ cups whole-wheat flour (165g),▢ ⅔ cup all-purpose flour (80g),▢ ½ teaspoon salt,▢ ½ teaspoon ground cinnamon,▢ ½ teaspoon baking soda,▢ ¼ teaspoon baking powder,▢ ½ cup unsalted butter softened (113g),▢ ¼ cup light brown sugar (55g),▢ 2 tablespoons granulated sugar,▢ 2 tablespoons honey,▢ 1 teaspoon vanilla extract,▢ 3 tablespoons whole milk divided,NA,Preppy Kitchen,https://preppykitchen.com/graham-crackers/,NA,NA,NA,NA,NA,NA,NA,NA,NA
Brown Butter Chocolate Chip Cookies,John Kanell,American,4.67, 3 ,35 minutes,12 minutes,7 minutes,18 cookies,12,"▢ 1¼ cups unsalted butter, diced (282g)",▢ 2⅔ cups all-purpose flour (320g),▢ 1 teaspoon baking powder,▢ ½ teaspoon baking soda,▢ ¾ teaspoon salt,▢ ¾ cup light brown sugar (165g),▢ ½ cup granulated sugar (100g),▢ 1 large egg,▢ 1 egg yolk,▢ 2 teaspoons vanilla extract,▢ 1½ cups semisweet chocolate chips or chocolate chunks (270g),"▢ ½ cup dark chocolate chips optional, (90g)",NA,Preppy Kitchen,https://preppykitchen.com/brown-butter-chocolate-chip-cookies/,NA,NA,NA,NA,NA,NA,NA,NA,NA
Chocolate Chip Cookies Recipe,John Kanell,American,4.95, 645 ,10 minutes,12 minutes,22 minutes,32 Cookies,9,▢ 2½ cups all-purpose flour (300g),▢ ¾ teaspoon baking soda,▢ ¾ teaspoon salt,▢ 1 cup unsalted butter softened (227g),▢ ¾ cup light brown sugar (165g),▢ ½ cup granulated sugar (100g),▢ 1 large egg,▢ 1 tablespoon vanilla extract,▢ 1½ cups semisweet chocolate chips (or chocolate chunks) (270g),NA,NA,NA,NA,Preppy Kitchen,https://preppykitchen.com/chewy-chocolate-chip-cookies/,NA,NA,NA,NA,NA,NA,NA,NA,NA
Carrot Cake Cookies Recipe,John Kanell,American,4.97, 29 ,30 minutes,12 minutes,42 minutes,36 cookies,19,For the Cookies:,▢ 2¼ cups all-purpose flour (270g),▢ 1 teaspoon baking soda,▢ ¾ teaspoon kosher salt,▢ 2 teaspoons ground cinnamon,▢ ½ teaspoon ground ginger,▢ ¼ teaspoon ground nutmeg,▢ 1 cup unsalted butter softened (226g),▢ 1 cup firmly packed light brown sugar (220g),▢ ½ cup granulated sugar (100g),▢ 1 large egg room temperature,▢ 2 teaspoons vanilla extract,▢ 1 cup grated carrot (about 2 medium carrots/ 90g),Preppy Kitchen,https://preppykitchen.com/carrot-cake-cookies/,▢ 1 cup old-fashioned rolled oats (80g),▢ ½ cup finely chopped pecans (optional) (80g)▢Cream Cheese Frosting:,▢ 8 ounces cream cheese room temperature (226g),▢ ½ cup unsalted butter softened (113g),▢ 2 cups powdered sugar (240g),▢ 1 teaspoon vanilla extract,NA,NA,NA
Tiramisu Cookies Recipe,John Kanell,American,5, 2 ,15 minutes,10 minutes,25 minutes,18 cookies,18,For the Cookies:,▢ 1⅔ cups all-purpose flour (200g),▢ 1 tablespoon cornstarch,▢ 1 tablespoon espresso powder,▢ ½ teaspoon baking soda,▢ ½ teaspoon salt,▢ ½ cup unsalted butter softened (113g),▢ ⅔ cup granulated sugar (133g),▢ 1 large egg room temperature,▢ 2 teaspoons vanilla bean paste▢For the Frosting:,▢ 4 ounces mascarpone cheese room temperature (113g),▢ 4 ounces cream cheese room temperature (113g),▢ ½ cup powdered sugar (60g),Preppy Kitchen,https://preppykitchen.com/tiramisu-cookies/,▢ ½ teaspoon vanilla bean paste,▢ Pinch of salt,▢ 1 cup cold heavy cream (240mL),▢ 2 teaspoons Kahlua optional,▢ Dark cocoa powder for dusting,NA,NA,NA,NA
German Chocolate Cookies Recipe,John Kanell,German,NA,NA,20 minutes,10 minutes,30 minutes,24 cookies,21,For the Cookies:,▢ 1⅔ cups all-purpose flour (200g),▢ ½ cup cocoa powder (50g),▢ ¾ teaspoon baking soda,▢ ½ teaspoon salt,▢ ¾ cup unsalted butter softened (170g),▢ ½ cup light brown sugar (110g),▢ ½ cup granulated sugar (100g),▢ 1 large egg room temperature,▢ 2 teaspoons vanilla extract,▢ ½ cup semi-sweet chocolate chips (90g),▢ 4 ounces german chocolate chopped (113g)▢For the Frosting:,▢ ½ cup granulated sugar (100g),Preppy Kitchen,https://preppykitchen.com/german-chocolate-cookies/,▢ ½ cup evaporated milk (120mL),▢ 1 large egg yolk,▢ ¼ cup unsalted butter cubed (56g),▢ ⅛ teaspoon salt,▢ 1 cup sweetened shredded coconut (95g),▢ ½ cup pecans toasted and finely chopped (50g),▢ ½ teaspoon pure vanilla extract,▢ 1 cup semi-sweet chocolate chips (180g),NA
Rocky Road Cookies Recipe,John Kanell,American,5, 1 ,10 minutes,10 minutes,20 minutes,28 cookies,12,▢ 1⅔ cups all-purpose flour (200g),▢ ½ cup cocoa powder (50g),▢ 1 teaspoon baking soda,▢ ½ teaspoon salt,▢ ¾ cup unsalted butter softened (168g),▢ ¾ cup light brown sugar (165g),▢ ⅓ cup granulated sugar (66g),▢ 1 large egg room temperature,▢ 2 teaspoons vanilla extract,▢ 1 cup mini marshmallows divided (56g),▢ ¾ cup semi-sweet chocolate chips (135g),▢ ½ cup almonds chopped (75g),NA,Preppy Kitchen,https://preppykitchen.com/rocky-road-cookies/,NA,NA,NA,NA,NA,NA,NA,NA,NA
Madeleines Recipe,John Kanell,French,4.96, 230 ,20 minutes,8 minutes,28 minutes,20 cookies,9,▢ 7 tablespoons unsalted butter (100g),▢ ¾ cup all-purpose flour plus 1 tablespoon (100g),▢ ¼ teaspoon baking powder,▢ pinch salt,▢ 2 large eggs room temperature,▢ ½ cup granulated sugar (100g),▢ 1 teaspoon vanilla extract,▢ 1 teaspoon lemon zest,▢ Powdered sugar for dusting,NA,NA,NA,NA,Preppy Kitchen,https://preppykitchen.com/madeleines/,NA,NA,NA,NA,NA,NA,NA,NA,NA
Coconut Cookies Recipe,John Kanell,"American, British",4.96, 49 ,15 minutes,10 minutes,25 minutes,24 cookies,9,▢ 2 cups all-purpose flour (240g),▢ ½ teaspoon salt,▢ 1 teaspoon baking soda,▢ ¾ cup unsalted butter softened (170g),▢ ½ cup light brown sugar (110g),▢ ½ cup granulated sugar (100g),▢ 1 large egg,▢ 1 teaspoon vanilla extract,▢ 1¾ cups shredded sweetened coconut (150g),NA,NA,NA,NA,Preppy Kitchen,https://preppykitchen.com/coconut-cookies/,NA,NA,NA,NA,NA,NA,NA,NA,NA
Chocolate Crinkle Cookies,John Kanell,American,4.97, 1100 ,15 minutes,10 minutes,25 minutes,48 cookies,9,▢ 1 cup unsweetened cocoa powder (100g),▢ 1¾ cups granulated sugar (350g),▢ ½ cup vegetable oil (120mL),▢ 4 large eggs room temperature,▢ 2 teaspoons vanilla extract,▢ 2 cups all-purpose flour (240g),▢ 2 teaspoons baking powder,▢ ¾ teaspoon salt,▢ 1 cup powdered sugar (120g),NA,NA,NA,NA,Preppy Kitchen,https://preppykitchen.com/chocolate-crinkle-cookies/,NA,NA,NA,NA,NA,NA,NA,NA,NA
Pistachio Matcha Cookies Recipe,John Kanell,American,NA,NA,10 minutes,20 minutes,30 minutes,28 to 30 cookies,9,▢ 1 cup unsalted butter softened (226g),▢ ¾ cup confectioners’ sugar (90g),▢ ½ teaspoon salt,▢ 1 large egg,▢ ½ teaspoon almond extract,▢ 2 cups all-purpose flour (240g),▢ 4 teaspoons matcha powder (10g),▢ ½ cup chopped pistachios (70g),▢ ½ cup white sparkling sugar (150g),NA,NA,NA,NA,Preppy Kitchen,https://preppykitchen.com/pistachio-matcha-cookies/,NA,NA,NA,NA,NA,NA,NA,NA,NA
Milano Cookies Recipe,John Kanell,American,5, 1 ,20 minutes,10 minutes,30 minutes,20 sandwich cookies,10,Cookies:,"▢ ½ cup unsalted butter (113g), softened",▢ ½ cup powdered sugar (60g),▢ ½ cup granulated sugar (100g),▢ 1 large egg room temperature,▢ 1 teaspoon vanilla extract,▢ ½ teaspoon salt,▢ 1½ cups all-purpose flour (180g),▢ 1 tablespoon whole milk▢Chocolate filling:,▢ 1 cup semi-sweet chocolate chips (180g),NA,NA,NA,Preppy Kitchen,https://preppykitchen.com/milano-cookies/,NA,NA,NA,NA,NA,NA,NA,NA,NA
Chocolate Peppermint Bark Cookies Recipe,John Kanell,American,NA,NA,15 minutes,10 minutes,35 minutes,24 cookies,13,▢ 1¾ cups all-purpose flour (210g),▢ ⅓ cup cocoa powder (33g),▢ ¾ teaspoon baking soda,▢ ½ teaspoon salt,▢ ¾ cup unsalted butter softened (168g),▢ ½ cup light brown sugar (110g),▢ ½ cup granulated sugar (100g),▢ 1 large egg room temperature,▢ 1 teaspoon vanilla extract,▢ ½ teaspoon peppermint extract,▢ 16 ounces peppermint bark divided (450g),▢ ½ cup dark chocolate chips (80g),▢ 3 to 4 candy canes crushed,Preppy Kitchen,https://preppykitchen.com/chocolate-peppermint-bark-cookies/,NA,NA,NA,NA,NA,NA,NA,NA,NA
Ritz Cookies Recipe,John Kanell,American,5, 1 ,25 minutes,5 minutes,45 minutes,30 cookies,4,▢ 60 Ritz crackers (from 2 sleeves) (180g),▢ ¾ cup peanut butter (175g),▢ 1 pound semi-sweet chocolate bars (chopped) or chips (450g),▢ 2 teaspoons coconut oil optional,NA,NA,NA,NA,NA,NA,NA,NA,NA,Preppy Kitchen,https://preppykitchen.com/ritz-cookies/,NA,NA,NA,NA,NA,NA,NA,NA,NA
Brown Butter Wassail Cookies Recipe,John Kanell,American,NA,NA,40 minutes,25 minutes,35 minutes,2 dozens,20,For the Cookies:,▢ ¾ cup apple juice or cider (180mL),▢ 1 cup very finely chopped dried apples (80g),▢ ⅓ cup brandy (80mL),▢ 1 cup unsalted butter (227g),▢ 1½ teaspoons ground cinnamon,▢ 1½ teaspoons ground ginger,▢ ½ teaspoon ground allspice,▢ 1 teaspoon vanilla bean paste or vanilla extract,▢ 1 tablespoon grated orange zest (about 1 orange),▢ 1 teaspoon grated lemon zest (about 1 lemon),▢ 1 cup packed dark brown sugar (220g),▢ ½ cup granulated sugar divided (100g),Preppy Kitchen,https://preppykitchen.com/brown-butter-wassail-cookies/,▢ 2¾ cups all-purpose flour (330g),▢ 1 teaspoon baking soda,▢ ½ teaspoon baking powder,▢ ½ teaspoon salt,▢ 1 large egg▢For the Glaze:,▢ 1½ cups confectioners’ sugar,▢ 3 to 4 tablespoons reserved apple soaking liquid (45 to 60mL),NA,NA
Pizzelle Recipe,John Kanell,Italian,5, 3 ,10 minutes,30 minutes,40 minutes,28 pizzelles,9,▢ 1¾ cups all-purpose flour (210g),▢ 2 teaspoons baking powder,▢ ¼ teaspoon salt,▢ 3 large eggs,▢ ¾ cup granulated sugar (150g),"▢ ½ cup unsalted butter (113g), melted and cooled slightly",▢ 1½ teaspoons vanilla extract,▢ 1½ teaspoons anise extract (optional),▢ Powdered sugar for serving,NA,NA,NA,NA,Preppy Kitchen,https://preppykitchen.com/pizzelle/,NA,NA,NA,NA,NA,NA,NA,NA,NA
Zimtsterne Recipe (German Cinnamon Stars),John Kanell,German,NA,NA,30 minutes,25 minutes,5 minutes,20 to 24 cookies,7,▢ 2 egg whites (80g),"▢ 1¾ cups confectioners’ sugar (210g), divided",▢ 2¾ cups ground almonds (290g),▢ 2 teaspoons ground cinnamon,▢ 1 teaspoon lemon zest,▢ ¼ teaspoon salt,▢ 1 tablespoon lemon juice,NA,NA,NA,NA,NA,NA,Preppy Kitchen,https://preppykitchen.com/zimtsterne/,NA,NA,NA,NA,NA,NA,NA,NA,NA
Pecan Shortbread Cookies Recipe,John Kanell,"British, Scottish",4.88, 74 ,15 minutes,20 minutes,35 minutes,14 cookies,7,▢ 10 tablespoons unsalted butter room temperature (140g),▢ ⅔ cup confectioners’ sugar (80g),▢ 2 teaspoons dark rum or vanilla extract,▢ ¾ teaspoon kosher salt,▢ 1½ cups all-purpose flour (180g),▢ ½ teaspoon cinnamon,▢ ¾ cup pecans coarsely chopped toasted (83g),NA,NA,NA,NA,NA,NA,Preppy Kitchen,https://preppykitchen.com/pecan-shortbread-cookies/,NA,NA,NA,NA,NA,NA,NA,NA,NA
Oatmeal Cookies Recipe,John Kanell,American,4.99, 63 ,15 minutes,12 minutes,27 minutes,30 cookies,12,▢ 1½ cups all-purpose flour (180g),▢ ¾ teaspoon baking soda,▢ ¼ teaspoon baking powder,▢ ½ teaspoon salt,▢ 1 teaspoon ground cinnamon,▢ 1 cup unsalted butter room temperature (226g),▢ 1 cup packed light brown sugar (220g),▢ ½ cup granulated sugar (100g),▢ 2 large eggs,▢ 2 teaspoons vanilla extract,▢ 2½ cups old-fashioned rolled oats (280g),▢ 1 cup raisins (or other mixins) (160g),NA,Preppy Kitchen,https://preppykitchen.com/oatmeal-cookies/,NA,NA,NA,NA,NA,NA,NA,NA,NA
Pumpkin Snickerdoodles Recipe,John Kanell,American,5, 19 ,20 minutes,10 minutes,NA,18 cookies,15,For the Cinnamon Sugar Coating:,▢ ¼ cup granulated sugar (50g),▢ 1 teaspoon cinnamon or pumpkin pie spice▢For the Cookie Dough:,▢ 1¾ cups all-purpose flour (210g),▢ 1 teaspoon pumpkin pie spice,▢ 1 teaspoon ground cinnamon,▢ ¾ teaspoon cream of tartar,▢ ½ teaspoon baking soda,▢ ½ teaspoon salt,▢ ½ cup unsalted butter softened (113g/1 stick),▢ ½ cup light brown sugar (110g),▢ ½ cup granulated sugar (100g),▢ ⅓ cup pumpkin purée (82g),Preppy Kitchen,https://preppykitchen.com/pumpkin-snickerdoodles/,▢ 1 egg yolk,▢ 2 teaspoons vanilla extract,NA,NA,NA,NA,NA,NA,NA
Alfajores Recipe,John Kanell,latin,4.97, 89 ,15 minutes,10 minutes,25 minutes,36 cookies,10,▢ 1¼ cup cornstarch (180g),▢ 1 cup all-purpose flour (120g),▢ 1 teaspoon baking powder,▢ ¼ teaspoon salt,"▢ ¾ cup unsalted butter (170g), room temperature",▢ ⅔ cup granulated sugar (133g),▢ 3 egg yolks,▢ 2 teaspoons vanilla extract,▢ 1 (13.4-ounce) can dulce de leche (380g),▢ ⅓ cup shredded coconut unsweetened,NA,NA,NA,Preppy Kitchen,https://preppykitchen.com/alfajores/,NA,NA,NA,NA,NA,NA,NA,NA,NA
Pumpkin Chocolate Chip Cookies Recipe,John Kanell,American,4.96, 84 ,10 minutes,11 minutes,51 minutes,24 cookies,12,▢ ⅓ cup canned pumpkin puree (80g),▢ 2 cups all-purpose flour (240g),▢ ½ teaspoon baking powder,▢ ¼ teaspoon baking soda,▢ 2 teaspoons ground cinnamon,▢ 1 teaspoon pumpkin pie spice,▢ ½ teaspoon salt,▢ ¾ cup unsalted butter melted and cooled (170g),▢ ½ cup light brown sugar packed (110g),▢ ½ cup granulated sugar (100g),▢ 1 teaspoon vanilla extract,▢ 1 cup semisweet chocolate chips (160g),NA,Preppy Kitchen,https://preppykitchen.com/pumpkin-chocolate-chip-cookies/,NA,NA,NA,NA,NA,NA,NA,NA,NA
Pumpkin Cookies Recipe,John Kanell,American,4.98, 85 ,10 minutes,11 minutes,51 minutes,34 cookies,18,For the Cookies:,▢ 2½ cups all-purpose flour (300g),▢ 1 teaspoon baking soda,▢ 1 teaspoon baking powder,▢ 2 teaspoons ground cinnamon,▢ 1 teaspoon pumpkin pie spice,▢ ½ teaspoon salt,▢ ½ cup unsalted butter softened,▢ 1 cup light brown sugar packed (220g),▢ ½ cup granulated sugar (100g),▢ 1 large egg room temperature,▢ 1 teaspoon vanilla extract,▢ 1 cup pumpkin puree (240g)▢For the Icing:,Preppy Kitchen,https://preppykitchen.com/pumpkin-cookies/,▢ 2 cups powdered sugar (240g),▢ ¼ cup whole milk (60mL),▢ 2 tablespoons butter melted and cooled,▢ 1 teaspoon vanilla extract,▢ Pinch of salt,NA,NA,NA,NA
Air Fryer Cookies,John Kanell,American,5, 1 ,10 minutes,14 minutes,24 minutes,12 servings,9,▢ ½ cup unsalted butter softened (113g),▢ ½ cup light brown sugar (110g),▢ ¼ cup granulated sugar (50g),▢ 1 large egg room temperature,▢ 1 teaspoon vanilla extract,▢ 1½ cups all-purpose flour (180g),▢ ¼ teaspoon baking soda,▢ ¼ teaspoon salt,▢ 1 cup semi-sweet chocolate chips (180g),NA,NA,NA,NA,Preppy Kitchen,https://preppykitchen.com/air-fryer-cookies/,NA,NA,NA,NA,NA,NA,NA,NA,NA
M&M Cookies,John Kanell,American,5, 129 ,10 minutes,9 minutes,49 minutes,16 cookies,9,▢ 1½ cups all-purpose flour (180g),▢ 1 teaspoon baking soda,▢ ¼ teaspoon kosher salt,▢ ½ cup unsalted butter softened (113g),▢ ½ cup granulated sugar (100g),▢ ¼ cup packed light brown sugar (55g),▢ 1 large egg room temperature,▢ 1 teaspoon vanilla extract,▢ ¾ cup M&Ms plus more for the tops,NA,NA,NA,NA,Preppy Kitchen,https://preppykitchen.com/mm-cookies/,NA,NA,NA,NA,NA,NA,NA,NA,NA
Chocolate Covered Oreos,John Kanell,American,5, 1 ,20 minutes,2 minutes,52 minutes,24 servings,3,"▢ 1½ cups chocolate chips or candy melts semi-sweet chocolate, white chocolate, milk chocolate (280g)",▢ 24 Oreo sandwich cookies,▢ Sprinkles (optional),NA,NA,NA,NA,NA,NA,NA,NA,NA,NA,Preppy Kitchen,https://preppykitchen.com/chocolate-covered-oreos/,NA,NA,NA,NA,NA,NA,NA,NA,NA
Lemon Cookies,John Kanell,American,4.99, 216 ,10 minutes,10 minutes,50 minutes,24 cookies,14,For the Cookies:,▢ 2 cups all-purpose flour (240g),▢ ½ teaspoon baking powder,▢ ½ teaspoon baking soda,▢ ½ teaspoon salt,▢ ½ cup unsalted butter softened (113g),▢ ¾ cup granulated sugar (150g),▢ 3 tablespoons grated lemon zest (about 3 lemons),▢ 1 large egg,▢ 2 tablespoons fresh lemon juice,▢ 1 teaspoon lemon extract,▢ Yellow food coloring (optional)▢For the Lemon Glaze:,▢ 1 cup powdered sugar (120g),Preppy Kitchen,https://preppykitchen.com/lemon-cookies/,▢ 1 to 3 tablespoons fresh lemon juice,NA,NA,NA,NA,NA,NA,NA,NA
Pudding Cookies,John Kanell,American,5, 6 ,10 minutes,10 minutes,20 minutes,24 cookies,10,▢ 1 cup unsalted butter softened (227g),▢ ½ cup packed light brown sugar (110g),▢ ¼ cup granulated sugar (50g),▢ 2 large eggs,▢ 1 teaspoon vanilla extract,▢ 1 (3.4oz) box instant vanilla pudding mix,▢ 2⅓ cup all-purpose flour (280g),▢ 1 teaspoon baking soda,▢ ½ teaspoon salt,▢ 2 cups semisweet chocolate chips (360g),NA,NA,NA,Preppy Kitchen,https://preppykitchen.com/pudding-cookies/,NA,NA,NA,NA,NA,NA,NA,NA,NA
Magic Cookie Bars,John Kanell,American,4.81, 52 ,15 minutes,30 minutes,45 minutes,24 bars,8,▢ 1½ cup graham cracker crumbs (180g),▢ 1 cup chopped pecans (120g),▢ ½ cup unsalted butter melted (113g),▢ ¾ cup semi-sweet chocolate chips plus more for sprinkling (135g),▢ ¾ cup butterscotch chips (90g),▢ 1⅓ cups sweetened shredded coconut (133g),▢ 1 (14-ounce) can sweetened condensed milk,▢ Flaky sea salt (optional),NA,NA,NA,NA,NA,Preppy Kitchen,https://preppykitchen.com/magic-cookie-bars/,NA,NA,NA,NA,NA,NA,NA,NA,NA
Russian Tea Cakes,John Kanell,"American, russian",4.98, 70 ,15 minutes,10 minutes,25 minutes,36 Cookies,6,▢ 1 cup unsalted butter softened (226g),▢ 1½ cups powdered sugar divided (180g),▢ 2 teaspoon vanilla,▢ ¼ teaspoon salt,▢ 2½ cups all-purpose flour (300g),▢ ¾ cup finely chopped walnuts (120g),NA,NA,NA,NA,NA,NA,NA,Preppy Kitchen,https://preppykitchen.com/russian-tea-cakes/,NA,NA,NA,NA,NA,NA,NA,NA,NA
Cinnamon Roll Cookies,John Kanell,American,5, 19 ,30 minutes,10 minutes,40 minutes,24 servings,15,For the Dough:,▢ 3 cups all-purpose flour (360g),▢ 1½ teaspoons baking powder,▢ ½ teaspoon salt,▢ 1 cup unsalted butter softened (113g),▢ 1 cup granulated sugar (100g),▢ 2 large egg,▢ 2 teaspoons vanilla extract▢For the Cinnamon Filling:,▢ ¼ cup unsalted butter melted (56g),▢ ½ cup packed light brown sugar (110g),▢ 1½ tablespoons ground cinnamon▢For the Icing:,▢ 1 cup powdered sugar (120g),▢ 2 tablespoons milk,Preppy Kitchen,https://preppykitchen.com/cinnamon-roll-cookies/,▢ 1 tablespoon unsalted butter melted,▢ 1 teaspoon vanilla extract,NA,NA,NA,NA,NA,NA,NA
Fruitcake Cookies,John Kanell,American,5, 4 ,15 minutes,8 minutes,23 minutes,48 cookies,14,▢ 2¼ cups all-purpose flour (281g),▢ 1 teaspoon baking soda,▢ ¾ teaspoon salt,▢ 1 cup unsalted butter softened (227g),▢ 1 cup granulated sugar (200g),▢ ½ cup packed light brown sugar (110g),▢ 2 large eggs,▢ 1 teaspoon vanilla extract,▢ ½ cup chopped dates (pitted),▢ 1 cup chopped red candied cherries (1 8oz pkg),▢ 1 cup chopped green candied cherries (1 8oz pkg),▢ 1 cup chopped candied pineapple (1 8oz pkg),▢ ¾ cup chopped pecans,Preppy Kitchen,https://preppykitchen.com/fruitcake-cookies/,▢ ½ cup chopped walnuts,NA,NA,NA,NA,NA,NA,NA,NA
Linzer Cookies,John Kanell,Austrian,5, 18 ,15 minutes,10 minutes,NA,36 servings,10,▢ 2⅔ cups all-purpose flour (320g),▢ 1½ cups almond flour (150g),▢ ¾ teaspoon ground cinnamon,▢ ½ teaspoon salt,▢ 1½ cups unsalted butter softened (340g),▢ 1 cup granulated sugar (200g),▢ 2 large egg yolks,▢ 2 teaspoons vanilla extract,▢ ½ cup raspberry jam or strawberry jam strained (120mL),▢ Powdered sugar to garnish,NA,NA,NA,Preppy Kitchen,https://preppykitchen.com/linzer-cookies/,NA,NA,NA,NA,NA,NA,NA,NA,NA
Biscochitos,John Kanell,American,5, 2 ,20 minutes,14 minutes,4 minutes,72 cookies (6 dozen),12,For the Dough:,▢ 6 cups all-purpose flour (720g),▢ 1 tablespoon baking powder,▢ 1 tablespoon ground cinnamon,▢ 2 teaspoons anise seed toasted,▢ 1 teaspoon salt,▢ 2 cups lard (450g/1 pound),▢ 1½ cups granulated sugar (300g),▢ 2 large eggs,▢ ½ cup brandy (120mL)▢For the Topping:,▢ ¼ cup granulated sugar (50g),▢ ½ teaspoon ground cinnamon,NA,Preppy Kitchen,https://preppykitchen.com/biscochitos/,NA,NA,NA,NA,NA,NA,NA,NA,NA
Red Velvet Cookies,John Kanell,American,4.95, 238 ,20 minutes,10 minutes,NA,12 cookies,16,▢ 1 cup unsalted butter (226g),▢ 1 cup granulated sugar (200g),▢ 1 egg,▢ 2 teaspoons vanilla extract (10mL),▢ 2 cups all-purpose flour (240g),▢ ¼ cup cocoa powder (25g),▢ ½ teaspoon baking soda,▢ ½ teaspoon baking powder,▢ ¼ teaspoon kosher salt,▢ 1 tablespoon hot brewed coffee (15mL),▢ 1 tablespoon liquid red food coloring (15mL),▢ ¾ cup chopped semisweet chocolate chips (130g),"▢ 12 ounces cream cheese softened, (340g)",Preppy Kitchen,https://preppykitchen.com/red-velvet-cookies/,"▢ 1 cup powdered sugar sifted, (100g)",▢ 2 tablespoon milk or heavy cream (30mL),▢ 1 cup white chocolate chips (150g),NA,NA,NA,NA,NA,NA
Cowboy Cookies,John Kanell,American,4.95, 117 ,10 minutes,10 minutes,20 minutes,24 cookies,13,▢ 1 cup all-purpose flour (120g),▢ 1 teaspoon ground cinnamon,▢ ½ teaspoon baking soda,▢ ½ teaspoon salt,▢ ½ cup unsalted butter softened (113g),▢ ⅔ cup packed light-brown sugar (147g),▢ ⅓ cup granulated sugar (66g),▢ 1 large egg,▢ 2 teaspoons vanilla extract,▢ 1 cup old-fashioned rolled oats (112g),▢ 1 cup semisweet chocolate chips (180g),▢ ¾ cup sweetened coconut flakes (90g),▢ ¾ cup chopped pecans (90g),Preppy Kitchen,https://preppykitchen.com/cowboy-cookies/,NA,NA,NA,NA,NA,NA,NA,NA,NA
Cake Mix Cookies,John Kanell,American,4.79, 75 ,10 minutes,10 minutes,20 minutes,24 cookies,4,▢ 1 (15.25-ounce/432g) box cake mix,▢ ½ cup vegetable oil*,▢ 2 large eggs,"▢ ½ to 1 cup mix-ins optional (chocolate chips, sprinkles, M&Ms)",NA,NA,NA,NA,NA,NA,NA,NA,NA,Preppy Kitchen,https://preppykitchen.com/cake-mix-cookies/,NA,NA,NA,NA,NA,NA,NA,NA,NA
Monster Cookies,John Kanell,American,4.99, 58 ,10 minutes,20 minutes,40 minutes,24 cookies,12,▢ 1½ cups all-purpose flour (180g),▢ ¾ teaspoon baking soda,▢ ½ teaspoon salt,▢ 1 cup old fashioned oats (112g),▢ 1 cup creamy peanut butter 250g,▢ 1 cup unsalted butter room temperature (226g),▢ ¾ cup packed light brown sugar (165g),▢ ⅔ cup granulated sugar (133g),▢ 2 large eggs,▢ 2 teaspoons pure vanilla extract,▢ 1 cup M&Ms or candy-coated chocolate pieces (200g),▢ ½ cup semisweet chocolate chips (75g),NA,Preppy Kitchen,https://preppykitchen.com/monster-cookies/,NA,NA,NA,NA,NA,NA,NA,NA,NA
Butter Pecan Cookies,John Kanell,American,5, 5 ,30 minutes,10 minutes,40 minutes,18 cookies,10,▢ ½ cup plus 2 tablespoons unsalted butter (141g),▢ ⅔ cup chopped pecans (80g),▢ ½ cup packed light brown sugar (110g),▢ ¼ cup granulated sugar (50g),▢ 1 large egg,▢ 2 teaspoons vanilla extract,▢ 1½ cups all-purpose flour (180g),▢ ½ teaspoon baking soda,▢ 1 tablespoon cornstarch,▢ ½ teaspoon salt,NA,NA,NA,Preppy Kitchen,https://preppykitchen.com/butter-pecan-cookies/,NA,NA,NA,NA,NA,NA,NA,NA,NA
Turtle Cookies,John Kanell,American,4.82, 11 ,15 minutes,10 minutes,25 minutes,24 cookies,15,For the Cookie Dough:,▢ 1 cup all-purpose flour (120g),▢ ⅓ cup unsweetened cocoa powder (33g),▢ ½ teaspoon baking soda,▢ ½ teaspoon salt,▢ ½ cup unsalted butter softened (113g),▢ ½ cup packed light brown sugar (110g),▢ ⅓ cup granulated sugar (66g),▢ 1 large egg,▢ 1 tablespoon vanilla extract,▢ 1 cup chopped pecans (113g),▢ 1 cup caramel bits (135g),▢ ½ cup semisweet chocolate chips (90g)▢For the Chocolate Drizzle:,Preppy Kitchen,https://preppykitchen.com/turtle-cookies/,▢ ⅓ cup semisweet chocolate chips (59g),▢ 3 tablespoons unsalted butter,NA,NA,NA,NA,NA,NA,NA
Tea Cakes,John Kanell,American,5, 5 ,15 minutes,10 minutes,25 minutes,12 cookies,7,▢ 1½ cups all-purpose flour (180g),▢ ½ teaspoon baking soda,▢ ½ teaspoon salt,▢ ½ cup unsalted butter softened (113g),▢ 1 cup granulated sugar (200g),▢ 1 large egg,▢ 1 tablespoon vanilla extract,NA,NA,NA,NA,NA,NA,Preppy Kitchen,https://preppykitchen.com/tea-cakes/,NA,NA,NA,NA,NA,NA,NA,NA,NA
Edible Cookie Dough,John Kanell,American,4.89, 172 ,15 minutes,NA,15 minutes,14 servings,8,▢ 2¼ cups all-purpose flour (270g),▢ 1 cup unsalted butter room temperature (227g),▢ 1¼ cups packed light brown sugar (275g),▢ ¼ cup granulated sugar (50g),▢ 2 teaspoons pure vanilla extract,▢ 1 teaspoon salt,▢ 2 tablespoons milk plus more if needed,▢ 2 cups miniature semisweet chocolate chips (300g),NA,NA,NA,NA,NA,Preppy Kitchen,https://preppykitchen.com/edible-cookie-dough/,NA,NA,NA,NA,NA,NA,NA,NA,NA
Brownie Cookies,John Kanell,American,4.96, 348 ,10 minutes,10 minutes,50 minutes,16 servings,11,▢ 4 ounces bittersweet chocolate chopped (112g),▢ ¼ cup unsalted butter (56g),▢ ½ cup granulated sugar (100g),▢ ½ cup packed light brown sugar (110g),▢ 2 large eggs room temperature,▢ 1 tablespoon vanilla extract,▢ ⅔ cup all-purpose flour (80g),▢ ¼ cup unsweetened cocoa powder (25g),▢ ½ teaspoon salt,▢ ½ teaspoon baking powder,▢ ½ cup semisweet chocolate chips (90g),NA,NA,Preppy Kitchen,https://preppykitchen.com/brownie-cookies/,NA,NA,NA,NA,NA,NA,NA,NA,NA
Peanut Butter Chocolate Chip Cookies,John Kanell,American,4.97, 453 ,15 minutes,10 minutes,25 minutes,24 cookies,10,▢ 2¼ cups all-purpose flour (270g),▢ ¾ teaspoon baking soda,▢ ½ teaspoon salt,▢ 1½ cups creamy peanut butter (260g),▢ 1 cup unsalted butter softened to room temperature (226g),▢ ¾ cup packed light-brown sugar (200g),▢ ⅔ cup granulated sugar (135g),▢ 2 teaspoons pure vanilla extract,▢ 2 large eggs,▢ 1½ cups semisweet chocolate chips (265g),NA,NA,NA,Preppy Kitchen,https://preppykitchen.com/peanut-butter-chocolate-chip-cookies/,NA,NA,NA,NA,NA,NA,NA,NA,NA
Peanut Butter Blossoms,John Kanell,American,4.95, 546 ,20 minutes,10 minutes,30 minutes,36 cookies,10,▢ ¾ cup creamy peanut butter (188g),▢ ½ cup unsalted butter softened (113g),▢ ½ cup granulated sugar plus more for rolling (100g),▢ ½ cup packed light brown sugar (110g),▢ ¼ teaspoon salt,▢ 1 large egg room temperature,▢ 1 teaspoon vanilla extract,▢ 1½ cups all-purpose flour (180g),▢ ½ teaspoon baking soda,▢ 36 Hersey’s chocolate kisses unwrapped,NA,NA,NA,Preppy Kitchen,https://preppykitchen.com/peanut-butter-blossoms/,NA,NA,NA,NA,NA,NA,NA,NA,NA
Zucchini Cookies,John Kanell,American,5, 3 ,15 minutes,12 minutes,27 minutes,24 cookies,12,▢ 1¼ cups grated zucchini about half a pound/250g,▢ 1 cup all-purpose flour (120g),▢ 1 teaspoon ground cinnamon,▢ ½ teaspoon baking soda,▢ ½ teaspoon salt,▢ ½ cup unsalted butter softened (113g),▢ ⅔ cup packed light brown sugar (147g),▢ ⅓ cup granulated sugar (66g),▢ 1 large egg,▢ 2 teaspoons vanilla extract,▢ 1 cup rolled oats (112g),▢ ¾ cup semisweet chocolate chips (135g),NA,Preppy Kitchen,https://preppykitchen.com/zucchini-cookies/,NA,NA,NA,NA,NA,NA,NA,NA,NA
Almond Butter Cookies,John Kanell,American,5, 15 ,20 minutes,8 minutes,33 minutes,12 cookies,9,▢ 1 cup all-purpose flour (120g),▢ ½ teaspoon baking soda,▢ ¼ teaspoon baking powder,▢ ¼ teaspoon salt,▢ ¾ cup almond butter (195g),▢ ⅓ cup packed light brown sugar (73g),▢ ¼ cup granulated sugar (50g),▢ 1 large egg,▢ 1 teaspoon vanilla extract,NA,NA,NA,NA,Preppy Kitchen,https://preppykitchen.com/almond-butter-cookies/,NA,NA,NA,NA,NA,NA,NA,NA,NA
Andes Mint Cookies,John Kanell,American,5, 3 ,15 minutes,8 minutes,23 minutes,36 cookies,11,▢ 2 cups all-purpose flour (240g),▢ ⅓ cup unsweetened cocoa powder (33g),▢ 1 teaspoon baking powder,▢ ½ teaspoon baking soda,▢ ½ teaspoon salt,▢ ¾ cup unsalted butter softened (170g),▢ ¾ cup packed light brown sugar (165g),▢ ¼ cup granulated sugar (50g),▢ 1 large egg,▢ 2 teaspoons vanilla extract,▢ 1½ cups chopped Andes Chocolate Mints (225g) *divided,NA,NA,Preppy Kitchen,https://preppykitchen.com/andes-mint-cookies/,NA,NA,NA,NA,NA,NA,NA,NA,NA
Ice Cream Sandwiches,John Kanell,American,4.78, 45 ,40 minutes,10 minutes,50 minutes,12 sandwiches,9,▢ 1 (1½-quart) container vanilla ice cream (3 pints or 6 cups),▢ 1 cup all-purpose flour (120g),▢ 1 cup unsweetened cocoa powder (100g),▢ ½ teaspoon baking powder,▢ ½ teaspoon salt,▢ 1¼ cups unsalted butter softened (283g),▢ 1¼ cups granulated sugar (250g),▢ 1 tablespoon vanilla extract,▢ 2 large eggs,NA,NA,NA,NA,Preppy Kitchen,https://preppykitchen.com/ice-cream-sandwiches/,NA,NA,NA,NA,NA,NA,NA,NA,NA
Honey Cookies,John Kanell,American,5, 28 ,15 minutes,10 minutes,25 minutes,36 cookies,9,▢ 3 cups all-purpose flour (360g),▢ 1 teaspoon baking powder,▢ ¼ teaspoon baking soda,▢ 1 cup unsalted butter softened (227g),▢ 1 cup granulated sugar (200g),▢ ½ cup honey (120ml),▢ ½ teaspoon salt,▢ 2 large eggs,▢ 1 teaspoon vanilla extract,NA,NA,NA,NA,Preppy Kitchen,https://preppykitchen.com/honey-cookies/,NA,NA,NA,NA,NA,NA,NA,NA,NA
Brown Sugar Cookies,John Kanell,American,4.96, 24 ,10 minutes,12 minutes,22 minutes,24 cookies,8,▢ 3 cups all-purpose flour (360g),▢ ¾ teaspoon baking soda,▢ ¼ teaspoon baking powder,▢ 1 teaspoon salt,▢ 1 cup unsalted butter softened (227g),▢ 1¾ cups packed light brown sugar (385g),▢ 2 large eggs,▢ 2 teaspoons vanilla extract,NA,NA,NA,NA,NA,Preppy Kitchen,https://preppykitchen.com/brown-sugar-cookies/,NA,NA,NA,NA,NA,NA,NA,NA,NA
Browned Butter-Earl Grey Cookies,John Kanell,American,5, 13 ,NA,15 minutes,15 minutes,24 cookies,15,For the Shortbread Cookies:,▢ 1 tablespoon loose leaf earl grey tea,▢ 1 cup unsalted butter softened and divided (227g),▢ ½ vanilla bean seeds scraped or 1 teaspoon vanilla extract,▢ ¼ teaspoon ground cardamom,▢ ½ cup powdered sugar (60g),▢ 1 egg yolk,▢ ½ teaspoon salt,▢ 1¾ cups all-purpose flour (210g),▢ ¼ cup cornstarch (40g)▢For the Glaze:,▢ 1 cup confectioners’ sugar,▢ zest of 1 orange,▢ 1 tablespoon warm milk,Preppy Kitchen,https://preppykitchen.com/earl-grey-cookies/,▢ 1 tablespoon unsalted butter melted,▢ 1 pinch ground cardamom,NA,NA,NA,NA,NA,NA,NA
Cookie in a Mug,John Kanell,American,5, 100 ,2 minutes,1 minute,3 minutes,1 serving,8,▢ 1 tablespoon unsalted butter,▢ 4 teaspoons packed light brown sugar,▢ 1 tablespoon granulated sugar,▢ ¼ teaspoon vanilla extract,▢ Pinch of salt,▢ 1 egg yolk,▢ 3 tablespoons all-purpose flour,▢ 2 tablespoons semisweet chocolate chips,NA,NA,NA,NA,NA,Preppy Kitchen,https://preppykitchen.com/cookie-in-a-mug/,NA,NA,NA,NA,NA,NA,NA,NA,NA
Cornflake Cookies,John Kanell,American,5, 21 ,20 minutes,10 minutes,30 minutes,24 cookies,12,▢ 1 cup all-purpose flour (120g),▢ ½ teaspoon baking powder,▢ ½ teaspoon baking soda,▢ ½ teaspoon salt,▢ ½ cup unsalted butter softened (113g),▢ ½ cup sugar (100g),▢ ½ cup packed light brown sugar (110g),▢ 1 large egg,▢ ½ teaspoon vanilla extract,▢ 1 cup corn flake cereal (38g),▢ ¾ cup quick oats (60g),▢ ½ cup chopped nuts (like peanuts or pecans) (56g),NA,Preppy Kitchen,https://preppykitchen.com/cornflake-cookies/,NA,NA,NA,NA,NA,NA,NA,NA,NA
Kitchen Sink Cookies,John Kanell,American,5, 15 ,15 minutes,12 minutes,27 minutes,32 servings,13,▢ 1 cup unsalted butter softened (227g),▢ ¾ cup packed light brown sugar (165g),▢ ½ cup granulated sugar (100g),▢ 2 teaspoons vanilla extract,▢ 2 large eggs,▢ 2¼ cups all-purpose flour (270g),▢ ½ teaspoon baking soda,▢ ½ teaspoon salt,▢ 1½ cups semisweet chocolate chips (270g),▢ 1 cup crushed potato chips (45g),▢ ½ cup chopped pretzels (25g),▢ ½ cup toffee bits (120g),▢ flakey sea salt,Preppy Kitchen,https://preppykitchen.com/kitchen-sink-cookies/,NA,NA,NA,NA,NA,NA,NA,NA,NA
Ladyfingers,John Kanell,Italian,4.92, 48 ,20 minutes,12 minutes,32 minutes,30 servings,7,▢ 3 large eggs separated,▢ ½ cup granulated sugar divided (100g),▢ ½ teaspoon vanilla extract,▢ ¼ teaspoon salt,▢ 1 cup all-purpose flour (120g),▢ 5 teaspoons cornstarch,▢ powdered sugar for dusting,NA,NA,NA,NA,NA,NA,Preppy Kitchen,https://preppykitchen.com/ladyfingers/,NA,NA,NA,NA,NA,NA,NA,NA,NA
Lebkuchen,John Kanell,German,5, 4 ,15 minutes,20 minutes,35 minutes,24 cookies,20,For the Cookie Dough:,▢ ½ cup blanched almonds,▢ ½ cup toasted hazelnuts,▢ 2½ cups all-purpose flour (300g),▢ 2 teaspoons ground ginger,▢ 2 teaspoons ground cinnamon,▢ ½ teaspoon ground cloves,▢ ½ teaspoon ground cardamom,▢ ¼ teaspoon ground coriander,▢ ¼ teaspoon freshly ground nutmeg,▢ ¾ teaspoon baking powder,▢ ¼ teaspoon salt,▢ ½ cup roughly chopped candied orange peel* (70g),Preppy Kitchen,https://preppykitchen.com/lebkuchen/,▢ ½ roughly cup chopped candied lemon peel* (70g),▢ ¾ cup packed dark brown sugar (165g),▢ ¾ cup honey (180ml/250g)),▢ 2 large eggs▢For the Glaze:,▢ ¾ cup powdered sugar (90g),▢ 1 tablespoon warm water or rum,▢ 1½ teaspoons lemon juice,NA,NA
Rainbow Cookies,John Kanell,Italian,4.96, 23 ,30 minutes,27 minutes,57 minutes,24 servings,11,▢ 1½ cups unsalted butter softened divided (340g),▢ 1 cup granulated sugar (200g),▢ 1 (8-ounce/227g) package almond paste,▢ 4 large eggs separated,▢ 1½ teaspoons almond extract,▢ 2 cups all-purpose flour (240g),▢ ¼ teaspoon salt,▢ red food coloring,▢ green food coloring,▢ ½ cup raspberry jam (160g),▢ 1½ cups semi-sweet chocolate chips (312g),NA,NA,Preppy Kitchen,https://preppykitchen.com/rainbow-cookies/,NA,NA,NA,NA,NA,NA,NA,NA,NA
Grinch Cookies,John Kanell,American,5, 82 ,15 minutes,12 minutes,27 minutes,24 cookies,10,▢ 2½ cups all-purpose flour (300g),▢ 2½ cups powdered sugar (300g),▢ 1 tablespoon baking powder,▢ ½ teaspoon salt,▢ ½ cup unsalted butter cubed and softened (113g),▢ 2 large eggs,▢ 1 tablespoon vanilla extract,▢ green gel food coloring,▢ ½ cup cornstarch (56g),▢ red heart-shaped sprinkles or cinnamon candies,NA,NA,NA,Preppy Kitchen,https://preppykitchen.com/grinch-cookies/,NA,NA,NA,NA,NA,NA,NA,NA,NA
White Chocolate Cranberry Cookies,John Kanell,American,5, 16 ,15 minutes,10 minutes,25 minutes,24 cookies,10,▢ 2¼ cups all-purpose flour (270g),▢ ½ teaspoon baking soda,▢ ½ teaspoon salt,▢ 1 cup unsalted butter softened (227g),▢ 1 cup packed light brown sugar (220g),▢ ½ cup granulated sugar (100g),▢ 2 large eggs,▢ 1 tablespoon vanilla extract,▢ 1½ cups dried cranberries (180g),▢ 1 cup white chocolate chips (180g),NA,NA,NA,Preppy Kitchen,https://preppykitchen.com/white-chocolate-cranberry-cookies/,NA,NA,NA,NA,NA,NA,NA,NA,NA
Chocolate Biscotti,John Kanell,Italian,5, 5 ,15 minutes,50 minutes,5 minutes,18 servings,9,▢ 2 cups all-purpose flour (240g),▢ ½ cup unsweetened cocoa powder (50g),▢ ¾ teaspoon baking soda,▢ ½ teaspoon salt,▢ 4 tablespoons unsalted butter softened (56g),▢ 1 cup granulated sugar (200g),▢ 1 teaspoon vanilla extract,▢ 2 large eggs,▢ 1 cup semi-sweet chocolate chips (180g),NA,NA,NA,NA,Preppy Kitchen,https://preppykitchen.com/chocolate-biscotti/,NA,NA,NA,NA,NA,NA,NA,NA,NA
Oatmeal Cream Pie,John Kanell,American,5, 47 ,20 minutes,10 minutes,30 minutes,12 sandwich cookies,17,For the Cookies:,▢ 1 ¼ cups all-purpose flour (150g),▢ ⅔ cup quick oats (70g),▢ ¾ teaspoon baking soda,▢ ¾ teaspoon ground cinnamon,▢ ½ cup unsalted butter room temperature (113g),▢ ¾ cup packed dark brown sugar (165g),▢ ¼ cup granulated sugar (50g),▢ 1 tablespoon molasses,▢ ½ teaspoon salt,▢ 1 large egg,▢ 2 teaspoons vanilla extract▢For the Cream Filling:,▢ ½ cup unsalted butter (113g),Preppy Kitchen,https://preppykitchen.com/oatmeal-cream-pie/,▢ Pinch of salt,▢ 2 cups confectioners’ sugar (240g),▢ 2 to 3 tablespoons heavy cream,▢ 1 teaspoon vanilla extract,NA,NA,NA,NA,NA
Lemon Crinkle Cookies,John Kanell,American,4.84, 100 ,20 minutes,12 minutes,32 minutes,24 cookies,10,▢ 1 cup granulated sugar (200g),▢ 1 tablespoon grated lemon zest,▢ ½ teaspoon salt,▢ ½ cup unsalted butter melted (113g),▢ 2 large eggs,▢ ¼ cup fresh lemon juice (60ml),▢ 1 teaspoon vanilla extract,▢ 2⅓ cups all-purpose flour (280g),▢ ½ teaspoon baking soda,▢ ¾ cup confectioners’ sugar (98g),NA,NA,NA,Preppy Kitchen,https://preppykitchen.com/lemon-crinkle-cookies/,NA,NA,NA,NA,NA,NA,NA,NA,NA
Koulourakia,John Kanell,Greek,5, 15 ,NA,15 minutes,15 minutes,36 cookies,13,For the Cookie Dough:,▢ 4 cups all-purpose flour (480g),▢ 1½ teaspoons baking powder,▢ ¾ cup granulated sugar (150g),▢ zest of 1 large orange,▢ ½ cup plus 2 tablespoons butter softened,▢ 2 egg yolks,▢ 1 large egg,▢ 2 teaspoons vanilla extract,"▢ ½ cup milk room temperature, (120ml)▢For the Topping:",▢ 1 large egg,▢ 1 teaspoon water,▢ sesame seeds optional,Preppy Kitchen,https://preppykitchen.com/koulourakia/,NA,NA,NA,NA,NA,NA,NA,NA,NA
Birds Nest Cookies,John Kanell,American,5, 6 ,10 minutes,NA,10 minutes,12 cookies,5,▢ 1 cup milk chocolate chips (180g),▢ ½ cup butterscotch chips (90g),▢ 2 tablespoons creamy peanut butter (40g),▢ 2½ cups chow mein noodles (150g),▢ 36 candy eggs like Cadbury mini chocolate eggs,NA,NA,NA,NA,NA,NA,NA,NA,Preppy Kitchen,https://preppykitchen.com/birds-nest-cookies/,NA,NA,NA,NA,NA,NA,NA,NA,NA
Potato Chip Cookies,John Kanell,American,5, 25 ,10 minutes,12 minutes,22 minutes,40 cookies,10,▢ 2 cups all-purpose flour (240g),▢ ¾ teaspoon baking soda,▢ ¼ teaspoon salt,"▢ 1 cup unsalted butter softened, (227g)",▢ 1 cup firmly packed light brown sugar (220g),▢ ½ cup granulated sugar (100g),▢ 2 large eggs,▢ 2 teaspoons vanilla extract,▢ 2 cups crushed salted potato chips (80g),▢ 1¼ cups semi-sweet chocolate chips (225g),NA,NA,NA,Preppy Kitchen,https://preppykitchen.com/potato-chip-cookies/,NA,NA,NA,NA,NA,NA,NA,NA,NA
Orange Cookies,John Kanell,American,4.98, 153 ,15 minutes,10 minutes,45 minutes,24 cookies,13,For the Cookies:,▢ 2 cups plus 2 tablespoons all-purpose flour 255g,▢ 1¼ teaspoons baking powder,▢ ½ teaspoon salt,▢ ¾ cup granulated sugar 150g,▢ ½ cup unsalted butter softened (113g),▢ 1 tablespoon orange zest about 2 oranges,▢ 1 large egg,▢ ½ cup fresh orange juice 120ml▢For the Glaze:,▢ 1 cup confectioners’ sugar 120g,▢ Zest of 1/2 orange,▢ 1 to 2 tablespoons fresh orange juice,▢ 1 tablespoon unsalted butter melted,Preppy Kitchen,https://preppykitchen.com/orange-cookies/,NA,NA,NA,NA,NA,NA,NA,NA,NA
Snowflake Cookies,John Kanell,American,5, 28 ,20 minutes,10 minutes,30 minutes,32 servings,8,▢ 3½ cups all-purpose flour (420g),▢ ½ teaspoon baking powder,▢ ½ teaspoons salt,▢ 1 cup unsalted butter softened (227g),▢ 1 cup granulated sugar (200g),▢ 1 large egg,▢ 2 teaspoons vanilla extract,▢ royal icing,NA,NA,NA,NA,NA,Preppy Kitchen,https://preppykitchen.com/snowflake-cookies/,NA,NA,NA,NA,NA,NA,NA,NA,NA
Pinwheel Cookies,John Kanell,American,5, 25 ,15 minutes,8 minutes,53 minutes,48 cookies,8,▢ 3⅓ cup all-purpose flour (400g),▢ 1½ teaspoons baking powder,▢ ½ teaspoon kosher salt,▢ 1 cup unsalted butter (227g),▢ 1 cup granulated sugar (200g),▢ 2 large eggs,▢ 1½ teaspoons vanilla extract,▢ 2 ounces unsweetened chocolate chopped (56g),NA,NA,NA,NA,NA,Preppy Kitchen,https://preppykitchen.com/pinwheel-cookies/,NA,NA,NA,NA,NA,NA,NA,NA,NA
Pfeffernusse,John Kanell,German,5, 27 ,20 minutes,30 minutes,50 minutes,75 cookies,16,▢ ½ cup unsalted butter (113g),▢ ½ cup firmly packed dark brown sugar (110g),▢ ¼ cup unsulphured molasses (80mL),▢ ¼ cup honey (80mL),▢ 2 teaspoons ground ginger,▢ 2 teaspoons ground cinnamon,▢ 1 teaspoon ground cardamom,▢ 1 teaspoon anise extract,▢ ¾ teaspoon ground cloves,▢ ¾ teaspoon ground pepper,▢ ½ teaspoon freshly grated nutmeg,▢ ½ teaspoon salt,▢ 1 large egg,Preppy Kitchen,https://preppykitchen.com/pfeffernusse/,▢ 3 cups all-purpose flour (360g),▢ ½ teaspoon baking soda,▢ 2 cups confectioners’ sugar (240g),NA,NA,NA,NA,NA,NA
Rugelach,John Kanell,Jewish,5, 2 ,10 minutes,25 minutes,35 minutes,24 servings,12,For the Dough:,▢ 1½ cups all-purpose flour 180g,▢ ½ teaspoon salt,▢ ¾ cup cold unsalted butter cubed (170g),▢ 6 ounces cold cream cheese cubed (170g)▢Filling and Assembly:,▢ ¾ cup walnuts (80g),▢ ⅓ cup raisins (60g),▢ 2 tablespoons granulated sugar,▢ 1 teaspoon ground cinnamon,▢ 6 tablespoons raspberry or apricot jam divided,▢ 1 large egg well beaten,▢ coarse sugar,NA,Preppy Kitchen,https://preppykitchen.com/rugelach/,NA,NA,NA,NA,NA,NA,NA,NA,NA
Anise Cookies,John Kanell,Italian,5, 14 ,10 minutes,10 minutes,40 minutes,25 servings,11,For the Cookie Dough:,▢ 2½ cups all-purpose flour (300g),▢ 1½ teaspoons baking powder,▢ 1/2 teaspoon salt,▢ 6 tablespoons unsalted butter softened (85g),▢ ½ cup granulated sugar (100g),▢ 3 large eggs,▢ 1½ teaspoons anise extract▢For the Glaze:,▢ 1 cup powdered sugar (120g),▢ 1½ tablespoons milk,▢ sprinkles,NA,NA,Preppy Kitchen,https://preppykitchen.com/anise-cookies/,NA,NA,NA,NA,NA,NA,NA,NA,NA
Candy Cane Cookies,John Kanell,American,5, 33 ,10 minutes,10 minutes,20 minutes,32 servings,10,▢ 3 cups all-purpose flour (360g),▢ ½ teaspoon baking powder,▢ ½ teaspoon salt,▢ 1 cup unsalted butter softened (227g),▢ 1 cup granulated sugar (200g),▢ 1 large egg,▢ 2 teaspoons vanilla extract,▢ 1½ teaspoons peppermint extract,▢ 1 teaspoon red food coloring,▢ 3 tablespoons crushed peppermint candies,NA,NA,NA,Preppy Kitchen,https://preppykitchen.com/candy-cane-cookies/,NA,NA,NA,NA,NA,NA,NA,NA,NA
Lace Cookies,John Kanell,"American, Italian",4.79, 19 ,10 minutes,13 minutes,53 minutes,32 servings,7,▢ ½ cup unsalted butter (113g),▢ ¾ cup firmly packed light brown sugar (155g),▢ 1 tablespoon corn syrup,▢ ¼ teaspoon salt,▢ ¾ cup almond flour (75g),▢ 3 tablespoons all-purpose flour (22g),▢ 2 teaspoons vanilla extract,NA,NA,NA,NA,NA,NA,Preppy Kitchen,https://preppykitchen.com/lace-cookies/,NA,NA,NA,NA,NA,NA,NA,NA,NA
Hot Chocolate Cookies,John Kanell,American,5, 96 ,15 minutes,11 minutes,26 minutes,24 cookies,12,▢ 1½ cups all-purpose flour (180g),▢ ½ cup hot cocoa mix (3 to 4 packets),▢ ¼ teaspoon salt,▢ ¾ teaspoon baking powder,▢ ½ teaspoon baking soda,▢ ½ cup unsalted butter softened,▢ ½ cup light brown sugar (110g),▢ ½ cup granulated sugar (100g),▢ 1 large egg,▢ 2 teaspoons vanilla extract,▢ ⅔ cup semi-sweet chocolate chips,▢ 12 large marshmallows cut in half or 36 mini marshmallows,NA,Preppy Kitchen,https://preppykitchen.com/hot-chocolate-marshmallow-cookies/,NA,NA,NA,NA,NA,NA,NA,NA,NA
Skillet Cookie,John Kanell,American,5, 25 ,10 minutes,25 minutes,35 minutes,8 servings,10,▢ 2 cups all-purpose flour (240 grams),▢ ½ teaspoon baking soda,▢ ½ teaspoon kosher salt,▢ 10 tablespoons unsalted butter softened (141g),▢ ½ cup firmly packed light brown sugar (110 grams),▢ ½ cup granulated sugar (100 grams),▢ 1 large egg,▢ 2 teaspoons vanilla extract,▢ ¾ cup plus 2 tablespoons semi-sweet chocolate chips divided (160g),▢ ½ teaspoon flaky sea salt,NA,NA,NA,Preppy Kitchen,https://preppykitchen.com/skillet-cookie/,NA,NA,NA,NA,NA,NA,NA,NA,NA
Haystack Cookies,John Kanell,American,5, 17 ,10 minutes,NA,10 minutes,18 cookies,4,▢ 1 bag butterscotch chips (11-ounce bag) (311g),▢ 1 cup semi-sweet chocolate chips (180g),▢ 3 tablespoons peanut butter (60g),▢ 1 bag chow mein noodles (12-ounce bag) (338g),NA,NA,NA,NA,NA,NA,NA,NA,NA,Preppy Kitchen,https://preppykitchen.com/haystack-cookies/,NA,NA,NA,NA,NA,NA,NA,NA,NA
Royal Icing Recipe,John Kanell,British,4.98, 940 ,5 minutes,0 minutes,5 minutes,36 servings,3,▢ 3 egg whites,▢ 1 pound confectioners’ sugar (450g),▢ 1 teaspoon vanilla extract,NA,NA,NA,NA,NA,NA,NA,NA,NA,NA,Preppy Kitchen,https://preppykitchen.com/royal-icing/,NA,NA,NA,NA,NA,NA,NA,NA,NA
Oatmeal Cranberry Cookies,John Kanell,American,4.73, 80 ,20 minutes,10 minutes,30 minutes,36 cookies,11,▢ 1½ cups all-purpose flour (180g),▢ 1 teaspoon baking soda,▢ 1 teaspoon ground cinnamon,▢ ¾ teaspoon salt,▢ 1 cup unsalted butter at room temperature (2 sticks),▢ 1 cup packed light brown sugar (220g),▢ ¼ cup granulated sugar (50g),▢ 2 large eggs at room temperature,▢ 1 teaspoon vanilla extract,▢ 3 cups old-fashioned rolled oats (336g),▢ 1½ cups sweetened dried cranberries (6oz/170g bag),NA,NA,Preppy Kitchen,https://preppykitchen.com/oatmeal-cranberry-cookies/,NA,NA,NA,NA,NA,NA,NA,NA,NA
Peanut Butter Oatmeal Cookies,John Kanell,American,4.97, 77 ,15 minutes,12 minutes,32 minutes,24 cookies,10,▢ 1½ cups all-purpose flour (180g),▢ 1 teaspoon baking soda,▢ ¾ teaspoon salt,▢ 1 cup unsalted butter room temperature (227g),▢ 1 cup creamy peanut butter (255g),▢ ¾ cup packed light brown sugar (165g),▢ ¾ cup granulated sugar (150g),▢ 2 large eggs,▢ 2 teaspoons vanilla,▢ 2½ cups old-fashioned rolled oats (280g),NA,NA,NA,Preppy Kitchen,https://preppykitchen.com/peanut-butter-oatmeal-cookies/,NA,NA,NA,NA,NA,NA,NA,NA,NA
Palmiers,John Kanell,French,5, 12 ,45 minutes,15 minutes,NA,22 cookies,2,▢ 1 sheet thawed puff pastry,▢ ½ cup granulated sugar,NA,NA,NA,NA,NA,NA,NA,NA,NA,NA,NA,Preppy Kitchen,https://preppykitchen.com/palmiers/,NA,NA,NA,NA,NA,NA,NA,NA,NA
Double Chocolate Chip Cookies,John Kanell,American,4.92, 646 ,15 minutes,10 minutes,30 minutes,24 Cookies,10,▢ 1 cup all-purpose flour (120g),▢ ⅓ cup natural unsweetened cocoa powder (33g),▢ ½ teaspoon baking soda,▢ ½ teaspoon salt,"▢ ½ cup unsalted butter softened, (113g)",▢ ½ cup light brown sugar (110g),▢ ⅓ cup granulated sugar (66g),▢ 1 large egg,▢ 2 teaspoons vanilla extract,▢ 1 cup semisweet chocolate chips or dark chocolate chunks or chopped bars (180g),NA,NA,NA,Preppy Kitchen,https://preppykitchen.com/double-chocolate-chip-cookies/,NA,NA,NA,NA,NA,NA,NA,NA,NA
Cookies and Cream Cookies,John Kanell,American,5, 109 ,20 minutes,11 minutes,31 minutes,18 cookies,12,▢ 10 tbsp unsalted butter room temperature (140g),▢ 4 ounces cream cheese room temperature (113g),▢ ¾ cup granulated sugar (150g),▢ ¼ cup light brown sugar (50g ),▢ 1 egg room temperature,▢ 2 tsp vanilla extract (10mL),▢ 2 cups all-purpose flour (240g),▢ 2 tsp cornstarch,▢ ¾ tsp baking soda,▢ ½ tsp salt,▢ 14 Oreos,▢ ¾ cup white chocolate chips divided,NA,Preppy Kitchen,https://preppykitchen.com/cookies-and-cream-cookies/,NA,NA,NA,NA,NA,NA,NA,NA,NA
Funfetti Cookies,John Kanell,American,4.97, 278 ,15 minutes,11 minutes,31 minutes,16 cookies,9,▢ 1 ½ cups all purpose flour (180g),▢ 1 Tbsp cornstarch,▢ ½ tsp baking soda,▢ ½ tsp salt,▢ ½ cup unsalted butter room temperature (113g),▢ ¾ cup granulated sugar (150g),▢ 1 large egg room temperature,▢ 1 tsp vanilla extract,▢ ½ cup sprinkles jimmies,NA,NA,NA,NA,Preppy Kitchen,https://preppykitchen.com/funfetti-cookies/,NA,NA,NA,NA,NA,NA,NA,NA,NA
Black and White Cookies,John Kanell,American,4.95, 339 ,20 minutes,13 minutes,33 minutes,8 cookies,14,▢ 1 ⅓ cups all-purpose flour (160g),▢ ½ tsp baking soda,▢ ½ tsp salt,▢ 6 Tbsp unsalted butter room temperature (85g),▢ ½ cup granulated sugar (100g),▢ 1 large egg room temperature,▢ 2 tsp vanilla extract (10mL),▢ ⅓ cup buttermilk (80mL)▢Icing,▢ 2 cups confectioners’ sugar (240g),▢ 2 tsp lemon juice fresh optional,▢ 2 Tbsp water plus more as needed,▢ 1 Tbsp light corn syrup,▢ ½ tsp vanilla extract,Preppy Kitchen,https://preppykitchen.com/black-and-white-cookies/,▢ 3 Tbsp cocoa powder dutch-process preferred (18g),NA,NA,NA,NA,NA,NA,NA,NA
Lofthouse cookies,John Kanell,American,4.95, 673 ,15 minutes,8 minutes,23 minutes,28 cookies,17,▢ 2 1/4 cups all-purpose flour (270g),▢ 1/2 teaspoon baking powder,▢ ¼ tsp baking soda,▢ 1 tbsp cornstarch,▢ 1/2 tsp salt,▢ 1/2 cup unsalted butter room temperature (113g),▢ 1 cup granulated sugar (200g),▢ 1 egg room temperature,▢ 1/4 cup sour cream room temperature (60g),▢ 1 1/2 tsp vanilla extract (7.5ml),▢ ¼ tsp almond extract optional▢For the Buttercream,▢ ½ cup butter room temperature (113g),▢ 2 cups powdered sugar (240g),Preppy Kitchen,https://preppykitchen.com/lofthouse-cookies/,▢ 1 tsp pure vanilla extract (5ml),▢ 2 tbsp Milk (30mL) plus more if needed,▢ Food coloring optional,▢ Sprinkles optional,NA,NA,NA,NA,NA
Oatmeal Raisin Cookies,John Kanell,American,4.94, 169 ,15 minutes,10 minutes,30 minutes,24 Cookies,11,▢ 1 cup all-purpose flour (120g),▢ 1/2 tsp baking soda (3g),▢ 1/2 tsp salt (5g),▢ 1/2 tsp cinnamon,"▢ 1/2 cup unsalted butter room temperature, (113g)",▢ 1/2 cup brown sugar packed (110g),▢ 1/3 cup granulated sugar (66g),▢ 1 1/2 tsp vanilla extract (7mL),▢ 1 large egg,▢ 1 1/2 cups rolled oats (150g),▢ 1 cup raisins (160g),NA,NA,Preppy Kitchen,https://preppykitchen.com/oatmeal-raisin-cookies/,NA,NA,NA,NA,NA,NA,NA,NA,NA
Ricotta Cookies,John Kanell,Italian,4.95, 68 ,10 minutes,11 minutes,21 minutes,24 cookies,15,For the Cookies,▢ 3/4 cup butter room temperature (170g),▢ 1 3/4 cups granulated sugar (350g),▢ 2 eggs,▢ 15 ounces ricotta cheese (425g),▢ 1 tbsp vanilla extract (15ml),▢ ¾ teaspoon kosher salt,▢ 2 teaspoons baking powder,▢ ½ teaspoon baking soda,▢ 3 cups flour (360g),▢ 2 tsp lemon zest▢For the Glaze,▢ ¼ cup milk or lemon juice (60ml),▢ 1 ½ cups powdered sugar (180g),Preppy Kitchen,https://preppykitchen.com/ricotta-cookies/,▢ 1 tsp vanilla extract or almond (5ml),▢ sprinkles optional,NA,NA,NA,NA,NA,NA,NA
Sour Cream Cookies,John Kanell,American,5, 84 ,10 minutes,11 minutes,21 minutes,20 cookies,14,For the Cookies,▢ ⅓ cup unsalted butter room temperature (75g),▢ ½ cup sour cream room temperature 120g),▢ 1 cup granulated sugar (200g),▢ 1 egg room temperature,▢ 2 tsp vanilla extract (10ml),▢ 1 3/4 cups all-purpose flour (210g),▢ 1/2 tsp baking powder,▢ ¼ tsp baking soda,▢ 1/2 tsp salt▢For the Buttercream,▢ ½ cup butter room temperature (113g),▢ 2 cups powdered sugar (240g),▢ 1 tsp vanilla extract (5ml),Preppy Kitchen,https://preppykitchen.com/sour-cream-cookies/,▢ 2 tbsp milk (30mL) plus more if needed,NA,NA,NA,NA,NA,NA,NA,NA
White chocolate chip cookies,John Kanell,American,5, 174 ,10 minutes,10 minutes,20 minutes,24 cookies,9,▢ 2 1/4 cups all-purpose flour (270g),▢ 1/2 tsp baking soda (3g),▢ 1 cup unsalted butter room temperature (230g),▢ 1/2 cup granulated sugar (100g),▢ 1 cup packed light-brown sugar (200g),▢ 3/4 tsp salt (4g),▢ 2 tsp pure vanilla extract (10ml),▢ 2 large eggs,▢ 2 cups white chocolate chips (300g) divided,NA,NA,NA,NA,Preppy Kitchen,https://preppykitchen.com/white-chocolate-chip-cookies/,NA,NA,NA,NA,NA,NA,NA,NA,NA
Brookies,John Kanell,American,4.97, 652 ,15 minutes,40 minutes,55 minutes,15 brookies,20,For the Brownie Batter:,▢ ½ cup unsalted butter melted (113g),▢ ⅓ cup cocoa powder (35g),▢ ½ cup granulated sugar (100g),▢ ½ cup packed light or dark brown sugar (110g),▢ ½ teaspoon salt,▢ 2 large eggs room temperature,▢ 1 teaspoon vanilla extract,▢ ½ cup all-purpose flour (60g),▢ ¾ cup semisweet chocolate chips or roughly chopped chocolate (135g)▢For the Cookie Dough:,▢ ½ cup unsalted butter room temperature (113g),▢ ½ cup granulated sugar (100g),▢ ¼ cup packed light or dark brown sugar (55g),Preppy Kitchen,https://preppykitchen.com/brookies/,▢ 1 teaspoon vanilla extract,▢ 1 large egg room temperature,▢ ½ teaspoon salt,▢ ½ teaspoon baking powder,▢ ¼ teaspoon baking soda,▢ 1 ⅓ cups all-purpose flour (160g),▢ 1 cup semi-sweet chocolate chips (180g),NA,NA
Spritz cookies,John Kanell,American,5, 466 ,10 minutes,8 minutes,18 minutes,80 cookies,7,"▢ 1 cup unsalted butter, room temperature (226g)",▢ 3/4 cup granulated sugar (150g),▢ 1/2 tsp salt,▢ 1 large egg,▢ 1 tsp vanilla extract,▢ 1 tsp almond extract,▢ 2 1/4 cups all purpose flour (293g),NA,NA,NA,NA,NA,NA,Preppy Kitchen,https://preppykitchen.com/spritz-cookies/,NA,NA,NA,NA,NA,NA,NA,NA,NA
Sugar Cookie Icing,John Kanell,American,4.99, 399 ,5 minutes,NA,5 minutes,1 batch,5,▢ 1 cup powdered sugar,▢ 1 tablespoon milk,▢ 2 teaspoons light corn syrup,▢ 1/4 teaspoon vanilla extract or almond extract,▢ food coloring,NA,NA,NA,NA,NA,NA,NA,NA,Preppy Kitchen,https://preppykitchen.com/sugar-cookie-icing/,NA,NA,NA,NA,NA,NA,NA,NA,NA
Oatmeal Scotchies,John Kanell,American,4.92, 127 ,5 minutes,10 minutes,15 minutes,14 cookies,11,▢ 1 1/4 cups AP flour (150g),▢ 1 teaspoon Baking Soda,▢ 1/2 teaspoon salt,▢ 1/2 teaspoon cinnamon,▢ 1 cup butter softened (226g),▢ 1 cup dark brown sugar firmly packed,▢ ½ cup granulated sugar (100g),▢ 2 eggs large,▢ 1 teaspoon vanilla (5ml),▢ 3 cups Old-Fashioned Quaker oats (270g),▢ 11 ounce package Butterscotch Flavored Morsels (about 2 cups/300g),NA,NA,Preppy Kitchen,https://preppykitchen.com/oatmeal-scotchies/,NA,NA,NA,NA,NA,NA,NA,NA,NA
Eggnog Cookies,John Kanell,American,5, 304 ,8 minutes,11 minutes,19 minutes,18 cookies,15,▢ 2 ¼ cups all-purpose flour (270g),▢ 1 1/2 tsp baking powder,▢ 1/2 tsp salt,▢ 1/2 tsp ground nutmeg,▢ 1/2 tsp ground cinnamon,"▢ 3/4 cup unsalted butter, at room temperature (170g)",▢ 1 cup granulated sugar (200g),▢ 2 egg yolks,▢ 2 tsp vanilla extract,▢ 1/2 cup eggnog▢For the optional glaze,▢ 1 cup powdered sugar,▢ 3 tbsp eggnog,▢ ¼ tsp cinnamon,Preppy Kitchen,https://preppykitchen.com/eggnog-cookies/,▢ ¼ tsp nutmeg,▢ 1 tsp vanilla extract,NA,NA,NA,NA,NA,NA,NA
Macaron recipe,John Kanell,"American, French",4.97, 2312 ,15 minutes,25 minutes,40 minutes,36 Macarons,13,For the Cookie,▢ 100 g egg whites room temperature 3 large eggs,▢ 140 g almond flour 1 1/2 cups,▢ 90 g granulated sugar just under 1/2 cup,▢ 130 g powdered sugar 1 cup,▢ 1 tsp vanilla 5mL,▢ 1/4 tsp cream of tartar 800mg▢For the Buttercream,▢ 1 cup unsalted butter softened 226g,▢ 5 egg yolks,▢ 1/2 cup granulated sugar 100g,▢ 1 tsp vanilla,▢ 3 tbsp water 30mL,▢ 1 pinch salt,Preppy Kitchen,https://preppykitchen.com/french-macarons-2/,NA,NA,NA,NA,NA,NA,NA,NA,NA
Nutella Cookies,John Kanell,American,5, 583 ,5 minutes,10 minutes,15 minutes,12 cookies,3,▢ 3/4 cup flour,▢ 1 cup Nutella,▢ 1 egg,NA,NA,NA,NA,NA,NA,NA,NA,NA,NA,Preppy Kitchen,https://preppykitchen.com/nutella-cookies/,NA,NA,NA,NA,NA,NA,NA,NA,NA
Pecan Sandies,John Kanell,American,5, 112 ,15 minutes,12 minutes,27 minutes,24 cookies,8,"▢ 1 cup butter unsalted, cold, 226g","▢ 1/2 cup confectioners' sugar 70g, plus more for dusting",▢ 1/2 cup granulated sugar 100g,▢ 1/2 tsp salt,▢ 1 tbsp vanilla extract 5mL,"▢ 2 cups all-purpose flour plus 3 tbsp, 267g",▢ 1 cup chopped pecans,▢ 1 tbsp water optional,NA,NA,NA,NA,NA,Preppy Kitchen,https://preppykitchen.com/pecan-sandies/,NA,NA,NA,NA,NA,NA,NA,NA,NA
Almond Cookies,John Kanell,"British, Scottish",4.98, 91 ,15 minutes,20 minutes,35 minutes,16 cookies,13,For the Cookies,▢ 1 cup all-purpose flour 120g,▢ 1/2 cup almond flour 60g,▢ 1 tbsp cornstarch,▢ 1/2 tsp sea salt,▢ 1/4 tsp baking powder,"▢ 10 tbsp unsalted butter unsalted butter, at room temperature 142g",▢ 1 tsp almond extract,▢ 1/2 cup confectioners' sugar +3tbsp,▢ 1/4 cup sliced almonds▢For the Glaze,▢ 3/4 cup powdered sugar,▢ 1 tbsp water,▢ 1 tsp almond extract,Preppy Kitchen,https://preppykitchen.com/almond-cookies/,NA,NA,NA,NA,NA,NA,NA,NA,NA
Oatmeal Chocolate Chip Cookies,John Kanell,American,4.96, 6053 ,15 minutes,15 minutes,30 minutes,24 Cookies,11,INGREDIENTS,▢ 1 cup all-purpose flour 120g,▢ 1/2 tsp baking soda 3g,▢ 1/2 tsp salt 5g,"▢ 1/2 cup unsalted butter room temperature, 113g",▢ 1/3 cup granulated sugar 65g,"▢ 2/3 cup light-brown sugar 140g, packed",▢ 2 tsp pure vanilla extract 10mL,▢ 1 large egg,▢ 1 1/2 cups rolled oats 135g,▢ 1 cup semisweet chocolate chips 150g,NA,NA,Preppy Kitchen,https://preppykitchen.com/oatmeal-chocolate-chip-cookies/,NA,NA,NA,NA,NA,NA,NA,NA,NA
Chocolate Dipped Sugar Cookies,John Kanell,American,4.98, 34 ,20 minutes,12 minutes,32 minutes,NA,10,INGREDIENTS:,▢ 1 cup 2 sticks unsalted butter 226g,▢ 1 cup granulated sugar 200g,▢ 2 eggs,▢ 4 cups all-purpose flour 480g,▢ 3/4 cup cornstarch 96g,▢ 3/4 teaspoon kosher salt 3g,▢ 1 teaspoon vanilla extract 5mL,▢ 1 cup semi-sweet chocolate chips 175g,▢ ½ cup crushed candy cane,NA,NA,NA,Preppy Kitchen,https://preppykitchen.com/chocolate-dipped-sugar-cookie/,NA,NA,NA,NA,NA,NA,NA,NA,NA
White Chocolate Macadamia Nut Cookies,John Kanell,American,4.95, 872 ,30 minutes,10 minutes,40 minutes,24 Cookies,11,▢ 8 oz white chocolate,▢ 1/2 cup unsalted butter room temperature,▢ 3/4 cup granulated sugar,▢ 1 egg,▢ 1 tsp. vanilla extract,▢ 1 1/4 cups all-purpose flour 150g,▢ ½ tsp. baking powder,▢ ½ tsp. baking soda,▢ 1 tsp corn starch,▢ ¼ tsp. kosher salt,▢ 1 cup macadamia nuts chopped,NA,NA,Preppy Kitchen,https://preppykitchen.com/macadamia-nut-cookies/,NA,NA,NA,NA,NA,NA,NA,NA,NA
Smores Cookies,John Kanell,American,4.98, 776 ,10 minutes,10 minutes,20 minutes,20 cookies,14,▢ 1 1/2 cups all-purpose flour 180g,▢ ½ tsp. baking powder,▢ ½ tsp. baking soda,▢ 1 tsp corn starch,▢ 3/4 cup semisweet chocolate chips,▢ 10 tbsp unsalted butter room temperature,▢ 1/4 cup granulated sugar,▢ 1/2 cup light brown sugar,▢ 1 egg,▢ 1 tsp vanilla extract,▢ ¼ tsp salt,"▢ 1 cup mini marshmallows OR marshmallow bits, divided",▢ 1 bar Hershey's Chocolate 1.55oz,Preppy Kitchen,https://preppykitchen.com/smores-cookies/,▢ 4 Graham crackers 56g,NA,NA,NA,NA,NA,NA,NA,NA
Meringue cookies,John Kanell,"American, english, French",4.94, 400 ,20 minutes,NA,20 minutes,48 meringues,5,▢ 4 egg whites,▢ 1 cup sugar,▢ 1 pinch salt,▢ 1 tsp vanilla,▢ 1/4 tsp cream of tartar,NA,NA,NA,NA,NA,NA,NA,NA,Preppy Kitchen,https://preppykitchen.com/meringue-cookies/,NA,NA,NA,NA,NA,NA,NA,NA,NA
Peanut Butter Cookies Recipe,John Kanell,American,4.95, 5464 ,1 minute,10 minutes,15 minutes,18 cookies,9,INGREDIENTS:,▢ 1 1/2 cup all-purpose flour 180g,"▢ 1/2 cup butter unsalted, room temp 113g",▢ 1 cup peanut butter 250g,"▢ 1/2 cup brown sugar 100g, lightly packed",▢ 1/2 cup sugar 100g,▢ 1 tsp vanilla extract 5mL,"▢ 1 egg large, room temp",▢ 3/4 tsp baking powder 3g,NA,NA,NA,NA,Preppy Kitchen,https://preppykitchen.com/peanut-butter-cookies-recipe/,NA,NA,NA,NA,NA,NA,NA,NA,NA
Apple Pie Cookies,John Kanell,American,4.97, 155 ,45 minutes,25 minutes,NA,12 Cookies,22,For the Filling:,▢ 2 tablespoons freshly squeezed lemon juice 30mL,"▢ 3 pounds apples Honey crisp, Golden Delicious, Cortland, or Mitsu",▢ 2/3 cup sugar plus more for sprinkling on the pie,▢ 1/4 cup unsalted butter,▢ 1/4 teaspoon ground cinnamon,▢ 1 pinch nutmeg▢For the Dough:,▢ 2 1/2 cups flour plus more for rolling,▢ 4 tbs granulated sugar,▢ 1/2 tsp sea salt,▢ 16 tbs unsalted butter chilled,▢ 4 tbs ice water,▢ 2 tsp cinnamon,Preppy Kitchen,https://preppykitchen.com/apple-hand-pies/,▢ 1 tsp all-spice,▢ 1/2 tsp ginger▢For the Egg Wash,▢ 1 egg,▢ 1 tbsp cream▢For the Caramel,▢ 1 cup brown sugar,▢ 5 tbsp butter unsalted,▢ 1/2 cup cream,▢ 1 tbsp vanilla extract,▢ 1 pinch salt generous
Baklava Cookies,John Kanell,"American, Greek",5, 21 ,15 minutes,10 minutes,25 minutes,24 Cookies,13,"▢ 1 cup unsalted butter softened, 226g","▢ 1 cup brown sugar firmly packed , 200g",▢ 1 tsp. vanilla extract 5mL,▢ 1 egg,▢ 3 cups all-purpose flour 360g,▢ 1 tsp. baking powder,▢ ½ tsp. ground cinnamon,▢ ½ tsp. kosher salt,▢ ½ cup honey 120mL,▢ 1 cinnamon stick,▢ ½ tsp. vanilla,▢ ½ cup salted pistachio kernels chopped and roasted,▢ ½ cup walnuts chopped,Preppy Kitchen,https://preppykitchen.com/baklava-cookies/,NA,NA,NA,NA,NA,NA,NA,NA,NA
Macaron recipe,John Kanell,"American, French",4.97, 2312 ,15 minutes,25 minutes,40 minutes,36 Macarons,13,For the Cookie,▢ 100 g egg whites room temperature 3 large eggs,▢ 140 g almond flour 1 1/2 cups,▢ 90 g granulated sugar just under 1/2 cup,▢ 130 g powdered sugar 1 cup,▢ 1 tsp vanilla 5mL,▢ 1/4 tsp cream of tartar 800mg▢For the Buttercream,▢ 1 cup unsalted butter softened 226g,▢ 5 egg yolks,▢ 1/2 cup granulated sugar 100g,▢ 1 tsp vanilla,▢ 3 tbsp water 30mL,▢ 1 pinch salt,Preppy Kitchen,https://preppykitchen.com/french-macarons/,NA,NA,NA,NA,NA,NA,NA,NA,NA
Cream Cheese Cookies,John Kanell,American,4.98, 1617 ,10 minutes,10 minutes,20 minutes,28 Cookies,8,"▢ 1/2 cup unsalted butter 113g, room temperature","▢ 4 ounces cream cheese 113g, room temperature",▢ 1 cup granulated sugar 200g,▢ 1 egg room temperature,▢ 2 tsp vanilla extract 10mL,▢ 1 3/4 cups all-purpose flour 210g,▢ 1/2 teaspoon baking powder,▢ 1/2 tsp salt,NA,NA,NA,NA,NA,Preppy Kitchen,https://preppykitchen.com/cream-cheese-cookies/,NA,NA,NA,NA,NA,NA,NA,NA,NA
Easter Cookies,John Kanell,American,5, 6 ,NA,12 minutes,12 minutes,24 cookies,16,For the Coconut Flakes:,▢ 5 oz coconut flakes sweetened▢For the Cookies:,▢ 4 cups all-purpose flour 500g,▢ ¾ tsp salt,▢ ½ cup cornstarch 60g,"▢ 2 sticks butter 230g, room temp",▢ 1 cup sugar 240g,▢ 2 eggs,▢ 1 tsp vanilla extract▢For the Buttercream:,"▢ 1 ½ sticks butter 200g, unsalted, room temp",▢ ½ bag confectioner’s sugar 350g,▢ 1 tsp vanilla extract,▢ 1 tbsp heavy cream▢For the Chocolate Speckle:,Preppy Kitchen,https://preppykitchen.com/easter-cookies/,▢ 1 tbsp cocoa powder nice quality,▢ 1 tbsp vanilla extract,▢ 1 bag chocolate eggs,NA,NA,NA,NA,NA,NA
Shortbread Cookies Recipe,John Kanell,"British, Scottish",4.98, 5359 ,15 minutes,20 minutes,35 minutes,16 cookies,6,INGREDIENTS,"▢ 10 tbsp unsalted butter unsalted butter, at room temperature 142g",▢ 1/2 cup confectioners' sugar,▢ 1/2 teaspoon pure vanilla extract,▢ 1 1/2 cups all-purpose flour 180g,▢ 1/2 teaspoon kosher salt optional,NA,NA,NA,NA,NA,NA,NA,Preppy Kitchen,https://preppykitchen.com/shortbread-cookies-recipe/,NA,NA,NA,NA,NA,NA,NA,NA,NA
S'mores Cookie Cups,John Kanell,American,5, 22 ,30 minutes,30 minutes,NA,NA,18,For the Cookie Dough,▢ 2 1/4 cups flour 270g,▢ 1/4 cup graham cracker crumps 20g,▢ 1/2 tsp salt 2g,▢ 1 tsp baking soda 6g,▢ 1/4 cup cornstarch 32g,"▢ 1 tsp cinnamon 2g, heaping",▢ 3/4 cup unsalted butter 170g,▢ 1 cup granulated sugar 200g,▢ 1 egg,▢ 1 egg yolk,▢ 1 tsp vanilla 5mL▢For the Fluff,▢ 1/2 cup light corn syrup 118mL,Preppy Kitchen,https://preppykitchen.com/smores-cookie-cups/,▢ 1 cup granulated sugar 200g,▢ 4 egg whites room temperature,▢ few dashes of cream of tartar▢For the Filling,▢ 1 cup semi-sweet chocolate 175g,▢ 3 tbsp heavy cream 45mL,NA,NA,NA,NA
Valentine Cookies,John Kanell,American,4.92, 102 ,15 minutes,12 minutes,27 minutes,16 cookies,10,INGREDIENTS,"▢ 1 cup unsalted butter 227g, unsalted, room temp",▢ 1 cup granulated sugar 234g,▢ 2 eggs,"▢ 4 cups all-purpose flour 500g, sifted","▢ 3/4 cup cornstarch 80g, sifted",▢ 3/4 teaspoon kosher salt 4g,▢ 1 tablespoon vanilla extract 15mL,▢ 1/4 cup pink sanding sugar 50g,▢ few drops pink food coloring,NA,NA,NA,Preppy Kitchen,https://preppykitchen.com/valentine-cookies/,NA,NA,NA,NA,NA,NA,NA,NA,NA
Witch Hat Cookies,John Kanell,American,5, 6 ,40 minutes,12 minutes,52 minutes,NA,16,INGREDIENTS:▢For the Cookies:,▢ 1 cups unsalted butter at room temperature 236.5mL,▢ 1 cups sugar 236.5mL,▢ 1 large egg,▢ 2 cups all-purpose flour 473mL,▢ 3/4 cups cocoa powder 177.4mL,▢ 1/2 tsp salt 2.1g,▢ 1 tsp vanilla 4.2g,▢ 1 tsp almond extract 4.2g,▢ 8 ice cream cones sugar▢For the Assembly:,▢ 1 cup semi sweet chocolate,▢ 1 1/2 cup black sanding sugar 354.8mL,▢ 1 package M&Ms or your choice of candy,Preppy Kitchen,https://preppykitchen.com/witch-hat-cookies/,▢ 3 tbsp fondant 42.9g,▢ red and blue food coloring,▢ gold leaf or gold dusting powder,NA,NA,NA,NA,NA,NA
Bunny Cookies:,John Kanell,American,5, 4 ,30 minutes,20 minutes,50 minutes,NA,9,INGREDIENTS▢For the Cookies:,▢ 1 cup sugar 234g,▢ 2 sticks butter 227g,▢ 2 eggs,▢ 4 cups flour 501g,▢ ½ cup corn starch 60g,▢ 1 tsp vanilla,▢ ⅔ tsp salt▢For the Chocolate:,▢ 280 g dark chocolate chopped,NA,NA,NA,NA,Preppy Kitchen,https://preppykitchen.com/bunny-cookies/,NA,NA,NA,NA,NA,NA,NA,NA,NA
Rosette Cookies,John Kanell,"Mexican, Swedish",5, 65 ,10 minutes,1 minute,11 minutes,45 cookies,10,INGREDIENTS:▢For the Batter:,▢ 2 eggs,▢ 1 cup all-purpose flour 131g,▢ 2 tsp granulated sugar 11g,▢ ¼ tsp kosher salt,▢ 1 cup milk 240ml,▢ dash of vanilla,▢ 2 cups cooking oil 480ml▢For the Sugar Dust:,▢ ½ cup granulated sugar,▢ ½ tsp ground cinnamon,NA,NA,NA,Preppy Kitchen,https://preppykitchen.com/rosette-cookies/,NA,NA,NA,NA,NA,NA,NA,NA,NA
Cookie Tree,John Kanell,American,5, 34 ,20 minutes,12 minutes,42 minutes,NA,16,INGREDIENTS:,"▢ 1.5 cups unsalted butter 339g, Room temp",▢ 1.5 cups granulated sugar 300g,▢ 3 eggs,▢ 6 cups all-purpose flour 720g,▢ 1 cup cornstarch 125g,▢ 1 1/2 tsp kosher salt 7g,▢ 1 tbsp vanilla extract 15mL▢For the Buttercream:,▢ 1 tbsp vanilla 15mL,▢ 1 lb confectioner's sugar 454g,▢ 1 cup unsalted butter room temperature 225g,"▢ 3 tbsp heavy whipping cream 45mL, add as needed▢For the Assembly:",▢ ½ cup confectioners sugar 60g,Preppy Kitchen,https://preppykitchen.com/cookie-tree/,▢ 1 tbsp whole milk 15mL,▢ 4 inch sheet edible of gold leaf,▢ Paint brush medium,NA,NA,NA,NA,NA,NA
Stained Glass Cookies,John Kanell,American,5, 69 ,20 minutes,10 minutes,30 minutes,18 cookies,9,INGREDIENTS:▢For the Cookies:,"▢ 1 cup unsalted butter 226g, room temp",▢ 1 cup granulated sugar 200g,▢ 2 eggs,"▢ 4 cups all-purpose flour 480g, sifted","▢ 1/2 cup cornstarch 65g, sifted",▢ 3/4 teaspoon kosher salt 3g,▢ 1 teaspoon vanilla extract 5mL▢For the Window Pane:,▢ 1/3 cup Hard candies You can use any one you'd like.,NA,NA,NA,NA,Preppy Kitchen,https://preppykitchen.com/window-pane-cookies/,NA,NA,NA,NA,NA,NA,NA,NA,NA
Butter Cookies,John Kanell,American,4.98, 1537 ,15 minutes,10 minutes,25 minutes,16 cookies,7,▢ 2 cups all-purpose flour (240g),▢ 1 cup unsalted butter softened (227g),▢ ½ teaspoon salt,▢ ½ cup granulated sugar (100g),▢ 2 large egg yolks,▢ 2 teaspoons vanilla extract,▢ ⅓ cup sanding sugar or coarse sugar (66g),NA,NA,NA,NA,NA,NA,Preppy Kitchen,https://preppykitchen.com/butter-cookies/,NA,NA,NA,NA,NA,NA,NA,NA,NA
White Chocolate Peppermint Cookies,John Kanell,American,5, 754 ,10 minutes,6 minutes,16 minutes,18 cookies,11,▢ 1 1/4 cup all-purpose flour,▢ 1/2 cup unsalted butter room temp,▢ 3/4 cup white chocolate chips,▢ 1/2 cup crushed candy canes plus more for dipping,▢ 1 pinch salt,▢ 1/4 tsp baking soda,▢ 1 pinch baking powder,▢ 1 egg room temp,▢ 1/2 cup sugar plus 1 tbsp,▢ 1/2 tsp vanilla extract,▢ 1/4 tsp peppermint oil,NA,NA,Preppy Kitchen,https://preppykitchen.com/white-chocolate-peppermint-cookies/,NA,NA,NA,NA,NA,NA,NA,NA,NA
Chocolate Sugar Cookies,John Kanell,American,4.93, 314 ,40 minutes,12 minutes,52 minutes,32 cookies,8,"▢ 2 cups all-purpose flour subtract 2 tbsp, 220g",▢ 2 tbsp corn starch 20g,▢ 3/4 tsp salt,▢ 3/4 cups cocoa powder Dutch processed preferred,▢ 1 cup sugar 200g,▢ 1 cups unsalted butter at room temperature,▢ 1 large egg,▢ 1 tbsp vanilla 15mL,NA,NA,NA,NA,NA,Preppy Kitchen,https://preppykitchen.com/chocolate-sugar-cookies/,NA,NA,NA,NA,NA,NA,NA,NA,NA
Pumpkin Macarons,John Kanell,French,5, 69 ,25 minutes,20 minutes,45 minutes,36 macarons,19,For the Cookie,▢ 4 egg whites room temperature,▢ 1 cup almond flour,▢ 1/4 cup granulated sugar,▢ 2 cups powdered sugar,▢ 1/2 tsp cinnamon,▢ 1/4 tsp ginger,▢ 1/4 tsp nutmeg,▢ 1/2 tsp instant espresso,▢ 1/4 tsp allspice▢For the Buttercream,▢ 1/2 cup butter softened,▢ 1/4 cup pureed pumpkin,▢ 2 cups powdered sugar,Preppy Kitchen,https://preppykitchen.com/pumpkin-spice-latte-macarons/,▢ 1 tsp vanilla,▢ 1/2 tsp cinnamon,▢ 1/2 tsp instant espresso,▢ 1 pinch nutmeg,▢ 1 pinch allsprice,▢ 1 pinch ginger,NA,NA,NA
Valentine's Day Sugar Cookies,John Kanell,American,4.96, 71 ,25 minutes,11 minutes,36 minutes,6 Cookies,14,INGREDIENTS▢For the Cookies:,▢ 1 1/2 cups softened butter unsalted,▢ 2 cups white sugar,▢ 4 eggs,▢ 1 tsp vanilla extract,▢ 5 cups all-purpose flour,▢ 1/2 cup corn starch,▢ 1 tsp salt,▢ 1 tsp baking powder▢For the Icing:,▢ 2 egg whites,▢ 1 lb confectioner's sugar,▢ 1/4 tsp cream of tartar,▢ 2-4 tsp water,Preppy Kitchen,https://preppykitchen.com/valentines-day-sugar-cookies/,▢ Food coloring,NA,NA,NA,NA,NA,NA,NA,NA
