title,author,rating,ratingnum,preptime,cooktime,totaltime,servings,totalingredients,ingredient1,ingredient2,ingredient3,ingredient4,ingredient5,ingredient6,ingredient7,source,link,ingredient8,ingredient9,ingredient10,ingredient11,ingredient12,ingredient13,ingredient14,ingredient15,ingredient16,ingredient17,ingredient18,ingredient19,ingredient20,ingredient21,ingredient22,ingredient23,ingredient24
Pie Crust Cookies,Julie Clark,5, 1 ,15 minutes,10 minutes,25 minutes,24,7,3 cups all-purpose flour 390 grams,1/2 teaspoon salt,1/2 cup shortening,1/2 cup cold unsalted butter,1/2 cup ice cold water,1 tablespoon white vinegar,granulated sugar and cinnamon for sprinkling on the top,Tastes of Lizzy T,https://www.tastesoflizzyt.com/pie-crust-cookies/,NA,NA,NA,NA,NA,NA,NA,NA,NA,NA,NA,NA,NA,NA,NA,NA,NA
Old Fashioned Pecan Tassies,Julie Clark,4.64, 30 ,30 minutes,18 minutes,48 minutes,36,10,For the crust:,3/4 cup salted butter room temperature,5 ounces cream cheese room temperature,1 1/2 cups all-purpose flour▢For the filling:,1 ½ cups dark brown sugar,2 tablespoons salted butter melted,2 large eggs,Tastes of Lizzy T,https://www.tastesoflizzyt.com/pecan-tassies/,½ teaspoon maple extract,½ cup finely chopped pecans▢For topping:,36 pecan halves,NA,NA,NA,NA,NA,NA,NA,NA,NA,NA,NA,NA,NA,NA
Pumpkin Cookies with Icing,Julie Clark,4.75, 8 ,20 minutes,10 minutes,30 minutes,31,15,For the cookies:,1 cup packed brown sugar,1 cup unsalted butter* room temperature,1 large egg,1 cup solid pack pumpkin purée,2 cups all-purpose flour,1 teaspoon baking soda,Tastes of Lizzy T,https://www.tastesoflizzyt.com/pumpkin-cookies/,1 teaspoon baking powder,½ teaspoon salt,1 teaspoon cinnamon,1 teaspoon pumpkin pie spice▢For the frosting:,2 tablespoons unsalted butter melted,2-3 tablespoons 2% milk,1 teaspoon vanilla extract,1 1/2 cups powdered sugar,NA,NA,NA,NA,NA,NA,NA,NA,NA
Pumpkin Oatmeal Chocolate Chip Bars,Julie Clark,NA,NA,15 minutes,30 minutes,45 minutes,18,15,1 cup salted butter room temperature,1 3/4 cups light brown sugar,½ cup solid pack pumpkin puree,1 tablespoon molasses,1 teaspoon vanilla extract,2 1/2 cups all-purpose flour,1 ½ tablespoons pumpkin pie spice,Tastes of Lizzy T,https://www.tastesoflizzyt.com/pumpkin-oatmeal-chocolate-chip-bars/,1 teaspoon salt,1 teaspoon baking soda,1 teaspoon baking powder,1 1/2 cups quick cook oats,1 cup dark chocolate chips,1 cup Nestle pumpkin spice baking chips,Extra baking chips for topping,Flaky sea salt for topping,NA,NA,NA,NA,NA,NA,NA,NA,NA
Pumpkin Spice Chocolate Chip Cookies,Julie Clark,NA,NA,10 minutes,20 minutes,30 minutes,27,12,1 cup salted butter,1 cup light brown sugar,¼ cup pumpkin puree,1 tablespoon molasses,2 teaspoons vanilla extract,2 1/2 cups all-purpose flour*,1 tablespoon pumpkin pie spice,Tastes of Lizzy T,https://www.tastesoflizzyt.com/pumpkin-spice-chocolate-chip-cookies/,1/2 tablespoon cornstarch,1 teaspoon baking soda,1/4 teaspoon salt**,1 cup dark chocolate chips,1 cup Nestle pumpkin spice baking chips,NA,NA,NA,NA,NA,NA,NA,NA,NA,NA,NA,NA
Texas Sheet Cake Cookies,Julie Clark,NA,NA,15 minutes,10 minutes,35 minutes,12,16,For the Cookies:,1/2 cup unsalted butter,1/4 cup unsweetened cocoa powder,3/4 cup granulated sugar,1 large egg,1 teaspoon pure vanilla extract,1/4 cup sour cream,Tastes of Lizzy T,https://www.tastesoflizzyt.com/texas-sheet-cake-cookies/,1 cup all-purpose flour,1/2 teaspoon baking soda,1/4 teaspoon salt▢For the Ganache Topping:,1/2 cup semi-sweet chocolate chips,2 tablespoons unsalted butter,1/2 cup heavy cream,1/2 teaspoon pure vanilla extract,Pinch of salt,"1/4 chopped pecans toasted, or walnuts",NA,NA,NA,NA,NA,NA,NA,NA
Buckeye Brownie Cookies,Julie Clark,4.61, 224 ,30 minutes,12 minutes,42 minutes,24,7,1 box fudge brownie mix (19.5 ounce or family size),1/4 cup salted butter melted,4 ounces cream cheese softened,1 large egg,1 cup powdered sugar,1 cup creamy peanut butter,4 ounces dark chocolate melting wafers or dark / semi-sweet chocolate chips,Tastes of Lizzy T,https://www.tastesoflizzyt.com/buckeye-brownie-cookies/,NA,NA,NA,NA,NA,NA,NA,NA,NA,NA,NA,NA,NA,NA,NA,NA,NA
Sheet Pan Cookies,Julie Clark,5, 2 ,10 minutes,20 minutes,30 minutes,32,9,1 1/2 cups salted butter melted,1 cup granulated sugar,1 cup packed brown sugar,2 teaspoons vanilla extract,3 large eggs,3 1/3 cups all-purpose flour,2 teaspoons baking soda,Tastes of Lizzy T,https://www.tastesoflizzyt.com/sheet-pan-cookies/,1 teaspoon salt,3 cups semi-sweet chocolate chips plus extra for topping if desired,NA,NA,NA,NA,NA,NA,NA,NA,NA,NA,NA,NA,NA,NA,NA
Oatmeal Chocolate Chip Bars,Julie Clark,5, 4 ,15 minutes,30 minutes,45 minutes,18,11,1 cup salted butter room temperature,2 1/3 cups light brown sugar,2 large eggs,1 teaspoon vanilla extract,2 1/2 cups all-purpose flour,1 teaspoon salt,1 teaspoon baking soda,Tastes of Lizzy T,https://www.tastesoflizzyt.com/oatmeal-chocolate-chip-bars/,1 teaspoon baking powder,1 1/2 cups quick cook oats,2 cups mini chocolate chips,¼ cup semi-sweet chocolate chips for topping,NA,NA,NA,NA,NA,NA,NA,NA,NA,NA,NA,NA,NA
Peanut Butter Monster Cookies,Julie Clark,4.82, 16 ,20 minutes,10 minutes,30 minutes,72,11,1 cup salted butter room temperature,2 cups granulated sugar,2 cups light brown sugar,3 cups peanut butter,6 large eggs,1 1/2 teaspoons corn syrup,1 1/2 teaspoons vanilla extract,Tastes of Lizzy T,https://www.tastesoflizzyt.com/peanut-butter-mm-monster-cookies/,4 teaspoons baking soda,9 cups quick cook oats,2 cups Peanut Butter M&M’s,2 cups semi-sweet chocolate chips,NA,NA,NA,NA,NA,NA,NA,NA,NA,NA,NA,NA,NA
Mocha Chocolate Chip Cookies,Julie Clark,4.41, 5 ,15 minutes,10 minutes,55 minutes,27,12,1 cup salted butter room temperature,3/4 cup brown sugar,3/4 cup granulated sugar,2 large eggs,2 teaspoons vanilla extract,2 1/2 cups all-purpose flour,2 tablespoons espresso powder,Tastes of Lizzy T,https://www.tastesoflizzyt.com/mocha-chocolate-chip-cookies/,1 teaspoon baking soda,1 teaspoon salt,¼ teaspoon ground cinnamon,2 cups dark chocolate chunks,chocolate covered coffee beans for topping,NA,NA,NA,NA,NA,NA,NA,NA,NA,NA,NA,NA
Coffee Toffee Cookies,Julie Clark,5, 2 ,15 minutes,11 minutes,26 minutes,26,13,1 cup salted butter room temperature,¾ cup granulated sugar,¾ cup brown sugar,2 large eggs,2 teaspoons vanilla extract,2 ¼ cups all-purpose flour,⅔ cup unsweetened cocoa powder*,Tastes of Lizzy T,https://www.tastesoflizzyt.com/coffee-toffee-cookies/,2 tablespoons espresso powder,¾ teaspoon baking soda,¼ teaspoon salt,"8 Heath toffee bars chopped, 1.4 ounces each","1 dark chocolate bar chopped, 5.29 ounces▢For topping the cookies:","2 Heath toffee bars chopped, 1.4 ounces each",NA,NA,NA,NA,NA,NA,NA,NA,NA,NA,NA
Birthday Cookies,Julie Clark,NA,NA,15 minutes,10 minutes,25 minutes,30,12,2 1/2 cups all-purpose flour 325 grams,2 teaspoons baking powder 10 grams,1 teaspoon salt 6 grams,1 tablespoon cornstarch 8 grams,"1 cup unsalted butter room temperature, 8 ounces",¾ cup granulated sugar 150 grams,½ cup brown sugar 105 grams,Tastes of Lizzy T,https://www.tastesoflizzyt.com/birthday-cookies/,½ teaspoon vanilla extract 5 grams,1 large egg,1 large egg yolk,1 cup rainbow chips 170 grams,½ cup sprinkles,NA,NA,NA,NA,NA,NA,NA,NA,NA,NA,NA,NA
Shortbread Cookie Recipe,Julie Clark,5, 1 ,15 minutes,20 minutes,5 minutes,32,5,"1 cup salted butter room temperature, 8 ounces",1/2 cup powdered sugar 65 grams,2 teaspoons vanilla or almond extract 10 grams,1 1/2 cups all-purpose flour 195 grams,1/2 cup cornstarch 65 grams,NA,NA,Tastes of Lizzy T,https://www.tastesoflizzyt.com/shortbread-cookie-recipe/,NA,NA,NA,NA,NA,NA,NA,NA,NA,NA,NA,NA,NA,NA,NA,NA,NA
Yellow Cake Mix Cookies,Julie Clark,5, 2 ,5 minutes,9 minutes,14 minutes,21,5,1 box yellow cake mix 15.25 oz box,2 large eggs room temperature,1/2 cup vegetable oil 4 ounces,3/4 cup chocolate chips,3/4 cup mini M&Ms,NA,NA,Tastes of Lizzy T,https://www.tastesoflizzyt.com/yellow-cake-mix-cookies/,NA,NA,NA,NA,NA,NA,NA,NA,NA,NA,NA,NA,NA,NA,NA,NA,NA
Caramel Cashew Cookies,Julie Clark,5, 5 ,20 minutes,20 minutes,40 minutes,40,13,For the Cookies:,1 cup powdered sugar,1 cup softened butter,2 teaspoons 2% milk,1 large egg yolk (use white for something else),2 cups all-purpose flour,1/4 cup cornstarch,Tastes of Lizzy T,https://www.tastesoflizzyt.com/cashew-thumbprint-cookies/,1 cup cashews (finely chopped)▢For the Caramel Filling:,3/4 cups brown sugar,2 tablespoons butter,3 tablespoons 2% milk,1/2 teaspoon vanilla extract,3/4 cup powdered sugar,NA,NA,NA,NA,NA,NA,NA,NA,NA,NA,NA
Red Velvet Bisquick Cookies,Julie Clark,4.67, 3 ,20 minutes,8 minutes,28 minutes,18,8,1/2 cup unsalted butter at room temperature,1 cup light brown sugar,2 teaspoons vanilla extract,1 large egg,1 ¾ cup Bisquick mix,¼ cup unsweetened cocoa powder (not Dutch processed),Red or pink food coloring gels,Tastes of Lizzy T,https://www.tastesoflizzyt.com/red-velvet-cookies/,1 cup white chocolate chips (divided),NA,NA,NA,NA,NA,NA,NA,NA,NA,NA,NA,NA,NA,NA,NA,NA
Peanut Butter Sandwich Cookies,Julie Clark,4.52, 37 ,15 minutes,6 minutes,21 minutes,60,13,1 cup salted butter room temperature,1 cup creamy peanut butter,1 cup granulated sugar,1 cup packed brown sugar,1 teaspoon vanilla extract,3 large eggs,4 cups all-purpose flour lightly spooned and leveled,Tastes of Lizzy T,https://www.tastesoflizzyt.com/peanut-butter-sandwich-cookies/,2 teaspoons baking soda,1/4 teaspoon salt▢For the filling:,1/2 cup creamy peanut butter,3 cups powdered sugar,1 teaspoon vanilla extract,5-6 tablespoons 2% milk,NA,NA,NA,NA,NA,NA,NA,NA,NA,NA,NA
Pillsbury Sugar Cookie Recipe,Julie Clark,4.63, 231 ,15 minutes,8 minutes,23 minutes,36,8,"1 cup salted butter room temperature, 8 ounces",1 1/2 cups granulated sugar 300 grams,1 large egg,1 teaspoon vanilla extract 4 grams,2 3/4 cups all-purpose flour 358 grams,1 teaspoon baking soda 6 grams,1/2 teaspoon baking powder 2 grams,Tastes of Lizzy T,https://www.tastesoflizzyt.com/chewy-sugar-cookies/,3-4 tablespoons buttermilk divided,NA,NA,NA,NA,NA,NA,NA,NA,NA,NA,NA,NA,NA,NA,NA,NA
Peanut Butter Blossoms,Julie Clark,4.73, 79 ,20 minutes,8 minutes,28 minutes,60,11,"1 cup salted butter room temperature, 8 ounces",1 cup creamy peanut butter 250 grams,1 cup granulated sugar 200 grams,1 cup light brown sugar 210 grams,1 teaspoon vanilla extract 5 grams,3 large eggs,4 cups all-purpose flour 520 grams,Tastes of Lizzy T,https://www.tastesoflizzyt.com/peanut-butter-blossoms/,2 teaspoons baking soda 12 grams,1/4 teaspoon salt,1/2 cup granulated sugar for rolling,60 Hershey Kiss candies (unwrapped),NA,NA,NA,NA,NA,NA,NA,NA,NA,NA,NA,NA,NA
Chocolate Sandwich Cookies,Julie Clark,5, 4 ,30 minutes,11 minutes,41 minutes,20,14,1 cup unsalted butter room temperature,1 cup brown sugar,1/2 cup plus 1 tablespoon white sugar,2 large eggs,1 teaspoon vanilla extract,2 1/4 cups all-purpose flour,3/4 cup cocoa powder,Tastes of Lizzy T,https://www.tastesoflizzyt.com/chocolate-sandwich-cookies-recipe/,3/4 teaspoon salt,2 teaspoons baking powder,2 cups chocolate chips▢For the Filling,6 tablespoons unsalted butter room temperature,3 cups powdered sugar,2 tablespoons milk,1/2 teaspoon vanilla extract,NA,NA,NA,NA,NA,NA,NA,NA,NA,NA
Peanut Butter Cut Out Cookies,Julie Clark,4.65, 54 ,20 minutes,9 minutes,14 minutes,27,11,1/2 cup creamy peanut butter 125 grams,6 tablespoons salted butter room temperature,1/2 cup brown sugar 110 grams,1/3 cup light corn syrup 113 grams,1 large egg,"2 cups all-purpose flour divided, 260 grams",1 1/2 teaspoons baking powder 6 grams,Tastes of Lizzy T,https://www.tastesoflizzyt.com/peanut-butter-cut-out-cookies-recipe/,1/8 teaspoon salt▢Optional Ganache:,1/2 cup heavy whipping cream 4 ounces,1 1/4 cups semi-sweet chocolate chips,sprinkles if desired,NA,NA,NA,NA,NA,NA,NA,NA,NA,NA,NA,NA,NA
Cream Cheese Sugar Cookies,Julie Clark,4.64, 531 ,25 minutes,8 minutes,33 minutes,24,13,Dough,"1 cup salted butter room temperature, 8 ounces",8 ounces full fat cream cheese room temperature,1 1/2 cup granulated sugar 300 grams,1 large egg,1 teaspoon vanilla extract 5 grams,1/2 teaspoon almond extract 2 grams,Tastes of Lizzy T,https://www.tastesoflizzyt.com/cream-cheese-sugar-cookies/,3 1/2 cups all-purpose flour 455 grams,1 teaspoon baking powder 4 grams▢Frosting,2 cups powdered sugar 260 grams,2 tablespoons soft butter 28 grams,1/4 teaspoon almond extract,Milk to desired consistency,NA,NA,NA,NA,NA,NA,NA,NA,NA,NA,NA
Oreo Chocolate Chip Cookies,Julie Clark,5, 6 ,15 minutes,11 minutes,56 minutes,32,11,"1 cup salted butter 8 ounces, room temperature",3/4 cup brown sugar 150 grams,3/4 cup granulated sugar 150 grams,2 large eggs,2 teaspoons vanilla extract 10 grams,2 1/2 cups all-purpose flour 325 grams,1 teaspoon baking soda 5 grams,Tastes of Lizzy T,https://www.tastesoflizzyt.com/oreo-chocolate-chip-cookies/,1 teaspoon salt 6 grams,20 Oreo cookies divided,1 1/2 cups semi-sweet chocolate chips,Oreo quarters and semi-sweet chocolate chips for optional toppings,NA,NA,NA,NA,NA,NA,NA,NA,NA,NA,NA,NA,NA
Double Chocolate M&M Cookies,Julie Clark,4.64, 65 ,10 minutes,10 minutes,20 minutes,26,10,1 cup salted butter (room temperature) 8 ounces,3/4 cup granulated sugar 150 grams,3/4 cup brown sugar 155 grams,2 large eggs,2 teaspoons vanilla extract 10 grams,2 cups all-purpose flour 260 grams,2/3 cup unsweetened cocoa powder 60 grams*,Tastes of Lizzy T,https://www.tastesoflizzyt.com/double-chocolate-mm-cookies/,3/4 teaspoon baking soda 3 grams,1/4 teaspoon salt,2 cups M&M chocolate candies mini m&ms or regular size candies,NA,NA,NA,NA,NA,NA,NA,NA,NA,NA,NA,NA,NA,NA
Strawberry Cookies,Julie Clark,4.77, 38 ,20 minutes,11 minutes,31 minutes,24,10,For the cookies:,1 box Duncan Hines white cake mix 15.25 ounces,1 small box strawberry jello 3 ounces,1/4 cup salted butter softened,4 ounces cream cheese softened,1 large egg▢For the frosting:,1/4 cup salted butter softened,Tastes of Lizzy T,https://www.tastesoflizzyt.com/strawberries-and-cream-cookies/,1/2 cup dehydrated strawberry powder Less than 1 ounce dehydrated strawberries,1 cup powdered sugar,1/4 cup heavy cream,NA,NA,NA,NA,NA,NA,NA,NA,NA,NA,NA,NA,NA,NA
Toffee Cookies with Chocolate Chips,Julie Clark,5, 22 ,15 minutes,10 minutes,55 minutes,36,11,"1 cup salted butter 8 ounces, room temperature",3/4 cup brown sugar 155 grams,3/4 cup granulated sugar 150 grams,2 large eggs,2 1/2 cups all-purpose flour 325 grams,1 teaspoon baking soda 5 grams,1 teaspoon salt 6 grams,Tastes of Lizzy T,https://www.tastesoflizzyt.com/toffee-cookies/,1 teaspoon vanilla extract 5 grams,1 1/2 cups chocolate chips,8 ounces toffee bits divided,flaky sea salt for topping,NA,NA,NA,NA,NA,NA,NA,NA,NA,NA,NA,NA,NA
Caramel Millionaire Bars,Julie Clark,4.77, 30 ,15 minutes,45 minutes,15 minutes,16,15,For the cookie layer:,2 ¼ cups unbleached all purpose flour,1 cup salted butter (room temperature),1 teaspoon pure vanilla extract,½ cup granulated sugar▢For the caramel layer:,14 ounces sweetened condensed milk,1/2 cup salted butter,Tastes of Lizzy T,https://www.tastesoflizzyt.com/caramel-millionaire-bars/,½ cup brown sugar,3 tablespoons light corn syrup,1 ½ teaspoons pure vanilla extract,½ teaspoon quality salt▢For the chocolate layer:,2 cups milk chocolate chips,½ cup heavy cream,½ to 1 teaspoon pure vanilla extract,quality finishing salt (to sprinkle on top),NA,NA,NA,NA,NA,NA,NA,NA,NA
Carrot Cookies Recipe,Julie Clark,4.41, 10 ,15 minutes,13 minutes,NA,24,15,For the cookies:,"2 1/4 cups all-purpose flour spooned and leveled, 293 grams",2 teaspoons cinnamon,1 1/2 teaspoons baking powder,1/2 teaspoon baking soda,1/4 teaspoon salt,"3/4 cup unsalted butter room temperature, 6 ounces",Tastes of Lizzy T,https://www.tastesoflizzyt.com/carrot-cookies-recipe/,"2/3 cup light brown sugar packed, 155 grams",1 large egg room temperature,2 teaspoons vanilla extract,3/4 cup finely grated carrots*▢For the cream cheese frosting:,4 ounces cream cheese room temperature,"1/4 cup unsalted butter room temperature, 2 ounces",1 cup powdered sugar 130 grams▢For the topping:,1/2 cup crushed walnuts or pecans,NA,NA,NA,NA,NA,NA,NA,NA,NA
Peanut Butter Oatmeal Cookies,Julie Clark,4.86, 14 ,15 minutes,9 minutes,NA,24,15,"1/2 cup salted butter room temperature, 4 ounces",1 cup peanut butter 250 grams,1/2 cup granulated sugar 100 grams,1/4 cup brown sugar 60 grams,1 large egg,1 teaspoons vanilla extract 4 grams,3/4 cup all-purpose flour 98 grams,Tastes of Lizzy T,https://www.tastesoflizzyt.com/peanut-butter-oatmeal-cookies/,1/2 cup quick cooking oats 53 grams,1/2 teaspoon baking soda 2 grams,1/2 teaspoon baking powder 2 grams,dash of salt▢Optional Ingredients:,½ cup chopped peanuts,1 teaspoon cinnamon,¼ teaspoon cloves,¼ teaspoon nutmeg,NA,NA,NA,NA,NA,NA,NA,NA,NA
Easy Sugar Cookie Icing,Julie Clark,4.34, 9 ,5 minutes,NA,5 minutes,20,4,4 cups powdered sugar 520 grams,3 tablespoons corn syrup 60 grams,1 teaspoon LorAnn Princess cake & cookie emulsion (or vanilla extract) 5 grams,5-6 tablespoons 2% milk divided,NA,NA,NA,Tastes of Lizzy T,https://www.tastesoflizzyt.com/easy-sugar-cookie-icing/,NA,NA,NA,NA,NA,NA,NA,NA,NA,NA,NA,NA,NA,NA,NA,NA,NA
Cherry Wink Cookies,Julie Clark,4.72, 7 ,15 minutes,9 minutes,24 minutes,36,14,2 ¼ cups all-purpose flour 293 grams,1 teaspoon baking powder,½ teaspoon baking soda,½ teaspoon salt,"¾ cups salted butter room temperature, 6 ounces",1 cup granulated sugar 200 grams,2 large eggs,Tastes of Lizzy T,https://www.tastesoflizzyt.com/cherry-wink-cookies/,2 tablespoons 2% milk,1 teaspoon vanilla extract or almond extract,1 cup finely chopped pecans 111 grams,1 cup finely chopped dates 140 grams,⅓ cup finely chopped maraschino cherries▢For topping:,2 ⅔ cups corn flakes crushed,15 maraschino cherries cut in half,NA,NA,NA,NA,NA,NA,NA,NA,NA,NA
Old Fashioned Peanut Butter Cookies,Julie Clark,4.75, 24 ,15 minutes,9 minutes,24 minutes,36,11,"1 cup unsalted butter room temperature, 8 ounces",2 cups creamy peanut butter 500 grams,1 cup granulated sugar 200 grams,1 cup packed brown sugar 220 grams,2 large eggs,2 teaspoons vanilla extract 9 grams,2 ½ cups all-purpose flour 325 grams,Tastes of Lizzy T,https://www.tastesoflizzyt.com/old-fashioned-peanut-butter-cookies/,1 ½ teaspoons baking soda 9 grams,1 teaspoon baking powder 5 grams,½ teaspoon salt 4 grams▢Optional:,coarse sugar for topping,NA,NA,NA,NA,NA,NA,NA,NA,NA,NA,NA,NA,NA
Easy Snickerdoodle Cookies,Julie Clark,4.68, 25 ,15 minutes,8 minutes,NA,30,10,For the cookies:,1 cup shortening 185 grams,1 ½ cups granulated sugar 300 grams,2 large eggs,2 ¾ cups all-purpose flour 358 grams,2 teaspoons cream of tartar 8 grams,1 teaspoon baking soda 7 grams,Tastes of Lizzy T,https://www.tastesoflizzyt.com/easy-snickerdoodle-cookies/,½ teaspoon salt 1 gram▢For rolling:,¼ cup granulated sugar,2 tablespoons cinnamon,NA,NA,NA,NA,NA,NA,NA,NA,NA,NA,NA,NA,NA,NA
Double Chocolate Caramel Cookies,Julie Clark,4.64, 19 ,20 minutes,10 minutes,30 minutes,30,14,"1 cup salted butter at room temperature, 8 ounces",3/4 cup granulated sugar 182 grams,3/4 cup brown sugar 182 grams,2 large eggs,2 teaspoons vanilla extract 8 grams,2 cups all-purpose flour 280 grams,2/3 cup cocoa powder 55 grams,Tastes of Lizzy T,https://www.tastesoflizzyt.com/double-chocolate-caramel-cookies/,3/4 teaspoon baking soda 4 grams,1/4 teaspoon salt,2 cups semi-sweet chocolate chips 340 grams,30 Rolo candies or Simply Caramel MIlky Ways▢Caramel Drizzle:,20 Kraft caramels,2 tablespoons sweetened condensed milk,"Sea salt for sprinkling, if desired",NA,NA,NA,NA,NA,NA,NA,NA,NA,NA
Cherry Cream Cheese Cookies,Julie Clark,4.77, 21 ,20 minutes,12 minutes,32 minutes,30,10,"1/2 cup salted butter room temperature, 4 ounces",3 ounces cream cheese room temperature,1/2 cup granulated sugar 100 grams,1/4 teaspoon almond extract,1 cup all-purpose flour 140 grams,1 teaspoon baking powder,1/8 teaspoon salt,Tastes of Lizzy T,https://www.tastesoflizzyt.com/cream-cheese-cherry-cookies/,1/2 cup colored sugar,30 red maraschino cherries drained and dried▢Optional topping:,1/2 cup white chocolate chips,NA,NA,NA,NA,NA,NA,NA,NA,NA,NA,NA,NA,NA,NA
Apple Oatmeal Cookies,Julie Clark,5, 11 ,20 minutes,12 minutes,32 minutes,24,15,1 large green apple peeled and finely diced,"1 cup salted butter room temperature, 8 ounces",1 cup granulated sugar 200 grams,1 cup packed brown sugar 210 grams,2 large eggs,1 1/2 teaspoons vanilla extract 7 grams,2 1/2 cups all-purpose flour 325 grams,Tastes of Lizzy T,https://www.tastesoflizzyt.com/apple-oatmeal-cookies/,1 tablespoon cornstarch 9 grams,2 1/2 cup quick cook oats 248 grams,2 teaspoon ground cinnamon 5 grams,1 teaspoon baking powder 4 grams,1 teaspoon baking soda 6 grams,1 teaspoon salt 6 grams,1/2 teaspoon cloves 2 grams,1/4 teaspoon nutmeg,NA,NA,NA,NA,NA,NA,NA,NA,NA
Oatmeal Chocolate Chip Cookies,Julie Clark,4.53, 36 ,15 minutes,10 minutes,25 minutes,36,13,1 cup salted butter room temperature,1 cup packed light brown sugar 220 grams,1/2 cup granulated sugar 100 grams,2 large eggs,1 teaspoon vanilla extract 6 grams,1 1/2 cups all-purpose flour 195 grams,1 teaspoon baking soda 5 grams,Tastes of Lizzy T,https://www.tastesoflizzyt.com/oatmeal-chocolate-chip-cookies/,1/2 teaspoon salt 3 grams,3 cups old fashioned rolled oats 312 grams,1 1/2 cups semi-sweet chocolate chips,4 ounces bittersweet dark chocolate chopped,1 cup chopped walnuts,coarse sugar for topping optional,NA,NA,NA,NA,NA,NA,NA,NA,NA,NA,NA
Tropical Paradise Cookies,Julie Clark,4.80, 5 ,15 minutes,11 minutes,26 minutes,48,17,3 1/4 cups all-purpose flour 423 grams,1 teaspoon salt,1 teaspoon baking soda,2/3 cup salted butter room temperature,2/3 cup vegetable shortening,1 cup granulated sugar 200 grams,1 cup brown sugar 200 grams,Tastes of Lizzy T,https://www.tastesoflizzyt.com/tropical-paradise-cookies/,2 large eggs,2 teaspoons vanilla extract,4 ounce Ghirardelli white chocolate bar coarsely chopped,4 ounce Ghirardelli bittersweet chocolate bar coarsely chopped,1/2 cup Ghirardelli white chocolate chips,1/2 cup Ghirardelli bittersweet chocolate chips,3/4 cup dried mango chopped,1 cup macadamia nuts coarsely chopped,1 cup coconut flakes▢For drizzling,1/2 cup bittersweet chocolate chips,NA,NA,NA,NA,NA,NA,NA
Cinnamon Oatmeal Raisin Cookies,Julie Clark,4.66, 38 ,15 minutes,10 minutes,25 minutes,36,13,1 cup salted butter room temperature,1 cup packed brown sugar 220 grams,1/2 cup granulated sugar 100 grams,2 large eggs,1 teaspoon vanilla extract 6 grams,1 1/2 cups all-purpose flour 195 grams,1 teaspoon baking soda 5 grams,Tastes of Lizzy T,https://www.tastesoflizzyt.com/oatmeal-raisin-cinnamon-cookies/,1 1/2 teaspoons ground cinnamon 5 grams,1/2 teaspoon salt 3 grams,3 cups rolled oats 312 grams,1 cup raisins 148 grams,1 cup chopped walnuts 119 grams,coarse sugar for topping optional,NA,NA,NA,NA,NA,NA,NA,NA,NA,NA,NA
Neiman Marcus Chocolate Chip Cookies Recipe,Julie Clark,4.73, 194 ,10 minutes,10 minutes,20 minutes,36,13,1 cup salted butter room temperature. 8 ounces,1 cup packed dark brown sugar 200 grams,1 cup granulated sugar 200 grams,2 large eggs,1 teaspoon vanilla extract 4 grams,2 ½ cups old fashioned oats 240 grams,2 cups all-purpose flour 260 grams,Tastes of Lizzy T,https://www.tastesoflizzyt.com/neiman-marcus-chocolate-chip-cookies/,½ teaspoon salt 4 grams,1 teaspoon baking soda 4 grams,1 teaspoon baking powder 3 grams,4 ounce milk chocolate Hershey bar,12 ounces semi-sweet chocolate chips,1 ½ cups chopped walnuts 150 grams,NA,NA,NA,NA,NA,NA,NA,NA,NA,NA,NA
Doubletree Cookies,Julie Clark,4.79, 91 ,15 minutes,20 minutes,NA,26,13,8 ounces unsalted butter room temperature (2 sticks),¾ cup + 1 tablespoon granulated sugar 163 grams,¾ cup packed light brown sugar 150 grams,2 large eggs,1 ¼ teaspoons vanilla extract 6 grams,¼ teaspoon freshly squeezed lemon juice,2 ¼ cups all-purpose flour 292 grams,Tastes of Lizzy T,https://www.tastesoflizzyt.com/doubletree-chocolate-chip-cookie-recipe/,1/2 cup old fashioned rolled oats 53 grams,1 teaspoon baking soda 7 grams,1 teaspoon salt 7 grams,Pinch cinnamon,2 2/3 cups semi-sweet chocolate chips 490 grams,1 3/4 cups chopped walnuts 205 grams,NA,NA,NA,NA,NA,NA,NA,NA,NA,NA,NA
Coconut Caramel Cookies,Julie Clark,4.77, 17 ,15 minutes,10 minutes,25 minutes,24,12,1 cup salted butter at room temperature 226 grams,1 cup light brown sugar 213 grams,1/2 cup granulated sugar 100 grams,1 large egg,1 teaspoon vanilla extract 4 grams,2 1/2 cups all-purpose flour 325 grams,1 teaspoon baking soda 7 grams,Tastes of Lizzy T,https://www.tastesoflizzyt.com/coconut-caramel-macadamia-nut-cookies/,⅔ cup sweetened coconut flakes 37 grams,2/3 cup caramel bits 130 grams,2/3 cup chopped macadamia nuts 92 grams,12 Kraft caramel squares unwrapped and cut in half,sea salt for sprinkling,NA,NA,NA,NA,NA,NA,NA,NA,NA,NA,NA,NA
Chocolate Turtle Cookies,Julie Clark,4.59, 17 ,15 minutes,10 minutes,25 minutes,24,16,1 cup salted butter room temperature 8 ounces,3/4 cup granulated sugar 150 grams,3/4 cup brown sugar 150 grams,2 large eggs,2 teaspoons vanilla extract 10 grams,2 cups all-purpose flour 260 grams,2/3 cup unsweetened cocoa powder* 65 grams,Tastes of Lizzy T,https://www.tastesoflizzyt.com/double-chocolate-turtle-cookies/,3/4 teaspoon baking soda 5 grams,1/4 teaspoon salt 2 grams,1 cup mini chocolate chips**,½ cup chopped pecans,½ cup caramel bits 100 grams▢For topping:,12 Kraft caramel squares cut in half,2/3 cup Ghirardelli melting wafers,1/4 cup chopped pecans,sea salt for sprinkling optional,NA,NA,NA,NA,NA,NA,NA,NA
Soft Peanut Butter Cookies,Julie Clark,4.49, 37 ,15 minutes,10 minutes,25 minutes,30,9,1 cup salted butter room temperature 8 ounces,1 cup creamy peanut butter 270 grams,1 1/2 cups packed brown sugar 300 grams,1 teaspoon vanilla extract 5 grams,3 large eggs,3 cups all-purpose flour 390 grams,1 1/2 teaspoons baking soda 7 grams,Tastes of Lizzy T,https://www.tastesoflizzyt.com/bakery-style-soft-peanut-butter-cookies-recipe/,1/4 teaspoon salt,1/4 cup granulated sugar for sprinkling,NA,NA,NA,NA,NA,NA,NA,NA,NA,NA,NA,NA,NA,NA,NA
Potato Chip Cookies,Julie Clark,4.65, 405 ,15 minutes,11 minutes,26 minutes,36,10,1 cup unsalted butter 8 ounces room temperature,1 cup brown sugar 200 grams,1 cup granulated sugar 200 grams,2 large eggs,1 teaspoon vanilla extract 5 grams,2 1/2 cups all-purpose flour 325 grams,1 teaspoon baking soda 5 grams,Tastes of Lizzy T,https://www.tastesoflizzyt.com/potato-chip-cookies/,1/2 teaspoon salt 3 grams,2 cups coarsely crushed potato chips 113 grams (4 ounces),2 cups chocolate chips 340 grams,NA,NA,NA,NA,NA,NA,NA,NA,NA,NA,NA,NA,NA,NA
Reese’s Peanut Butter Cookies,Julie Clark,4.70, 96 ,15 minutes,10 minutes,25 minutes,20,11,3/4 cup creamy peanut butter 212 grams,"1/2 cup salted butter 4 ounces, room temperature",1 cup packed dark brown sugar 200 grams,1/2 teaspoon baking soda 3 grams,1/2 teaspoon baking powder 2 grams,1 large egg,1 1/2 teaspoons vanilla extract 6 grams,Tastes of Lizzy T,https://www.tastesoflizzyt.com/reeses-overloaded-peanut-butter-cookies-2/,1 1/4 cup all-purpose flour 163 grams,2 cups quartered miniature Reese’s peanut butter cups 295 grams,1/2 cup mini chocolate chips 86 grams,"1/3 cup chocolate chips for drizzling, optional",NA,NA,NA,NA,NA,NA,NA,NA,NA,NA,NA,NA,NA
Bakery Style Sugar Cookies,Julie Clark,4.68, 61 ,15 minutes,10 minutes,25 minutes,18,12,2 3/4 cups all purpose flour 358 grams,1 teaspoon baking soda 6 grams,1/2 teaspoon baking powder 2 grams,1/2 teaspoon salt 4 grams,"1 cup European style salted butter 8 ounces, room temperature",1 1/2 cups white granulated sugar 300 grams,1 large egg,Tastes of Lizzy T,https://www.tastesoflizzyt.com/bakery-style-sugar-cookies-recipe/,3/4 teaspoon LorAnn Princess Cake & Cookie Bakery Emulsion,1/2 tablespoon lemon juice 7 grams,1/4 cup heavy cream,3/4 teaspoon white vinegar,Extra sugar for sprinkling on top,NA,NA,NA,NA,NA,NA,NA,NA,NA,NA,NA,NA
Cookie Dough Brownie Cookies,Julie Clark,4.58, 14 ,15 minutes,12 minutes,27 minutes,24,13,Cookie Dough:,1 1/4 cups all-purpose flour 163 grams,1/2 cup salted butter* room temperature (4 ounces),1/2 cup brown sugar 106 grams,1/4 cup granulated sugar 50 grams,2 tablespoons 2% milk 35 grams,1 teaspoon vanilla extract 4 grams,Tastes of Lizzy T,https://www.tastesoflizzyt.com/cookie-dough-brownie-cookies/,1/2 cup mini chocolate chips 87 grams▢Brownie Cookies:,1 box dry fudge brownie mix** (18.3 ounces or family size),1/4 cup salted butter melted (2 ounces),4 ounces cream cheese softened,1 large egg▢Chocolate Topping:,6 ounces semi-sweet chocolate chips (or chocolate melting wafers),NA,NA,NA,NA,NA,NA,NA,NA,NA,NA,NA
Chocolate Covered Cherry Cookies,Julie Clark,4.62, 13 ,25 minutes,10 minutes,35 minutes,48,13,1/2 cup salted butter room temperature,1 cup granulated sugar,1 large egg,1 1/2 teaspoons vanilla extract,1 1/2 cups all-purpose flour,1/2 cup unsweetened cocoa powder,1/4 teaspoon salt,Tastes of Lizzy T,https://www.tastesoflizzyt.com/chocolate-covered-cherry-cookies/,1/4 teaspoon baking powder,1/4 teaspoon baking soda,48 maraschino cherries blotted dry (reserve 2-3 teaspoons of the juice)▢Chocolate Frosting:,1 cup semisweet chocolate chips,1/2 cup sweetened condensed milk,2-3 teaspoons maraschino cherry juice,NA,NA,NA,NA,NA,NA,NA,NA,NA,NA,NA
M&M Sugar Cookie Bars,Julie Clark,4.53, 21 ,10 minutes,30 minutes,NA,25,9,3/4 cup salted butter room temperature (6 ounces),1 cup granulated sugar 200 grams,2 large eggs,1 teaspoon vanilla extract 5 grams,2 1/2 cups all-purpose flour 325 grams,3/4 teaspoon salt 6 grams,½ teaspoon baking soda 3 grams,Tastes of Lizzy T,https://www.tastesoflizzyt.com/mm-sugar-cookie-bars/,1 1/4 cups mini M&Ms about 9 ounces,vanilla frosting optional,NA,NA,NA,NA,NA,NA,NA,NA,NA,NA,NA,NA,NA,NA,NA
Peppermint Brownie Cookies,Julie Clark,4.67, 6 ,30 minutes,12 minutes,42 minutes,24,11,For the cookies:,1 box Pillsbury chocolate fudge brownie mix 19.5 ounces or family size*,1/4 cup salted butter melted,4 ounces cream cheese softened,1 large egg▢For the peppermint filling:,7 ounces sweetened condensed milk ½ can,2 3/4 cups powdered sugar 343 grams,Tastes of Lizzy T,https://www.tastesoflizzyt.com/peppermint-patty-brownie-cookies/,1/2 tablespoon peppermint extract▢For the chocolate topping:,4 ounces semi-sweet or dark chocolate chips▢Optional:,food coloring for peppermint filling red or green,peppermint candies for topping,NA,NA,NA,NA,NA,NA,NA,NA,NA,NA,NA,NA,NA
Fudgy Brownie Cookies,Julie Clark,4.64, 11 ,20 minutes,10 minutes,NA,12,11,11 ounces high quality dark chocolate (bittersweet)* 300 grams,¼ cup unsalted butter 60 grams,½ cup all-purpose flour 65 grams,¼ teaspoon baking powder,a pinch of salt,⅛ cup cocoa powder 15 grams,1 teaspoon espresso powder,Tastes of Lizzy T,https://www.tastesoflizzyt.com/fudgy-brownie-cookies/,2 large eggs,½ cup granulated sugar 100 grams,¼ cup brown sugar 50 grams,flaky salt for garnish if desired,NA,NA,NA,NA,NA,NA,NA,NA,NA,NA,NA,NA,NA
Grandma’s Christmas Cookies,Julie Clark,4.84, 12 ,30 minutes,9 minutes,39 minutes,48,13,For the cookies:,1 cup shortening 205 grams,1 cup granulated sugar 200 grams,1/2 cup brown sugar 110 grams,1 cup buttermilk 8 ounces,1 teaspoon pure vanilla extract * 5 grams,1 large egg,Tastes of Lizzy T,https://www.tastesoflizzyt.com/grandmas-christmas-sugar-cookies/,4 3/4 cups all-purpose flour (spooned and leveled) 618 grams,2 teaspoons aluminum free baking powder 10 grams,1 teaspoon baking soda 5 grams,1/2 teaspoon salt 3 grams▢For topping:,vanilla buttercream,sprinkles,NA,NA,NA,NA,NA,NA,NA,NA,NA,NA,NA
No Bake Haystack Cookies,Julie Clark,4.84, 6 ,10 minutes,NA,NA,30,5,1 ½ cups butterscotch chips,1 cup creamy peanut butter,12 ounces crispy chow mein noodles,½ cup cocktail peanuts,sprinkles of your choice,NA,NA,Tastes of Lizzy T,https://www.tastesoflizzyt.com/no-bake-haystack-cookies/,NA,NA,NA,NA,NA,NA,NA,NA,NA,NA,NA,NA,NA,NA,NA,NA,NA
Buckeye No Bake Cookies,Julie Clark,4.67, 3 ,25 minutes,5 minutes,NA,24,13,For the buckeye:,1 cup creamy peanut butter 240 grams,1 cup powdered sugar 120 grams▢For the no bake cookies:,½ cup salted butter 4 ounces,½ cup whole milk,1 cup light brown sugar 200 grams,1 cup granulated sugar 201 grams,Tastes of Lizzy T,https://www.tastesoflizzyt.com/buckeye-no-bake-cookies/,¼ cup cocoa powder 20 grams,¾ cup creamy peanut butter 180 grams,2 teaspoons vanilla extract,3 cups instant oats 290 grams,3 1/2 ounces high quality dark chocolate cut into chunks▢For the chocolate topping:,10 ounces Ghirardelli Dark or milk chocolate melting wafers,NA,NA,NA,NA,NA,NA,NA,NA,NA,NA,NA
Cowboy Cookies,Julie Clark,4.57, 46 ,10 minutes,14 minutes,NA,36,15,1 cup salted butter room temperature,1 cup packed brown sugar 220 grams,1 cup granulated sugar 200 grams,2 large eggs room temperature,2 teaspoons vanilla extract,2 cups all purpose flour 260 grams,½ teaspoon salt,Tastes of Lizzy T,https://www.tastesoflizzyt.com/cowboy-cookies/,½ teaspoon baking powder,3 cups rolled oats (not quick oats) (270 grams),1 cup milk chocolate chips 174 grams,2 cups semi-sweet chocolate chunks,½ cup shredded coconut unsweetened,½ cup chopped pecans,Extra chocolate chips or chunks for topping,Flaked sea salt for topping,NA,NA,NA,NA,NA,NA,NA,NA,NA
Kitchen Sink Cookies,Julie Clark,4.75, 16 ,15 minutes,10 minutes,NA,24,14,8 ounces unsalted butter room temperature (227 grams),½ cup packed light brown sugar 117 grams,½ cup granulated sugar 104 grams,1 large egg room temperature,2 teaspoons pure vanilla extract,2 ¼ cups all-purpose flour 293 grams,1 teaspoon baking powder,Tastes of Lizzy T,https://www.tastesoflizzyt.com/kitchen-sink-cookies/,1 teaspoon baking soda,1/4 teaspoon salt (I used table salt),½ cup milk chocolate chips plus more for topping if desired,½ cup butterscotch chips plus more for topping if desired,½ cup crushed plain potato chips plus more for topping if desired,½ cup crushed pretzels plus more for topping if desired,Flake sea salt,NA,NA,NA,NA,NA,NA,NA,NA,NA,NA
Chick-Fil-A Cookie Recipe,Julie Clark,4.64, 376 ,15 minutes,12 minutes,27 minutes,20,15,2 1/2 cups all-purpose flour 325 grams,3/4 cup quick oats (60 grams),1 teaspoon baking powder 5 grams,1/2 teaspoon baking soda 3 grams,1/4 teaspoon salt 1 gram,1 1/3 cups dark brown sugar 263 grams,1/3 cup granulated sugar 69 grams,Tastes of Lizzy T,https://www.tastesoflizzyt.com/copycat-chick-fil-a-cookies/,1/2 cup vegetable shortening 4 ounces,"1/2 cup salted butter room temperature, 4 ounces",3 tablespoons honey 63 grams,2 teaspoons vanilla extract 10 grams,2 large eggs room temperature,1 1/2 cups semi-sweet chocolate chips or dark chocolate chips,1/2 cup milk chocolate chips,1 cup semi-sweet chocolate chunks divided,NA,NA,NA,NA,NA,NA,NA,NA,NA
Church Window Cookies,Julie Clark,5, 3 ,20 minutes,NA,NA,48,7,½ cup salted butter,2 cups semi-sweet chocolate chips,1 teaspoon vanilla extract,1 cup finely chopped walnuts,10 ounces colored miniature marshmallows 1 bag,2 cups shredded sweetened coconut,wax paper,Tastes of Lizzy T,https://www.tastesoflizzyt.com/church-window-cookies/,NA,NA,NA,NA,NA,NA,NA,NA,NA,NA,NA,NA,NA,NA,NA,NA,NA
Toll House Cookie Recipe,Julie Clark,4.59, 87 ,15 minutes,10 minutes,55 minutes,28,11,½ cup salted butter room temperature,½ cup shortening,3/4 cup granulated sugar,3/4 cup packed brown sugar,1 teaspoon vanilla extract,2 large eggs room temperature,2 1/4 cups all-purpose flour,Tastes of Lizzy T,https://www.tastesoflizzyt.com/our-favorite-toll-house-cookie-recipe/,1 teaspoon baking soda,1 teaspoon salt,2 cups semi-sweet chocolate chips,1 cup mini chocolate chips divided,NA,NA,NA,NA,NA,NA,NA,NA,NA,NA,NA,NA,NA
The Best Rice Krispie Treats,Julie Clark,4.75, 8 ,5 minutes,5 minutes,NA,15,5,10 ounces large marshmallows,6 tablespoons salted butter,1 teaspoon vanilla,2 cups mini marshmallows,6 cups rice krispies cereal,NA,NA,Tastes of Lizzy T,https://www.tastesoflizzyt.com/the-best-rice-krispie-treats/,NA,NA,NA,NA,NA,NA,NA,NA,NA,NA,NA,NA,NA,NA,NA,NA,NA
Soft Cinnamon Roll Cookies,Julie Clark,4.43, 26 ,25 minutes,10 minutes,35 minutes,26,20,For the cookies:,"1/2 cup buttermilk divided, 4 ounces",1/2 teaspoon baking soda 3 grams,"1/2 cup salted butter softened, 4 ounces",1 cup granulated sugar 200 grams,2 large eggs divided,1/4 teaspoon salt 1 gram,Tastes of Lizzy T,https://www.tastesoflizzyt.com/soft-cinnamon-roll-cookies/,1/2 teaspoon vanilla extract 3 grams,3 cups all-purpose flour 390 grams,1/2 tablespoon baking powder▢For the Filling:,egg white (use the white left from mixing the dough),2 tablespoons sugar,1 tablespoon ground cinnamon▢Powdered Sugar Glaze Option:,1 1/2 cups powdered sugar,4 tablespoons heavy cream,1/2 teaspoon vanilla extract▢Cream Cheese Frosting Option:,4 ounces salted butter room temperature,4 ounces cream cheese room temperature,8 ounces powdered sugar about 2 cups,½ teaspoon vanilla extract,NA,NA,NA,NA
Chocolate Chip Butterscotch Cookie Bars,Julie Clark,4.60, 5 ,10 minutes,35 minutes,45 minutes,12,8,2 cups all-purpose flour,1/2 teaspoon baking soda,1 cup packed dark brown sugar,1 cup salted butter very soft (almost melted),1 large egg,2 teaspoons vanilla extract,1 cup chopped pecans,Tastes of Lizzy T,https://www.tastesoflizzyt.com/chocolate-chip-butterscotch-cookie-bars-recipe/,1 1/2 cups semi-sweet chocolate chips,NA,NA,NA,NA,NA,NA,NA,NA,NA,NA,NA,NA,NA,NA,NA,NA
Butterscotch Potato Chip Cookies,Julie Clark,4.63, 27 ,10 minutes,15 minutes,25 minutes,36,10,1 cup unsalted butter 8 ounces -room temperature,3/4 cup granulated sugar 150 grams,1 cup brown sugar 200 grams,2 large eggs,2 1/2 cups all-purpose flour 325 grams,1 teaspoon baking soda 5 grams,1/2 teaspoon salt 3 grams,Tastes of Lizzy T,https://www.tastesoflizzyt.com/butterscotch-potato-chip-cookies/,1 teaspoon vanilla extract 5 grams,2 cups butterscotch chips 340 grams (plus an extra ½ cup for pressing into the top of the cookie balls),2 cups crushed potato chips 4 ounces,NA,NA,NA,NA,NA,NA,NA,NA,NA,NA,NA,NA,NA,NA
7 Layer Bars,Julie Clark,4.75, 12 ,10 minutes,25 minutes,NA,15,7,1/2 cup butter 1 stick,"2 1/2 cups graham cracker crumbs finely ground, do not pack into the cup",1 cup semi-sweet chocolate chips,1 cup butterscotch chips,1 cup shredded coconut,1 cup chopped pecans,14 ounces sweetened condensed milk,Tastes of Lizzy T,https://www.tastesoflizzyt.com/7-layer-bars/,NA,NA,NA,NA,NA,NA,NA,NA,NA,NA,NA,NA,NA,NA,NA,NA,NA
Lucky Charms Marshmallow Treats,Julie Clark,5, 4 ,5 minutes,10 minutes,NA,12,4,6 tablespoons salted butter (plus more for pan),16 ounces miniature marshmallows (8 ½ cups),1 teaspoon vanilla extract,9 cups Lucky Charms cereal,NA,NA,NA,Tastes of Lizzy T,https://www.tastesoflizzyt.com/lucky-charms-marshmallow-treats/,NA,NA,NA,NA,NA,NA,NA,NA,NA,NA,NA,NA,NA,NA,NA,NA,NA
Peppermint Patty Cookies,Julie Clark,4.68, 46 ,15 minutes,12 minutes,27 minutes,16,6,1 package Duncan Hines dark chocolate fudge cake mix (15.25 ounces),1 large egg,4 ounces cream cheese (softened),1/4 cup salted butter softened (almost melted),16 snack size York Peppermint Patties,sprinkles optional,NA,Tastes of Lizzy T,https://www.tastesoflizzyt.com/peppermint-patty-stuffed-chocolate-cookies-recipe/,NA,NA,NA,NA,NA,NA,NA,NA,NA,NA,NA,NA,NA,NA,NA,NA,NA
How to Make Pudding Cookies,Julie Clark,4.67, 6 ,10 minutes,12 minutes,NA,24,9,1 cup salted butter (room temperature),3/4 cup brown sugar,1/4 cup granulated sugar,2 large eggs,1 teaspoon vanilla extract,2 1/4 cups all-purpose flour (293 grams),3.4 ounces instant pudding mix (any flavor),Tastes of Lizzy T,https://www.tastesoflizzyt.com/how-to-make-pudding-cookies/,1 teaspoon baking soda (6 grams),2 cups semi-sweet chocolate chips,NA,NA,NA,NA,NA,NA,NA,NA,NA,NA,NA,NA,NA,NA,NA
Hershey Brown Sugar Shortbread Bars,Julie Clark,4.63, 62 ,10 minutes,17 minutes,NA,20,7,1 cup salted butter (room temperature),1 cup packed brown sugar (235 grams),1 large egg,1 teaspoon vanilla extract,2 cups all-purpose flour (260 grams),1/4 teaspoon salt,10-12 full size Hershey bars,Tastes of Lizzy T,https://www.tastesoflizzyt.com/hershey-brown-sugar-shortbread-bars/,NA,NA,NA,NA,NA,NA,NA,NA,NA,NA,NA,NA,NA,NA,NA,NA,NA
Easy Chocolate Chip Cookies Recipe,Julie Clark,4.67, 211 ,10 minutes,10 minutes,20 minutes,24,13,1 cup salted butter,1 cup light brown sugar*,1 large egg,1 tablespoon heavy cream**,1 1/2 teaspoons vanilla extract,2 1/2 cups all-purpose flour***,1/2 tablespoon cornstarch,Tastes of Lizzy T,https://www.tastesoflizzyt.com/easy-chocolate-chip-cookies/,1 teaspoon baking soda,1/4 teaspoon salt****,1 cup dark chocolate chips,1 cup semi-sweet chocolate chips▢Optional Toppings:,1/3 cup semi-sweet chocolate chips,sea salt,NA,NA,NA,NA,NA,NA,NA,NA,NA,NA,NA
Congo Bars Recipe,Julie Clark,4.69, 103 ,10 minutes,25 minutes,35 minutes,20,8,3/4 cup salted butter 6 ounces,2 1/4 cup brown sugar 470 grams,3 large eggs (room temperature),2 3/4 cup all-purpose flour 358 grams,2 1/2 teaspoons baking powder 12 grams,1/2 teaspoon salt 3 grams,1 cup dark chocolate chips,Tastes of Lizzy T,https://www.tastesoflizzyt.com/congo-bars/,1 cup semi-sweet chocolate chips,NA,NA,NA,NA,NA,NA,NA,NA,NA,NA,NA,NA,NA,NA,NA,NA
Christmas Kitchen Sink Cookies,Julie Clark,4.59, 77 ,15 minutes,10 minutes,NA,27,13,1 cup unsalted butter* (at room temperature),1 cup light brown sugar (7.5 Ounces),1/2 cup granulated sugar (3.5 Ounces),1 large egg**,1 teaspoon vanilla extract,2 1/2 cups all-purpose flour (11.25 Ounces),1/4 teaspoon salt,Tastes of Lizzy T,https://www.tastesoflizzyt.com/christmas-kitchen-sink-cookies/,1 teaspoon baking soda,3/4 cup mini baking M&Ms,1/2 cup white chocolate chips,1/2 cup coarsely crushed pretzels,1/2 cup coarsely crushed potato chips,1/4 cup Christmas sprinkles,NA,NA,NA,NA,NA,NA,NA,NA,NA,NA,NA
Cornflake Wreath Cookies,Julie Clark,5, 1 ,15 minutes,3 minutes,NA,12,5,40 large marshmallows,1/4 cup salted butter* (softened),5 cups cornflakes,green food coloring,mini red M&M candies for decorating,NA,NA,Tastes of Lizzy T,https://www.tastesoflizzyt.com/cornflake-wreath-cookies/,NA,NA,NA,NA,NA,NA,NA,NA,NA,NA,NA,NA,NA,NA,NA,NA,NA
Iced Oatmeal Cookies,Julie Clark,4.70, 10 ,15 minutes,10 minutes,25 minutes,24,15,For the cookies:,2 cups old fashioned oats (not quick cook oats),2 cups all purpose flour,1 tablespoon baking powder,½ teaspoon baking soda,½ teaspoon salt,2 teaspoon cinnamon,Tastes of Lizzy T,https://www.tastesoflizzyt.com/iced-oatmeal-cookies/,½ teaspoon nutmeg,1 cup unsalted butter,1 cup light brown sugar,½ cup granulated sugar,2 large eggs,1 teaspoon vanilla extract▢For the icing:,2 cups powdered sugar,2-5 tablespoons milk (start with 2 and add to desired consistency),NA,NA,NA,NA,NA,NA,NA,NA,NA
White Chocolate Cranberry Oatmeal Cookies,Julie Clark,4.80, 5 ,15 minutes,10 minutes,25 minutes,36,13,1 cup salted butter softened,1 cup packed brown sugar,1/2 cup white sugar,2 large eggs,1 teaspoon vanilla extract,1 1/2 cups all-purpose flour,1 teaspoon baking soda,Tastes of Lizzy T,https://www.tastesoflizzyt.com/white-chocolate-cranberry-oatmeal-cookies/,1/2 teaspoon salt,3 cups rolled oats,2 cups white chocolate chips,1 cup dried cranberries (or craisins),1/2 cup finely chopped macadamia nuts,1/2 cup white chocolate chips for drizzling tops of cookies optional,NA,NA,NA,NA,NA,NA,NA,NA,NA,NA,NA
Butter Spritz Cookies,Julie Clark,4.75, 4 ,15 minutes,8 minutes,NA,48,6,2 cups unsalted butter (room temperature),1 cup granulated sugar,1 large egg,2 teaspoons almond extract,1 teaspoon salt,4 cups all-purpose flour (540 grams),NA,Tastes of Lizzy T,https://www.tastesoflizzyt.com/butter-spritz-cookies/,NA,NA,NA,NA,NA,NA,NA,NA,NA,NA,NA,NA,NA,NA,NA,NA,NA
Chocolate Dipped Gingerbread Cookies,Julie Clark,5, 3 ,20 minutes,12 minutes,32 minutes,36,10,1 cup shortening,1 cup granulated sugar,1 cup unsulphured molasses,5 cups all-purpose flour,1 teaspoon baking soda,1 teaspoon nutmeg,1 teaspoon salt,Tastes of Lizzy T,https://www.tastesoflizzyt.com/chocolate-dipped-gingerbread-cookies/,3 teaspoons powdered ginger,1 bag semi-sweet chocolate chips if desired,1/2 cup white chocolate chips if desired,NA,NA,NA,NA,NA,NA,NA,NA,NA,NA,NA,NA,NA,NA
Candy Cane Cookies,Julie Clark,4.29, 7 ,20 minutes,15 minutes,NA,24,9,1/2 cup shortening,1/2 cup salted butter (at room temperature),1 cup sugar,1 large egg (at room temperature),1 teaspoon vanilla extract,2 1/2 cups all-purpose flour,1/2 teaspoon salt,Tastes of Lizzy T,https://www.tastesoflizzyt.com/candy-cane-cookies/,1 teaspoon red food coloring,"sprinkles, if desired",NA,NA,NA,NA,NA,NA,NA,NA,NA,NA,NA,NA,NA,NA,NA
Cranberry Almond Chocolate Cookies,Julie Clark,4.84, 6 ,10 minutes,13 minutes,24 minutes,24,12,1 cup unsalted butter (at room temperature),1 cup light brown sugar 7.5 Ounces,1/2 cup granulated sugar 3.5 Ounces,1 large egg,1 teaspoon vanilla extract,2 1/2 cups all-purpose flour 11.25 Ounces,1/4 teaspoon salt,Tastes of Lizzy T,https://www.tastesoflizzyt.com/cranberry-almond-chocolate-cookies/,1 teaspoon baking soda,1 cup dried cranberries,1 cup dark chocolate chips divided,1/2 cup chopped almonds,sea salt for sprinkling,NA,NA,NA,NA,NA,NA,NA,NA,NA,NA,NA,NA
Molasses Christmas Cookies,Julie Clark,4.92, 12 ,15 minutes,8 minutes,23 minutes,60,12,1 cup shortening or room temperature butter*,1 cup brown sugar packed,1 cup molasses,1 cup buttermilk,5 1/2 cups all-purpose flour,4 teaspoons baking soda,1 teaspoon ground ginger,Tastes of Lizzy T,https://www.tastesoflizzyt.com/soft-baked-gingerbread-cookies/,3/4 teaspoon ground cinnamon,1/4 teaspoon ground nutmeg,1/4 teaspoon ground cloves,1 teaspoons salt,1/2 cup extra granulated sugar for rolling dough,NA,NA,NA,NA,NA,NA,NA,NA,NA,NA,NA,NA
Cinnamon Buttercream Cookie Sandwiches,Julie Clark,4.32, 16 ,30 minutes,8 minutes,38 minutes,24,14,1 cup salted butter softened,4 large eggs beaten,2 cups brown sugar,2 teaspoons heavy cream,3 teaspoons baking soda,2 teaspoons cinnamon,2 teaspoons vanilla,Tastes of Lizzy T,https://www.tastesoflizzyt.com/cinnamon-buttercream-cookie-sandwiches/,1/2 teaspoon salt,5 1/4 cups all-purpose flour▢Cinnamon Buttercream:,1 cup salted butter softened,1 teaspoon vanilla extract,1 tablespoon cinnamon,2 cups powdered sugar,3 tablespoons heavy cream,NA,NA,NA,NA,NA,NA,NA,NA,NA,NA
Pumpkin White Chocolate Chip Cookies,Julie Clark,4.49, 33 ,10 minutes,9 minutes,19 minutes,18,12,1/4 cup brown sugar 53 grams,1/4 cup granulated sugar 50 grams,"1/2 cup salted butter softened, 4 ounces",1/2 cup pumpkin puree 130 grams,1/4 teaspoon salt,1/2 teaspoon ground cinnamon,1 teaspoon pumpkin pie spice 2 grams,Tastes of Lizzy T,https://www.tastesoflizzyt.com/pumpkin-white-chocolate-chip-cookies/,1/2 teaspoon baking soda 2 grams,1 1/2 cups all-purpose flour 195 grams,1/2 cup white chocolate chips 90 grams,1/4 cup granulated sugar for flattening the cookies,Extra white chocolate chips for the tops of the cookies if desired,NA,NA,NA,NA,NA,NA,NA,NA,NA,NA,NA,NA
Caramel Apple Cookie Sandwiches,Julie Clark,4.64, 19 ,25 minutes,14 minutes,39 minutes,24,24,Apple Cinnamon Oatmeal Cookies,1 green apple peeled (finely diced),1 cup salted butter (room temperature),1 cup granulated sugar,1 cup brown sugar (packed),2 large eggs,1 1/2 teaspoons vanilla extract,Tastes of Lizzy T,https://www.tastesoflizzyt.com/caramel-apple-cookie-sandwiches/,2 1/2 cups all-purpose flour,1 tablespoon cornstarch,2 1/2 cup quick cook oats,2 teaspoon ground cinnamon,1 teaspoon baking powder,1 teaspoon baking soda,1 teaspoon salt,1/2 teaspoon cloves,1/4 teaspoon nutmeg▢Brown Sugar and Cinnamon Buttercream,1 cup salted butter softened,1/2 cup light brown sugar packed,1 teaspoons ground cinnamon,4-6 cups powdered sugar,1 teaspoon vanilla extract,1/4 teaspoon salt,1/4 cup milk or half and half plus more if needed,salted caramel for drizzling
Malted Milk Chocolate Chip Cookie Sandwiches,Julie Clark,5, 3 ,20 minutes,12 minutes,32 minutes,36,14,2 3/4 cups all-purpose flour 358 grams,3/4 cup malted milk powder 84 grams,1 tablespoon cornstarch 9 grams,1/2 teaspoon baking soda 2 grams,1/4 teaspoon salt 1 gram,1 cup granulated sugar 200 grams,1/2 cup packed brown sugar 100 grams,Tastes of Lizzy T,https://www.tastesoflizzyt.com/malted-milk-chocolate-chip-cookies-sandwiches-recipe/,1 cup salted butter (room temperature),2 large eggs,2 teaspoons vanilla extract 8 grams,2 tablespoons light corn syrup 40 grams,2 cups semi-sweet chocolate chips 300 grams,1/2 cup mini chocolate chips▢Optional:,vanilla ice cream (for making ice cream sandwiches),NA,NA,NA,NA,NA,NA,NA,NA,NA,NA
Funfetti Ice Cream Sandwiches,Julie Clark,4.67, 3 ,20 minutes,10 minutes,30 minutes,8,10,1/2 cup unsalted butter (room temperature),1 cup granulated sugar,1 large egg,1 teaspoon vanilla extract,1 ¾ cup all purpose flour,1 teaspoon cream of tartar,½ teaspoon baking soda,Tastes of Lizzy T,https://www.tastesoflizzyt.com/funfetti-ice-cream-sandwiches/,½ teaspoon salt,½ cup sprinkles + more for decorating,3 cups vanilla ice cream*,NA,NA,NA,NA,NA,NA,NA,NA,NA,NA,NA,NA,NA,NA
Bakery Style Chocolate Chip Cookies,Julie Clark,4.69, 170 ,20 minutes,13 minutes,33 minutes,30,14,2 cups minus 2 tablespoons cake flour 228 grams,1 2/3 cups bread flour 217 grams,1 1/4 teaspoons baking soda 5 grams,1 1/2 teaspoons baking powder 6 grams,1 teaspoon salt 6 grams,1 1/4 cups salted butter softened 10 ounces,1 1/4 cups light brown sugar 275 grams,Tastes of Lizzy T,https://www.tastesoflizzyt.com/bakery-style-chocolate-chip-cookies-recipe/,1 cup plus 2 tablespoons white granulated sugar 226 grams,2 large eggs,2 teaspoons vanilla extract 10 grams,1 cup shaved or finely chopped dark chocolate or mini chocolate chips – at least 60% cacao 146 grams,1 1/2 cups dark chocolate chips or semi-sweet if preferred 267 grams,1/4 cup white granulated sugar,sea salt for sprinkling on top,NA,NA,NA,NA,NA,NA,NA,NA,NA,NA
Spiced Chai Sugar Cookies,Julie Clark,4.68, 49 ,20 minutes,10 minutes,30 minutes,20,10,2 3/4 cups all purpose flour,1 teaspoon baking soda,1/2 teaspoon baking powder,1 1/2 teaspoons chai spice mix,1 cup butter softened,1 1/2 cups white granulated sugar,1 large egg,Tastes of Lizzy T,https://www.tastesoflizzyt.com/spiced-chai-sugar-cookies/,3/4 teaspoon vanilla extract▢Chai Spice for Rolling:,1/4 cup granulated sugar,2 teaspoons chai spice mix,NA,NA,NA,NA,NA,NA,NA,NA,NA,NA,NA,NA,NA,NA
Best Snickerdoodle Recipe,Julie Clark,4.84, 6 ,15 minutes,10 minutes,25 minutes,20,12,2 3/4 cups all purpose flour 358 grams,1 teaspoon baking soda 6 grams,1/2 teaspoon baking powder 3 grams,2 teaspoons cream of tartar 6 grams,1 cup salted butter room temperature,1 1/2 cups white granulated sugar 300 grams,1 large egg,Tastes of Lizzy T,https://www.tastesoflizzyt.com/the-best-snickerdoodle-recipe/,3/4 teaspoon LorAnn Princess Cake & Cookie Bakery Emulsion or vanilla extract,1/2 tablespoon lemon juice 6 grams,1 1/4 cups homemade cinnamon chips,1/4 cup white granulated sugar,2 teaspoons ground cinnamon,NA,NA,NA,NA,NA,NA,NA,NA,NA,NA,NA,NA
Cream Wafer Sandwich Cookies,Julie Clark,4.62, 36 ,15 minutes,8 minutes,23 minutes,14,9,1/2 cup salted butter (room temperature),1 cup all-purpose flour,3 tablespoons heavy whipping cream,3 tablespoons white sugar (for sprinkling on top)▢For the frosting:,1/4 cup butter (room temperature),3/4 cup powdered sugar,1/2 teaspoon vanilla,Tastes of Lizzy T,https://www.tastesoflizzyt.com/cream-wafer-sandwich-cookies/,1 1/2 teaspoons heavy whipping cream,Food coloring,NA,NA,NA,NA,NA,NA,NA,NA,NA,NA,NA,NA,NA,NA,NA
Sitting Pretty Cookies,Julie Clark,5, 4 ,15 minutes,10 minutes,NA,36,9,1 cup salted butter (at room temperature),1/2 cup brown sugar (packed),2 large eggs (separated),1 teaspoon vanilla extract,2 cups all-purpose flour,1/2 teaspoon salt,2 cups chopped walnuts (crushed finely),Tastes of Lizzy T,https://www.tastesoflizzyt.com/sitting-pretty-cookies/,1 1/2 cups vanilla buttercream frosting,1 cup chocolate chunks,NA,NA,NA,NA,NA,NA,NA,NA,NA,NA,NA,NA,NA,NA,NA
Chocolate Chunk Cranberry Coconut Blondies,Julie Clark,5, 4 ,15 minutes,40 minutes,55 minutes,12,12,1/2 cup unsalted butter (softened),1/2 cup packed brown sugar,1/3 cup granulated sugar,1 large egg,1 teaspoon pure vanilla extract,1 cup all-purpose flour,1/4 teaspoon baking powder,Tastes of Lizzy T,https://www.tastesoflizzyt.com/chocolate-chunk-cranberry-coconut-blondies/,1/2 teaspoon salt,1 cup dark chocolate chunks,1/2 cup dried cranberries (chopped),1/2 cup chopped pecans (chopped),1/4 cup sweetened shredded coconut,NA,NA,NA,NA,NA,NA,NA,NA,NA,NA,NA,NA
Lemon Shortbread Cookies,Julie Clark,4.46, 46 ,NA,10 minutes,10 minutes,30,9,1 cup unsalted butter (softened),¾ cup granulated sugar,¾ teaspoon lemon extract,½ teaspoon salt,zest of ½ lemon,2 cups white flour,1 1/4 cups white chocolate chips,Tastes of Lizzy T,https://www.tastesoflizzyt.com/lemon-shortbread-cookies/,1 teaspoon shortening (optional),¼ cup chopped pistachio nuts,NA,NA,NA,NA,NA,NA,NA,NA,NA,NA,NA,NA,NA,NA,NA
White Chocolate Chip Almond Cookies,Julie Clark,4.58, 7 ,15 minutes,9 minutes,24 minutes,36,13,1 cup salted butter (at room temperature),1 cup light brown sugar,½ cup granulated sugar,2 large eggs (at room temperature),1 ½ teaspoons vanilla extract,1 teaspoon almond extract,1/4 teaspoon salt,Tastes of Lizzy T,https://www.tastesoflizzyt.com/white-chocolate-chip-almond-cookies-recipe/,2 ½ cups all purpose flour,1 teaspoon baking soda,½ teaspoon baking powder,2 1/2 cups white chocolate chips,1 cup sliced almonds,extra white chocolate for drizzling (optional),NA,NA,NA,NA,NA,NA,NA,NA,NA,NA,NA
Chocolate Coconut Creme Pies,Julie Clark,5, 3 ,30 minutes,15 minutes,45 minutes,18,17,For the cookies:,1 cup butter (room temperature),3/4 cup granulated sugar,3/4 cup brown sugar,2 large eggs,2 teaspoons vanilla extract,2 cups all-purpose flour,Tastes of Lizzy T,https://www.tastesoflizzyt.com/chocolate-coconut-creme-pies-recipe/,2/3 cup cocoa powder,3/4 teaspoon baking soda,1/4 teaspoon salt,12 fun-size Mounds bars chopped,2/3 cup mini chocolate chips (plus ½ cup more for decorating the tops if desired)▢For the Coconut Buttercream:,1 cup butter (room temperature),1 1/2 teaspoons coconut extract,4 cups powdered sugar,2-4 tablespoons heavy cream,1 cup shredded coconut,NA,NA,NA,NA,NA,NA,NA
Brown Sugar Butter Cookies,Julie Clark,4.65, 436 ,15 minutes,10 minutes,25 minutes,24,8,1 cup unsalted butter (room temperature),3/4 cup light brown sugar (5 ounces),1 large egg,1 teaspoon pure vanilla extract or almond extract,2 1/4 cups all-purpose flour (10 ounces),1/2 teaspoon baking powder,1/2 teaspoon salt,Tastes of Lizzy T,https://www.tastesoflizzyt.com/brown-sugar-butter-cookies/,1/2 cup white granulated sugar for rolling (optional),NA,NA,NA,NA,NA,NA,NA,NA,NA,NA,NA,NA,NA,NA,NA,NA
Guava Berry Coconut Thumbprint Cookies,Julie Clark,4.86, 7 ,20 minutes,12 minutes,NA,48,12,For the Cookies:,3 1/4 cups all-purpose flour spooned into measuring cup,1/2 teaspoon salt,1 teaspoon baking powder,1 cup unsalted butter (at room temperature),8 ounces cream cheese (at room temperature),1 1/4 cups granulated sugar,Tastes of Lizzy T,https://www.tastesoflizzyt.com/guava-berry-coconut-cookies/,1 large egg,1 teaspoon vanilla extract,3/4 cup sweetened flaked coconut▢For the Guava Berry Filling:,1/3 cup strawberry jam,1/3 cup guava paste,NA,NA,NA,NA,NA,NA,NA,NA,NA,NA,NA,NA
Chunky Peanut Butter Cookies,Julie Clark,4.64, 25 ,15 minutes,10 minutes,25 minutes,30,17,1 cup butter (room temperature),2/3 cup smooth peanut butter,1 ½ cups brown sugar,½ cup dark brown sugar,1 ½ teaspoons vanilla,2 large eggs (room temperature),2 cups all purpose flour,Tastes of Lizzy T,https://www.tastesoflizzyt.com/peanut-butter-chunker-cookies/,1 cup quick cook oats,1 ½ teaspoons baking soda,1 teaspoon cornstarch,1/4 teaspoon salt,1/4 teaspoon cinnamon,1/2 cup dark chocolate chunks,1/2 cup milk chocolate chunks,1/2 cup toffee bits,1 cup pretzel pieces,1/2 cup honey roasted peanuts,NA,NA,NA,NA,NA,NA,NA
Chocolate No Bake Cookies,Julie Clark,4.84, 6 ,5 minutes,5 minutes,NA,21,9,½ cup salted butter (1 stick),½ cup whole milk,1 cup light brown sugar,1 cup granulated sugar,¼ cup cocoa powder,¾ cup creamy peanut butter,2 teaspoons vanilla extract,Tastes of Lizzy T,https://www.tastesoflizzyt.com/chocolate-no-bake-cookies/,2 cups instant oats,1 cup high quality dark chocolate (cut into chunks) (3.5 oz bar),NA,NA,NA,NA,NA,NA,NA,NA,NA,NA,NA,NA,NA,NA,NA
Chocolate Cut Out Sugar Cookies,Julie Clark,4.45, 9 ,25 minutes,12 minutes,NA,36,7,3 1/4 cups all purpose flour 422 grams,2/3 cup unsweetened cocoa powder 79 grams,1/2 teaspoon salt 3 grams,1 1/2 cups salted butter (softened) 12 ounces,1 1/2 cups granulated white sugar 300 grams,2 large eggs,2 teaspoons vanilla 10 grams,Tastes of Lizzy T,https://www.tastesoflizzyt.com/chocolate-cut-out-sugar-cookies/,NA,NA,NA,NA,NA,NA,NA,NA,NA,NA,NA,NA,NA,NA,NA,NA,NA
Cranberry Shortbread Cookies,Julie Clark,4.70, 10 ,15 minutes,NA,NA,28,7,"1 cup salted butter (softened, but not melted)",½ cup powdered sugar,2 teaspoons vanilla extract,1 ½ cups all-purpose flour,½ cup corn starch,½ cup finely chopped dried cranberries,½ cup white chocolate chips,Tastes of Lizzy T,https://www.tastesoflizzyt.com/cranberry-shortbread-cookies/,NA,NA,NA,NA,NA,NA,NA,NA,NA,NA,NA,NA,NA,NA,NA,NA,NA
Patriotic Pinwheel Cookies,Julie Clark,4.72, 7 ,20 minutes,10 minutes,NA,24,9,1 1/2 cups all-purpose flour,1/4 teaspoon baking powder,1/4 teaspoon salt,1/2 cup butter room temperature (1 stick),2/3 cup sugar,1 large egg,1 teaspoon vanilla extract,Tastes of Lizzy T,https://www.tastesoflizzyt.com/patriotic-pinwheel-cookies/,Red food coloring,Blue food coloring,NA,NA,NA,NA,NA,NA,NA,NA,NA,NA,NA,NA,NA,NA,NA
Cool Whip Cookies,Julie Clark,4.63, 407 ,10 minutes,7 minutes,17 minutes,20,4,1 box lemon cake mix (15.25 ounces or a traditional 9×13 box cake mix),2 cups frozen whipped topping (thawed),1 large egg▢To roll the cookies:,1/2 cup powdered sugar,NA,NA,NA,Tastes of Lizzy T,https://www.tastesoflizzyt.com/lemon-cool-whip-cookies/,NA,NA,NA,NA,NA,NA,NA,NA,NA,NA,NA,NA,NA,NA,NA,NA,NA
Easy Peanut Butter Cookies,Julie Clark,4.92, 12 ,10 minutes,8 minutes,18 minutes,24,4,1 cup creamy peanut butter,1 cup firmly packed brown sugar,1 large egg,1 teaspoon baking soda,NA,NA,NA,Tastes of Lizzy T,https://www.tastesoflizzyt.com/simple-peanut-butter-cookies/,NA,NA,NA,NA,NA,NA,NA,NA,NA,NA,NA,NA,NA,NA,NA,NA,NA
Starbucks Confetti Cookies,Julie Clark,4.38, 29 ,10 minutes,25 minutes,35 minutes,24,11,For the cookies:,2 3/4 cups all purpose flour 357 grams,1 teaspoon baking soda 6 grams,1/2 teaspoon baking powder 2 grams,1 cup salted butter (room temperature) 8 ounces,1 cup granulated sugar 200 grams,1 large egg,Tastes of Lizzy T,https://www.tastesoflizzyt.com/confetti-sugar-cookies/,3/4 teaspoon LorAnn Princess Cake & Cookie Bakery Emulsion 5 grams,1/2 cup coarse colored sugar crystals▢For topping:,8 ounces white chocolate bar or melting wafers (for dipping),3 tablespoons coarse colored sugar crystals (for sprinkling on top),NA,NA,NA,NA,NA,NA,NA,NA,NA,NA,NA,NA,NA
Key Lime Cookies,Julie Clark,4.56, 106 ,15 minutes,9 minutes,24 minutes,17,15,For the Cookies:,1 1/2 cup all purpose flour 195 grams,1/2 teaspoon baking soda 3 grams,1/2 teaspoon salt 4 grams,1/2 cup unsalted butter (room temperature) 4 ounces,1/4 cup granulated sugar 50 grams,1/4 cup light brown sugar 50 grams,Tastes of Lizzy T,https://www.tastesoflizzyt.com/key-lime-sugar-cookies/,1 large egg,1/2 teaspoon vanilla extract,1 teaspoon key lime zest (or zest of 1 key lime),2 1/2 tablespoons key lime juice,1/2 cup white chocolate chips 90 grams▢For the Lime Glaze:,3/4 cup powdered sugar 86 grams,1 – 1 1/2 tablespoons key lime juice,Zest from a lime to sprinkle on top,NA,NA,NA,NA,NA,NA,NA,NA,NA
Green Meringue Cookies,Julie Clark,4.67, 3 ,10 minutes,NA,55 minutes,40,5,4 large egg whites (at room temperature),¼ teaspoon lemon juice,1 cup granulated sugar,Green gel food coloring,Golden sprinkles,NA,NA,Tastes of Lizzy T,https://www.tastesoflizzyt.com/st-patricks-day-meringue-cookies/,NA,NA,NA,NA,NA,NA,NA,NA,NA,NA,NA,NA,NA,NA,NA,NA,NA
Lemon Madeleine Cookies,Julie Clark,4.84, 6 ,20 minutes,10 minutes,30 minutes,24,8,¾ cup all-purpose flour (plus extra for coating pan),1 teaspoon baking powder,pinch salt,2 large eggs,½ cup granulated sugar,Juice and zest of half a lemon,1/2 cup salted butter (melted) (plus extra for coating pan),Tastes of Lizzy T,https://www.tastesoflizzyt.com/lemon-madeleine-cookies/,Confectioners’ sugar for sprinkling,NA,NA,NA,NA,NA,NA,NA,NA,NA,NA,NA,NA,NA,NA,NA,NA
Chocolate Crinkle Cookies,Julie Clark,5, 3 ,10 minutes,NA,NA,36,9,1/2 cup shortening,4 ounces unsweetened chocolate,2 cups sugar,2 teaspoons vanilla extract,4 large eggs,2 cups all-purpose flour,2 teaspoons baking powder,Tastes of Lizzy T,https://www.tastesoflizzyt.com/chocolate-crinkle-cookies/,1/8 teaspoon salt,1 cup mini chocolate chips,NA,NA,NA,NA,NA,NA,NA,NA,NA,NA,NA,NA,NA,NA,NA
Reese’s Peanut Butter Cup Cookies,Julie Clark,4.67, 6 ,20 minutes,8 minutes,28 minutes,48,11,"1 cup salted butter room temperature, 8 ounces",1 cup creamy peanut butter 250 grams,1 cup granulated sugar 200 grams,1 cup packed brown sugar 210 grams,1 teaspoon vanilla extract 5 grams,3 large eggs,4 cups all-purpose flour 520 grams,Tastes of Lizzy T,https://www.tastesoflizzyt.com/reeses-peanut-butter-cup-cookies/,2 teaspoons baking soda 12 grams,1/4 teaspoon salt,1/2 cup granulated sugar for rolling,48 miniature Reese's Peanut Butter Cups unwrapped,NA,NA,NA,NA,NA,NA,NA,NA,NA,NA,NA,NA,NA
Frosted Eggnog Cookies,Julie Clark,4.14, 36 ,30 minutes,10 minutes,40 minutes,48,19,Ingredients,1/4 cup buttermilk,1 teaspoon baking soda,1 cup salted butter (softened),1 1/4 cups granulated sugar,3 large eggs,1/2 teaspoon salt,Tastes of Lizzy T,https://www.tastesoflizzyt.com/frosted-eggnog-cookies/,1 teaspoon vanilla extract,¾ cup eggnog,6 cups all-purpose flour (divided) (lightly spooned and leveled),1 teaspoon cinnamon,½ teaspoon ground nutmeg,1 tablespoon baking powder▢Frosting and sprinkles optional,1 cup salted butter (softened),1 1/2 teaspoons vanilla,4 cups powdered sugar,½ teaspoon cinnamon,¼ teaspoon nutmeg,3-4 tablespoons eggnog*,NA,NA,NA,NA,NA
Fruit Cake Cookie Bars,Julie Clark,4.70, 13 ,15 minutes,55 minutes,10 minutes,20,14,For the cookie bars:,2 cups pecan halves,½ cup butter (softened),1 ½ cups packed brown sugar,2 large eggs,1 teaspoon vanilla,1 cup self-rising flour,Tastes of Lizzy T,https://www.tastesoflizzyt.com/fruit-cake-cookie-bars/,Dash of salt,½ pound candied pineapple (chopped),½ pound candied cherries (chopped)▢For the Glaze:,1 cup powdered sugar,1/2 teaspoon rum extract (or ½ teaspoon vanilla extract),3 tablespoons heavy cream,2 tablespoons chopped pecans (for topping),NA,NA,NA,NA,NA,NA,NA,NA,NA,NA
Raspberry Almond Thumbprint Cookies,Julie Clark,4.84, 6 ,10 minutes,10 minutes,20 minutes,18,7,1/3 cup brown sugar,½ cup salted butter,1 large egg,½ teaspoon almond extract (or vanilla extract),1 cup all-purpose flour,¾ cup ground almonds,1/3 cup raspberry jam (for filling),Tastes of Lizzy T,https://www.tastesoflizzyt.com/raspberry-almond-thumbprint-cookies/,NA,NA,NA,NA,NA,NA,NA,NA,NA,NA,NA,NA,NA,NA,NA,NA,NA
Oatmeal Coconut Cookies,Julie Clark,4.86, 7 ,10 minutes,9 minutes,19 minutes,24,14,For the Cookies:,1 cup salted butter room temperature,1 cup granulated sugar,1 cup brown sugar packed,2 large eggs,2 teaspoons vanilla extract,1 teaspoon salt,Tastes of Lizzy T,https://www.tastesoflizzyt.com/iced-coconut-oatmeal-cookies/,1 teaspoon baking powder,1 teaspoon baking soda,2 1/2 cups all-purpose flour,2 cups old fashioned rolled oats,1 cup shredded coconut▢For the Icing:,1 cup powdered sugar,2-3 tablespoons 2% milk,NA,NA,NA,NA,NA,NA,NA,NA,NA,NA
Fruit Cake Cookies,Julie Clark,5, 1 ,10 minutes,25 minutes,35 minutes,24,10,1 ½ cups all-purpose flour,½ teaspoon cinnamon,¼ teaspoon baking soda,½ cup butter (room temperature),½ cup brown sugar,2 large eggs (room temperature),¼ cup milk,Tastes of Lizzy T,https://www.tastesoflizzyt.com/fruit-cake-cookies/,3 cups chopped mixed nuts,1 pound deluxe mixed candied fruit,½ pound candied pineapple (finely chopped),NA,NA,NA,NA,NA,NA,NA,NA,NA,NA,NA,NA,NA,NA
Ricotta Sugar Cookies,Julie Clark,4.67, 3 ,20 minutes,12 minutes,32 minutes,48,13,For the cookies:,"1 cup salted butter room temperature, 8 ounces",2 cups granulated sugar 400 grams,2 large eggs,15 ounces ricotta cheese,2 teaspoons vanilla extract 10 grams,4 cups all-purpose flour 520 grams,Tastes of Lizzy T,https://www.tastesoflizzyt.com/ricotta-cookies/,1 teaspoon baking powder 5 grams,1 teaspoon baking soda 6 grams▢For the glaze:,1 1/2 cups powdered sugar 195 grams,4-5 tablespoons heavy cream 60 grams,1/2 teaspoon vanilla extract 3 grams,1/2 cup sprinkles of any color,NA,NA,NA,NA,NA,NA,NA,NA,NA,NA,NA
Sugar Cookie Bars,Julie Clark,4.77, 13 ,20 minutes,17 minutes,37 minutes,24,14,For the Cookie Bars:,1 1/2 cups salted butter (softened) 12 ounces,2 cups granulated sugar 400 grams,4 large eggs (room temperature),1 teapsoon vanilla extract 5 grams,1 teaspoon almond extract 5 grams,5 cups all-purpose flour 650 grams,Tastes of Lizzy T,https://www.tastesoflizzyt.com/sugar-cookie-bars/,1 1/2 teaspoons salt 9 grams,1/2 teaspoon baking powder 3 grams▢For the Frosting:,1 cup butter (softened) 8 ounces,4 cups powdered sugar 520 grams,1 1/2 teaspoons vanilla extract 8 grams,3-4 tablespoons heavy cream 45-60 grams,food coloring and sprinkles (optional),NA,NA,NA,NA,NA,NA,NA,NA,NA,NA
Almond Sugar Cookies,Julie Clark,4.61, 33 ,15 minutes,8 minutes,23 minutes,36,7,1 cup salted butter (room temperature),3/4 cup granulated sugar,1 teaspoon almond extract,2 cups all-purpose flour,1/2 teaspoon baking powder,1/4 teaspoon salt,Additional sugar for rolling the cookies if desired,Tastes of Lizzy T,https://www.tastesoflizzyt.com/almond-sugar-cookies/,NA,NA,NA,NA,NA,NA,NA,NA,NA,NA,NA,NA,NA,NA,NA,NA,NA
Easy Cut Out Sugar Cookies,Julie Clark,4.70, 210 ,25 minutes,12 minutes,37 minutes,36,6,4 cups all-purpose flour 520 grams,1/2 teaspoon salt 3 grams,1 1/2 cups salted butter (room temperature) 12 ounces,1 1/2 cups granulated sugar 300 grams,2 large eggs,2 teaspoons vanilla extract 10 grams,NA,Tastes of Lizzy T,https://www.tastesoflizzyt.com/cut-out-sugar-cookies/,NA,NA,NA,NA,NA,NA,NA,NA,NA,NA,NA,NA,NA,NA,NA,NA,NA
Peanut Butter Chocolate Chip Cookies,Julie Clark,4.84, 12 ,15 minutes,10 minutes,25 minutes,30,11,1 cup salted butter (softened) 8 ounces,1 cup creamy peanut butter 240 grams,1 cup granulated sugar 200 grams,1 cup packed brown sugar 215 grams,1 teaspoon vanilla extract,3 large eggs,4 cups all-purpose flour 520 grams,Tastes of Lizzy T,https://www.tastesoflizzyt.com/peanut-butter-chocolate-chip-cookies/,2 teaspoons baking soda 10 grams,1/4 teaspoon salt,2 cups semi-sweet chocolate chips,1/4 cup granulated sugar for sprinkling,NA,NA,NA,NA,NA,NA,NA,NA,NA,NA,NA,NA,NA
Bourbon Balls,Julie Clark,5, 1 ,15 minutes,NA,15 minutes,36,7,2 cups crushed vanilla wafers,2 tablespoons cocoa powder,1 cup powdered sugar,1 cup finely chopped pecans,2 tablespoons white corn syrup,1/4 cup bourbon,1/2 cup powdered sugar (for rolling),Tastes of Lizzy T,https://www.tastesoflizzyt.com/bourbon-balls/,NA,NA,NA,NA,NA,NA,NA,NA,NA,NA,NA,NA,NA,NA,NA,NA,NA
Mexican Wedding Cookies,Julie Clark,4.74, 71 ,10 minutes,9 minutes,19 minutes,36,7,"1 cup salted butter room temperature, 8 ounces",1/2 cup powdered sugar 65 grams,2 cups all-purpose flour 260 grams,2 teaspoons vanilla extract 10 grams,1/4 teaspoon salt 1 gram,3/4 cup finely chopped pecans 98 grams▢For rolling the cookies:,"1 cup powdered sugar for rolling, 130 grams",Tastes of Lizzy T,https://www.tastesoflizzyt.com/mexican-wedding-cookies/,NA,NA,NA,NA,NA,NA,NA,NA,NA,NA,NA,NA,NA,NA,NA,NA,NA
Peanut Butter Thumbprint Cookies with Nutella® Hazelnut Spread,Julie Clark,4.67, 3 ,20 minutes,7 minutes,27 minutes,72,11,1 cup butter softened,1 cup creamy peanut butter,1 cup granulated sugar,1 cup packed brown sugar,1 teaspoon vanilla extract,3 large eggs,4 cups all-purpose flour,Tastes of Lizzy T,https://www.tastesoflizzyt.com/peanut-butter-thumbprint-cookies/,2 teaspoons baking soda,1/4 teaspoon salt,1/4 cup granulated sugar for rolling,2 jars Nutella® hazelnut spread (26 ounces),NA,NA,NA,NA,NA,NA,NA,NA,NA,NA,NA,NA,NA
Pumpkin Turtle Cookies,Julie Clark,5, 1 ,15 minutes,8 minutes,23 minutes,36,11,1/4 cup brown sugar,1/4 cup granulated sugar,1/2 cup butter softened,1/2 cup pumpkin puree,1/4 teaspoon salt,1/2 teaspoon cinnamon,1/2 teaspoon pumpkin pie spice,Tastes of Lizzy T,https://www.tastesoflizzyt.com/pumpkin-turtle-cookies-recipe/,1/2 teaspoon baking soda,11/2 cups all-purpose flour,36 Rolo chocolate candies unwrapped,36 pecan halves,NA,NA,NA,NA,NA,NA,NA,NA,NA,NA,NA,NA,NA
Brown Butter Chocolate Chip Cookies Stuffed with Nutella,Julie Clark,5, 3 ,20 minutes,11 minutes,31 minutes,24,11,2 1/4 cups all-purpose flour,1 1/4 teaspoon baking soda,1/2 teaspoon sea salt,1 cup unsalted butter,1 1/4 cups packed brown sugar,1/4 cup granulated sugar,1 large egg,Tastes of Lizzy T,https://www.tastesoflizzyt.com/brown-butter-chocolate-chip-cookies-stuffed-with-nutella-recipe/,1 large egg yolk,2 tsp vanilla extract,12 ounces semisweet chocolate chips,13 ounces Nutella hazelnut spread,NA,NA,NA,NA,NA,NA,NA,NA,NA,NA,NA,NA,NA
Refrigerated Sugar Cookies,Julie Clark,4.69, 16 ,5 minutes,12 minutes,17 minutes,26,7,3/4 cup salted butter softened,3/4 cup granulated white sugar,1 large egg,1 teaspoons vanilla,2 cups all purpose flour,Dash of nutmeg,Sprinkles,Tastes of Lizzy T,https://www.tastesoflizzyt.com/refrigerated-sugar-cookies/,NA,NA,NA,NA,NA,NA,NA,NA,NA,NA,NA,NA,NA,NA,NA,NA,NA
Frozen Yogurt Cookies,Julie Clark,5, 2 ,10 minutes,NA,10 minutes,12,3,2 cups lemon greek yogurt,1 cup plain greek yogurt,1 1/2 cups frozen strawberries diced,NA,NA,NA,NA,Tastes of Lizzy T,https://www.tastesoflizzyt.com/frozen-yogurt-cookies/,NA,NA,NA,NA,NA,NA,NA,NA,NA,NA,NA,NA,NA,NA,NA,NA,NA
Chocolate Pecan Angel Cookies,Julie Clark,5, 4 ,5 minutes,11 minutes,16 minutes,24,4,1 cup mini semi-sweet chocolate chips,1 cup chopped pecans,1 cup powdered sugar,1 large egg white,NA,NA,NA,Tastes of Lizzy T,https://www.tastesoflizzyt.com/chocolate-pecan-angel-cookies/,NA,NA,NA,NA,NA,NA,NA,NA,NA,NA,NA,NA,NA,NA,NA,NA,NA
Almond Joy Chocolate Cookies,Julie Clark,5, 2 ,15 minutes,10 minutes,25 minutes,36,14,1 cup butter softened,3/4 cup white sugar,3/4 cup brown sugar,2 large eggs,2 teaspoons vanilla extract,2 cups all-purpose flour,2/3 cup cocoa powder,Tastes of Lizzy T,https://www.tastesoflizzyt.com/almond-joy-chocolate-cookies/,3/4 teaspoon baking soda,1/4 teaspoon salt,12 fun-size Mounds bars chopped,2/3 cup mini chocolate chips▢For the toppings:,10 ounces semi-sweet chocolate chips,1/2 cup shredded coconut,1/2 cup sliced almonds,NA,NA,NA,NA,NA,NA,NA,NA,NA,NA
Patriotic Cake Mix Jello Cookies,Julie Clark,4.73, 18 ,15 minutes,13 minutes,28 minutes,24,7,1 box Pillsbury white cake mix (dry),1 small box blue raspberry jello (3 ounces),1/4 cup butter softened,4 ounces cream cheese softened,1 large egg,A few drops of blue food coloring (if desired),Vanilla Buttercream,Tastes of Lizzy T,https://www.tastesoflizzyt.com/patriotic-cake-mix-jello-cookies/,NA,NA,NA,NA,NA,NA,NA,NA,NA,NA,NA,NA,NA,NA,NA,NA,NA
Iced Chocolate Shortbread Cookies,Julie Clark,5, 1 ,20 minutes,15 minutes,35 minutes,20,7,3/4 cup salted butter softened,¾ cup powdered sugar,2 teaspoons vanilla extract,¼ cup dutch process unsweetened cocoa powder,2 tablespoons cornstarch,1 cup all-purpose flour,¾ cup dark chocolate chips for frosting,Tastes of Lizzy T,https://www.tastesoflizzyt.com/iced-chocolate-shortbread-cookies-recipe/,NA,NA,NA,NA,NA,NA,NA,NA,NA,NA,NA,NA,NA,NA,NA,NA,NA
Soft Buttermilk Sugar Cookies,Julie Clark,4.66, 35 ,20 minutes,10 minutes,30 minutes,60,10,1 cup buttermilk divided,1 teaspoon baking soda,1 cup salted butter softened,2 cups granulated sugar,3 large eggs,1/2 teaspoon salt,1 teaspoon vanilla extract,Tastes of Lizzy T,https://www.tastesoflizzyt.com/soft-buttermilk-sugar-cookies-recipe/,6 cups all-purpose flour,1 tablespoon baking powder,Frosting and sprinkles optional,NA,NA,NA,NA,NA,NA,NA,NA,NA,NA,NA,NA,NA,NA
Gender Reveal Cookies,Julie Clark,4.80, 5 ,NA,13 minutes,13 minutes,36,6,4 cups all purpose flour,1/2 teaspoon salt,1 1/2 cups salted butter softened,1 1/2 cups granulated white sugar,2 large eggs,2 teaspoons vanilla,NA,Tastes of Lizzy T,https://www.tastesoflizzyt.com/gender-reveal-cookies-recipe/,NA,NA,NA,NA,NA,NA,NA,NA,NA,NA,NA,NA,NA,NA,NA,NA,NA
Lemon Sugar Cookies,Julie Clark,4.72, 7 ,15 minutes,8 minutes,23 minutes,24,11,"1 cup salted butter room temperature, 8 ounces",1 1/2 cups granulated sugar 300 grams,1 large egg,zest of 1 lemon,1 tablespoon fresh lemon juice 15 grams,2 3/4 cups all-purpose flour 325 grams,1 teaspoon baking soda 5 grams,Tastes of Lizzy T,https://www.tastesoflizzyt.com/lemon-sugar-cookies-recipe/,1/2 teaspoon baking powder 2 grams▢For the glaze:,1 cup powdered sugar 130 grams,3 tablespoons lemon juice 30-45 grams,extra lemon zest for topping optional,NA,NA,NA,NA,NA,NA,NA,NA,NA,NA,NA,NA,NA
Crispy M&M Cookie Cups,Julie Clark,5, 1 ,25 minutes,11 minutes,36 minutes,24,16,1/2 cup brown sugar,1/2 cup white sugar,3/4 cup butter softened,1 large egg,2 teaspoons vanilla,2 cups all-purpose flour,1/4 teaspoon salt,Tastes of Lizzy T,https://www.tastesoflizzyt.com/crispy-mm-cookie-cups-recipe/,1/2 teaspoon baking soda,1 cup crisped rice cereal,1/2 cup mini chocolate chips,1 cup M&M’s® Crispy▢Buttercream:,1/2 cup butter softened,3/4 teaspoon vanilla,2 cups powdered sugar,2 tablespoons milk,M Additional &M’s® Crispy for decorating,NA,NA,NA,NA,NA,NA,NA,NA
Candied Cherry Shortbread Cookies,Julie Clark,4.67, 3 ,15 minutes,12 minutes,27 minutes,28,8,1 cup butter softened,1 cup powdered sugar,1 large egg,1 teaspoon vanilla,2 1/2 cups all-purpose flour,6 ounces candied green cherries chopped,8 ounces green Wilton candy melts if desired,Tastes of Lizzy T,https://www.tastesoflizzyt.com/candied-cherry-shortbread-cookies-recipe/,1/2 cup green nonpareils if desired,NA,NA,NA,NA,NA,NA,NA,NA,NA,NA,NA,NA,NA,NA,NA,NA
Nutella Brownie Cookies,Julie Clark,5, 1 ,20 minutes,12 minutes,32 minutes,24,10,Brownie Cookies:,19.5 oucnesa box fudge brownie mix (family size),1/4 cup butter melted,4 ounces cream cheese (softened),1 large egg▢Nutella Filling:,1 cup Nutella hazelnut spread,1 cup powdered sugar,Tastes of Lizzy T,https://www.tastesoflizzyt.com/nutella-brownie-cookies/,3-4 tablespoons heavy cream or whole milk▢Chocolate Topping:,4 ounces semi-sweet chocolate,1/2 cup dark chocolate chips optional,NA,NA,NA,NA,NA,NA,NA,NA,NA,NA,NA,NA,NA,NA
Funfetti Cookie Sandwiches,Julie Clark,5, 2 ,20 minutes,10 minutes,30 minutes,22,12,For the cookies:,1 Pillsbury Funfetti cake mix,1 large egg,4 ounces cream cheese softened,1/4 cup unsalted butter melted,Pink food coloring,3/4 cup sprinkles▢For the frosting:,Tastes of Lizzy T,https://www.tastesoflizzyt.com/funfetti-cake-mix-sandwich-cookies/,1/2 cup salted butter room temperature,3/4 teaspoon vanilla extract,2 cups powdered sugar,1/2-2 tablespoons whole milk,Food coloring,NA,NA,NA,NA,NA,NA,NA,NA,NA,NA,NA,NA
Chocolate Chip Cut Out Cookies,Julie Clark,4.80, 5 ,20 minutes,8 minutes,28 minutes,60,11,2 cups brown sugar,3/4 cup shortening,2 large eggs,pinch of salt,1 teaspoon vanilla,1/4 cup chocolate chips,2 teaspoons baking soda,Tastes of Lizzy T,https://www.tastesoflizzyt.com/chocolate-chip-cut-out-cookies/,1 cup sour cream,4-5 cups all-purpose flour,1 cup mini chocolate chips,melted chocolate or frosting for decorations,NA,NA,NA,NA,NA,NA,NA,NA,NA,NA,NA,NA,NA
Honey Roasted Chocolate Oatmeal Cookies,Julie Clark,5, 2 ,20 minutes,9 minutes,29 minutes,48,14,1 cup shortening plus 2 Tablespoons butter,1 cup firmly packed brown sugar,1/2 cup sugar,2 large eggs,1 teaspoon vanilla,1 1/2 cups plus &frac13; cup flour,1 1/2 teaspoons baking soda,Tastes of Lizzy T,https://www.tastesoflizzyt.com/honey-roasted-oatmeal-cookies/,3/4 teaspoon salt,3 cups oatmeal,1 cup milk chocolate chips,1 cup white chocolate chips,1 cup plus 2 tablespoons honey roasted peanuts,1 1/2 teaspoons cinnamon,3 semi-sweet chocolate baking squares 3 ounces,NA,NA,NA,NA,NA,NA,NA,NA,NA,NA
