title,author,rating,ratingnum,cuisine,course,preptime,cooktime,customtime,totaltime,servings,numberofsteps,totalingredients,ingredient1,ingredient2,ingredient3,ingredient4,ingredient5,ingredient6,ingredient7,ingredient8,ingredient9,ingredient10,ingredient11,ingredient12,source,link,ingredient13,ingredient14,ingredient15,ingredient16,ingredient17,ingredient18,ingredient19,ingredient20,ingredient21,ingredient22,ingredient23,ingredient24,ingredient25,ingredient26,ingredient27,ingredient28,ingredient29,ingredient30,ingredient31,ingredient32,ingredient33,ingredient34,ingredient35,ingredient36,ingredient37,ingredient38,ingredient39
Levain Chocolate Chip Cookies,Veena Azmanov,NA,NA,American,"Cookies, Dessert, Desserts",15 minutes,10 minutes,Chilling time 1 hour hr,Total Time 1 hour hr 25 minutes mins,10,9,12,360 g (3 cups) All-purpose flour,24 g (2 tbsp) Cornstarch,1 tsp Baking powder,1 tsp Baking soda,1 tsp Salt,225 g (1 cup) Cold unsalted butter cut into cubes,150 g (¾ cup) Dark brown sugar packed,50 g (¼ cup) Granulated sugar,2 large Cold eggs,2 tsp Vanilla extract,400 g (2 cup) Chocolate chips Semi-sweet and Dark mixed,200 g (2 cups) Walnuts roughly chopped,Veena Azmanov Kitchen,https://veenaazmanov.com/levain-chocolate-chip-cookies/,NA,NA,NA,NA,NA,NA,NA,NA,NA,NA,NA,NA,NA,NA,NA,NA,NA,NA,NA,NA,NA,NA,NA,NA,NA,NA,NA
Bakery Style Chocolate Chip Cookies,Veena Azmanov,5, 1 ,American,"Cookies, Dessert, Desserts",10 minutes,10 minutes,NA,Total Time 20 minutes mins,12,6,10,½ cup (113.5 g) Unsalted butter melted and slightly cooled,¼ cup (50 g) Granulated sugar (white),½ cup (110 g) Dark brown sugar packed,1 large Egg,1 tsp Vanilla extract,1½ cups (190 g) All-purpose flour,½ tsp Baking soda,½ tsp Sea salt,¾ cup (130 g) Chopped chocolate (bittersweet or semi-sweet),Flaky sea salt for topping,NA,NA,Veena Azmanov Kitchen,https://veenaazmanov.com/bakery-style-chocolate-chip-cookies/,NA,NA,NA,NA,NA,NA,NA,NA,NA,NA,NA,NA,NA,NA,NA,NA,NA,NA,NA,NA,NA,NA,NA,NA,NA,NA,NA
Red Velvet Chocolate Chip Cookies,Veena Azmanov,NA,NA,American,"Cookies, Dessert, Desserts",10 minutes,12 minutes,NA,Total Time 22 minutes mins,12,11,12,1 ½ cups (190 g) All-purpose flour,1 ½ tbsp (7 g) Cocoa powder,½ tsp Baking soda,¼ tsp Salt,½ cup (113 g) Unsalted butter softened,½ cup (100 g) Granulated white sugar,¼ cup (55 g) Brown sugar packed,1 large Egg,1 tsp vanilla extract,1 tbsp Red food coloring,1 tsp Vinegar or lemon juice,1 cup White chocolate chips for topping plus more for the top,Veena Azmanov Kitchen,https://veenaazmanov.com/red-velvet-chocolate-chip-cookies/,NA,NA,NA,NA,NA,NA,NA,NA,NA,NA,NA,NA,NA,NA,NA,NA,NA,NA,NA,NA,NA,NA,NA,NA,NA,NA,NA
Red Velvet Sugar Cookies,Veena Azmanov,5, 1 ,American,"Cookies, Dessert",10 minutes,12 minutes,NA,Total Time 22 minutes mins,24,10,12,1 ¾ cups (220 g) All-purpose flour,1 ½ tbsp (7 g) Cocoa powder,½ tsp Baking soda,¼ tsp Salt,½ cup (113 g) Unsalted butter softened,½ cup (100 g) Granulated white sugar,¼ cup (55 g) Brown sugar packed,1 large Egg,1 tsp vanilla extract,1 tbsp Red food coloring,1 tsp Vinegar or lemon juice,½ cup (90 g) White chocolate chips for topping as desired,Veena Azmanov Kitchen,https://veenaazmanov.com/red-velvet-sugar-cookies/,NA,NA,NA,NA,NA,NA,NA,NA,NA,NA,NA,NA,NA,NA,NA,NA,NA,NA,NA,NA,NA,NA,NA,NA,NA,NA,NA
Lemon Thumbprint Cookies,Veena Azmanov,5, 1 ,European,"Cookies, Dessert, Desserts",15 minutes,15 minutes,Chilling time 1 hour hr,Total Time 1 hour hr 30 minutes mins,24,7,11,1 cup (227 g) Unsalted butter softened,¾ cup (90 g) Powdered sugar,2 large Egg yolks,1 tbsp Lemon juice freshly squeezed,1 tbsp Lemon zest,1 tsp Vanilla extract,2½ cups (315 g) All-purpose flour,½ tsp Baking powder,¼ tsp Salt,½ cup (113 g) Lemon curd for filling and topping,Powdered sugar for dusting,NA,Veena Azmanov Kitchen,https://veenaazmanov.com/lemon-thumbprint-cookies/,NA,NA,NA,NA,NA,NA,NA,NA,NA,NA,NA,NA,NA,NA,NA,NA,NA,NA,NA,NA,NA,NA,NA,NA,NA,NA,NA
Soft Amish Cinnamon Sugar Cookies,Veena Azmanov,5, 1 ,European,"Cookies, Dessert, Desserts",10 minutes,10 minutes,NA,Total Time 20 minutes mins,24,10,12,½ cup (113 g) Unsalted butter softened,½ cup (112 g) Cooking oil,½ cup (100 g) Granulated sugar,½ cup (60 g) Powdered sugar,1 tsp Vanilla extract,1 large Egg,2 cups (250 g) All-purpose flour,½ tsp Baking soda,¼ tsp Salt,½ tsp Cream of tartar,2 tbsp (16 g) Cinnamon,½ cup (100 g) Granulated sugar,Veena Azmanov Kitchen,https://veenaazmanov.com/soft-amish-cinnamon-sugar-cookies/,NA,NA,NA,NA,NA,NA,NA,NA,NA,NA,NA,NA,NA,NA,NA,NA,NA,NA,NA,NA,NA,NA,NA,NA,NA,NA,NA
Churro Bars Recipe,Veena Azmanov,NA,NA,European,"Dessert, Desserts",20 minutes,25 minutes,NA,Total Time 45 minutes mins,16,8,10,226 g (1 cups) Unsalted butter browned,200 g (1 cups) White granulated sugar,165 g (¾ cups) Light brown sugar packed,2 large Eggs,2 tsp Vanilla extract,2 tsp Baking powder,½ tsp Salt,310 g (2½ cups) All-purpose flour,50 g (¼ cups) White granulated sugar,1 tsp ground cinnamon,NA,NA,Veena Azmanov Kitchen,https://veenaazmanov.com/churros-bars/,NA,NA,NA,NA,NA,NA,NA,NA,NA,NA,NA,NA,NA,NA,NA,NA,NA,NA,NA,NA,NA,NA,NA,NA,NA,NA,NA
Cranberry Pistachio Biscotti,Veena Azmanov,5, 2 ,Italian,"Cookies, Dessert, Desserts",15 minutes,40 minutes,NA,Total Time 55 minutes mins,30,10,11,2 cups (250 g) All-purpose flour,¾ cup (150 g) Granulated sugar,1 tsp Baking powder,½ tsp Baking soda,¼ tsp Salt,2 large Eggs,¼ cup (60 ml) Vegetable oil,1 tsp Vanilla extract,½ tsp Orange extract,1 cup (125 g) Whole pistachios,¾ cup (100 g) Dried cranberries,NA,Veena Azmanov Kitchen,https://veenaazmanov.com/cranberry-pistachio-biscotti/,NA,NA,NA,NA,NA,NA,NA,NA,NA,NA,NA,NA,NA,NA,NA,NA,NA,NA,NA,NA,NA,NA,NA,NA,NA,NA,NA
Brown Sugar Shortbread,Veena Azmanov,5, 3 ,American,"Dessert, Desserts",4 minutes,10 minutes,Chilling time 1 hour hr,NA,16,9,5,1 cup (227 g) Butter (unsalted softened),½ cup (110 g) Dark Brown Sugar,¼ tsp Salt,1 tsp Vanilla Extract,2 cups (250 g) All-Purpose Flour,NA,NA,NA,NA,NA,NA,NA,Veena Azmanov Kitchen,https://veenaazmanov.com/brown-sugar-shortbread/,NA,NA,NA,NA,NA,NA,NA,NA,NA,NA,NA,NA,NA,NA,NA,NA,NA,NA,NA,NA,NA,NA,NA,NA,NA,NA,NA
Chocolate Linzer Cookies,Veena Azmanov,NA,NA,International,"Cookies, Dessert, Desserts",15 minutes,12 minutes,Chilling time 1 hour hr,Total Time 1 hour hr 27 minutes mins,24,7,14,160 g (1¼ c) All-purpose flour,45 g (½ c) Unsweetened cocoa powder,50 g (½ cups) Almond flour,100 cup (½ c) Sugar Castor or fine grain,170 cup (¾ c) Unsalted butter cold cubed,1 large Egg yolk,1 tsp Vanilla extract,¼ tsp Salt,113 g (4 oz) Dark chocolate chopped,60 ml (¼ cup) Heavy cream,30 g (2 tbsp) Butter,113 g (4 oz) Dark chocolate melted (for topping),Veena Azmanov Kitchen,https://veenaazmanov.com/chocolate-linzer-cookies/,½ cup Chopped pistachios,2 tbsp Dried rose petals,NA,NA,NA,NA,NA,NA,NA,NA,NA,NA,NA,NA,NA,NA,NA,NA,NA,NA,NA,NA,NA,NA,NA,NA,NA
Soft Amish Cookies,Veena Azmanov,4, 1 ,European,"Cookies, Dessert, Desserts",10 minutes,10 minutes,NA,Total Time 20 minutes mins,24,7,10,½ cup (113.5 g) Unsalted butter softened,½ cup (110 g) Cooking oil,½ cup (100 g) Granulated sugar,½ cup (60 g) Powdered sugar,1 tsp Vanilla extract,1 large Egg,2 cups (250 g) All-purpose flour,½ tsp Baking soda,¼ tsp Salt,½ tsp Cream of tartar,NA,NA,Veena Azmanov Kitchen,https://veenaazmanov.com/soft-amish-cookies/,NA,NA,NA,NA,NA,NA,NA,NA,NA,NA,NA,NA,NA,NA,NA,NA,NA,NA,NA,NA,NA,NA,NA,NA,NA,NA,NA
Churros Cookies,Veena Azmanov,NA,NA,European,"Dessert, Desserts",20 minutes,25 minutes,NA,Total Time 45 minutes mins,16,12,15,1 cup (227 g) Unsalted butter browned,1 cup (200 g) White granulated sugar,¾ cup (165 g) Light brown sugar packed,2 large Eggs,2 tsp Vanilla extract,2 tsp Baking powder,½ tsp Salt,2½ cups (310 g) All-purpose flour,¼ cup (50 g) White granulated sugar,1 tsp ground cinnamon,½ cup (113.5 g) Unsalted Butter room temperature,1½ cup (180 g) Powdered Sugar,Veena Azmanov Kitchen,https://veenaazmanov.com/churros-cookies/,1 tsp Ground Cinnamon,1 – 2 tbsp Milk,1 tsp Vanilla extract,NA,NA,NA,NA,NA,NA,NA,NA,NA,NA,NA,NA,NA,NA,NA,NA,NA,NA,NA,NA,NA,NA,NA,NA
Lemon Curd Cookies,Veena Azmanov,NA,NA,International,"Cookies, Dessert, Desserts",15 minutes,15 minutes,Chilling time 1 hour hr,Total Time 1 hour hr 30 minutes mins,24,10,12,1 cup (227 g) Unsalted butter softened,½ cup (60 g) Powdered sugar,2 large Egg yolks,1 tbsp (15 ml) Lemon juice freshly squeezed,1 tbsp Lemon zest,1 tsp Vanilla extract,2 cups (250 g) All-purpose flour,½ tsp Baking powder,¼ tsp Salt,½ cup (113 g) Lemon curd for topping,1 cup (120 g) Powdered sugar,2-3 tbsp (30-45 ml) Lemon juice freshly squeezed,Veena Azmanov Kitchen,https://veenaazmanov.com/lemon-curd-cookies/,NA,NA,NA,NA,NA,NA,NA,NA,NA,NA,NA,NA,NA,NA,NA,NA,NA,NA,NA,NA,NA,NA,NA,NA,NA,NA,NA
Classic Blondies Recipe,Veena Azmanov,NA,NA,International,"bars, Dessert",20 minutes,30 minutes,NA,Total Time 50 minutes mins,16,6,11,1 cup (227 g) Unsalted butter almost melted,½ cup (100 g) White sugar,1 cup (220 g) Brown sugar packed,2 large Eggs,2 tsp Vanilla extract,2 cups (250 g) All-purpose flour,1 tsp Baking powder,½ tsp Baking soda,¼ tsp Salt,1 cup (180 g) Chocolate chips,1 cup (100 g) Chopped pecans or walnuts,NA,Veena Azmanov Kitchen,https://veenaazmanov.com/classic-blondies-recipe/,NA,NA,NA,NA,NA,NA,NA,NA,NA,NA,NA,NA,NA,NA,NA,NA,NA,NA,NA,NA,NA,NA,NA,NA,NA,NA,NA
Brown Sugar Shortbread Cookies,Veena Azmanov,5, 5 ,European,"Dessert, Desserts",4 minutes,10 minutes,Chilling time 1 hour hr,NA,16,7,5,1 cup (227 g) Butter (unsalted softened),½ cup (110 g) Dark Brown Sugar,¼ tsp Salt,1 tsp Vanilla Extract,2 cups (250 g) All-Purpose Flour,NA,NA,NA,NA,NA,NA,NA,Veena Azmanov Kitchen,https://veenaazmanov.com/brown-sugar-shortbread-cookies/,NA,NA,NA,NA,NA,NA,NA,NA,NA,NA,NA,NA,NA,NA,NA,NA,NA,NA,NA,NA,NA,NA,NA,NA,NA,NA,NA
Cinnamon Sugar Blondies,Veena Azmanov,NA,NA,International,"bars, Dessert",10 minutes,30 minutes,NA,Total Time 40 minutes mins,16,7,14,1 cup (227 g) Unsalted butter almost melted,1 cup (200 g) White sugar,½ cup (110 g) Brown sugar packed,2 large Eggs,2 tsp Vanilla extract,2 cups (250 g) All-purpose flour,1 tsp Baking powder,½ tsp Baking soda,¼ tsp Salt,1 cup (180 g) Chocolate chips optional (white or dark),1 cup (100 g) Chopped pecans or walnuts optional,¼ cup (55 g) Melted butter,Veena Azmanov Kitchen,https://veenaazmanov.com/cinnamon-sugar-blondies/,2 tbsp (15 g) Ground cinnamon,¼ cup (50 g) Sugar,NA,NA,NA,NA,NA,NA,NA,NA,NA,NA,NA,NA,NA,NA,NA,NA,NA,NA,NA,NA,NA,NA,NA,NA,NA
Witch Finger Cookies,Veena Azmanov,NA,NA,American,"Cookies, Dessert, Desserts",20 minutes,12 minutes,Chilling time 1 hour hr,Total Time 1 hour hr 32 minutes mins,24,10,11,¾ cup (170 g) Unsalted butter softened,1 cup (120 g) Powdered sugar,2 large Egg yolks,1 tsp Vanilla extract,3 cups (375 g) All-purpose flour,1 tsp Baking powder,¼ tsp Salt,Whole almonds for nails,Red food coloring for painting,1 tsp Cocoa powder,1 tbsp (10 g) Powdered sugar (for dusting),NA,Veena Azmanov Kitchen,https://veenaazmanov.com/halloween-witch-finger-cookies/,NA,NA,NA,NA,NA,NA,NA,NA,NA,NA,NA,NA,NA,NA,NA,NA,NA,NA,NA,NA,NA,NA,NA,NA,NA,NA,NA
Halloween Skull Madeleines,Veena Azmanov,NA,NA,American,Dessert,10 minutes,15 minutes,chilling time 1 hour hr,Total Time 1 hour hr 25 minutes mins,12,12,12,"½ cup (113 g) Butter unsalted, melted",1¼ cup (160 g) All-purpose flour,¼ tsp Baking powder,⅛ tsp Salt,1 tsp Lemon zest,2 large Eggs,½ cup (100 g) Sugar,2 tbsp Honey,1 tsp Vanilla extract,1 tsp Lemon juice,1 cup White melted chocolate,"Pearl, silver, or gold edible dust optional",Veena Azmanov Kitchen,https://veenaazmanov.com/halloween-skull-madeleines/,NA,NA,NA,NA,NA,NA,NA,NA,NA,NA,NA,NA,NA,NA,NA,NA,NA,NA,NA,NA,NA,NA,NA,NA,NA,NA,NA
Chocolate Crinkle Cookies,Veena Azmanov,5, 5 ,International,"Cookies, Dessert, Desserts",10 minutes,12 minutes,Chilling time 2 hours hrs,Total Time 2 hours hrs 22 minutes mins,24,7,9,½ cup (120 ml) Vegetable oil,1 cup (85 g) Unsweetened cocoa powder,1½ cups (300 g) White sugar,4 large Eggs,2 tsp Vanilla extract,2 tsp Baking powder,½ tsp Salt,2 cups (250 g) All-purpose flour,1 cup (120 g) Powdered sugar (for rolling),NA,NA,NA,Veena Azmanov Kitchen,https://veenaazmanov.com/the-best-chocolate-crinkle-cookies/,NA,NA,NA,NA,NA,NA,NA,NA,NA,NA,NA,NA,NA,NA,NA,NA,NA,NA,NA,NA,NA,NA,NA,NA,NA,NA,NA
Coconut Macaroons Recipe (Gluten Free),Veena Azmanov,NA,NA,International,"Cookies, Dessert, Desserts",10 minutes,20 minutes,NA,Total Time 30 minutes mins,24,9,6,3 large (99 g) Egg Whites,1 cup (200 g) Granulated Sugar,2½ cups (210 g) Fresh Unsweetened Coconut Flakes,1 tsp Vanilla Extract,¼ tsp Salt,4 oz (113 g) Melted Chocolate semi-sweet or dark chocolate for dipping,NA,NA,NA,NA,NA,NA,Veena Azmanov Kitchen,https://veenaazmanov.com/coconut-macaroons/,NA,NA,NA,NA,NA,NA,NA,NA,NA,NA,NA,NA,NA,NA,NA,NA,NA,NA,NA,NA,NA,NA,NA,NA,NA,NA,NA
Homemade Biscotti – Crispy Almond Biscotti,Veena Azmanov,NA,NA,Italian,"Cookies, Dessert, Desserts",15 minutes,40 minutes,NA,Total Time 55 minutes mins,24,8,10,2 cups (250 g) All-purpose flour,¾ cup (150 g) Granulated sugar,½ tsp Baking soda,1 tsp Baking powder,½ tsp Salt,2 large Eggs,¼ cup (60 g) Unsalted butter (softened),1 tsp Vanilla extract,½ tsp Almond extract,1 cup (145 g) Whole almonds (with skin on),NA,NA,Veena Azmanov Kitchen,https://veenaazmanov.com/homemade-biscotti-crispy-almond-biscotti-recipe/,NA,NA,NA,NA,NA,NA,NA,NA,NA,NA,NA,NA,NA,NA,NA,NA,NA,NA,NA,NA,NA,NA,NA,NA,NA,NA,NA
Stuffed Brownie Cookies,Veena Azmanov,5, 5 ,American,Cookies,10 minutes,12 minutes,Chilling time 2 hours hrs,Total Time 2 hours hrs 22 minutes mins,18,10,12,1 cup (227 g) Unsalted butter,8 oz (226 g) Semi-sweet chocolate chopped,1 cup (220 g) Brown sugar packed,2 large Eggs,1 tsp Vanilla extract,2 cups (250 g) All-purpose flour,¼ cup (20 g) Unsweetened cocoa powder,1 tsp Baking powder,½ tsp Salt,4 oz (113 g) Cream cheese Frozen cut into 1/2 inch pieces,6 ½ inch Caramel squares,⅓ cup (100 g) Nutella 1 tbsp in each each cookie,Veena Azmanov Kitchen,https://veenaazmanov.com/stuffed-brownie-cookies/,NA,NA,NA,NA,NA,NA,NA,NA,NA,NA,NA,NA,NA,NA,NA,NA,NA,NA,NA,NA,NA,NA,NA,NA,NA,NA,NA
Brownie Cookies Recipe,Veena Azmanov,5, 12 ,American,"Cookies, Dessert, Desserts",10 minutes,10 minutes,NA,Total Time 20 minutes mins,18,5,9,1½ cups (250 g) Dark chocolate chopped,¼ cup (60 g) Unsalted butter,¼ cup (50 g) White sugar,⅓ cup (70 g) Brown sugar,2 large Eggs,1 cup (125 g) All-purpose flour,½ tsp Baking powder,¼ tsp Salt,1 tsp Vanilla extract,NA,NA,NA,Veena Azmanov Kitchen,https://veenaazmanov.com/brownie-cookies/,NA,NA,NA,NA,NA,NA,NA,NA,NA,NA,NA,NA,NA,NA,NA,NA,NA,NA,NA,NA,NA,NA,NA,NA,NA,NA,NA
Alfajores – Dulce de leche Sandwich Cookies,Veena Azmanov,5, 6 ,"Mediterranean, Spanish","Cookies, Dessert, Desserts",10 minutes,10 minutes,Chilling time 1 hour hr,Total Time 1 hour hr 20 minutes mins,24,10,10,2 cups (250 g) All-purpose flour,½ cup (65 g) Cornstarch,½ tsp Baking powder,½ tsp Salt,1 cup (227 g) Unsalted butter softened,½ cup (100 g) Granulated sugar,3 large Egg yolks,1 tsp Pure vanilla extract,1 ½ cups (339 g) Dulce de leche (store-bought or homemade),½ cup (40 g) Desiccated coconut,NA,NA,Veena Azmanov Kitchen,https://veenaazmanov.com/alfajores-cookies/,NA,NA,NA,NA,NA,NA,NA,NA,NA,NA,NA,NA,NA,NA,NA,NA,NA,NA,NA,NA,NA,NA,NA,NA,NA,NA,NA
Heart Giant Linzer Torte,Veena Azmanov,5, 7 ,European,"Cookies, Dessert, Desserts",10 minutes,15 minutes,Chilling time 30 minutes mins,Total Time 55 minutes mins,4,6,10,1½ cups (190 g) All-purpose flour,½ cup (55 g) Almond flour,½ cup (60 g) Powdered sugar,¼ tsp Salt,"½ cup (113.5 g) Cold Butter unsalted, cubed",1 tsp Vanilla extract,1 large Egg yolk,2 tbsp (30 ml) Cold water,½ cup (170 g) strawberry jam (or your preferred jam),Powdered sugar for dusting,NA,NA,Veena Azmanov Kitchen,https://veenaazmanov.com/valentine-cookie-giant-heart-torte/,NA,NA,NA,NA,NA,NA,NA,NA,NA,NA,NA,NA,NA,NA,NA,NA,NA,NA,NA,NA,NA,NA,NA,NA,NA,NA,NA
Ganache Heart Cookies,Veena Azmanov,5, 8 ,International,"Cookies, Dessert, Desserts",10 minutes,10 minutes,Chilling time 30 minutes mins,Total Time 50 minutes mins,24,13,15,1½ cups (190 g) All-purpose flour,½ cup (100 g) Granulated sugar,½ cup (55 g) Almond flour,¼ tsp Salt,½ tsp Baking powder,¼ cup (20 g) Unsweetened cocoa powder,1 cup (227 g) Cold unsalted butter cubed,1 tsp Vanilla extract,1 large Egg yolk,2 – 3 tbsp Cold water,8 oz (226 g) Semisweet or bittersweet chocolate finely chopped,½ cup (113 g) Unsalted butter,Veena Azmanov Kitchen,https://veenaazmanov.com/chocolate-heart-cookies/,½ cup (119 g) Heavy cream,1 tsp Vanilla extract,Powdered sugar for dusting,NA,NA,NA,NA,NA,NA,NA,NA,NA,NA,NA,NA,NA,NA,NA,NA,NA,NA,NA,NA,NA,NA,NA,NA
Heart Alfajores – Heart Sandwich Cookies,Veena Azmanov,5, 17 ,"Mediterranean, Spanish","Cookies, Dessert, Desserts",10 minutes,10 minutes,Chilling time 1 hour hr,Total Time 1 hour hr 20 minutes mins,24,11,10,2 cups (250 g) All-purpose flour,½ cup (65 g) Cornstarch,½ tsp Baking powder,½ tsp Salt,1 cup (227 g) Unsalted butter softened,½ cup (100 g) Granulated sugar,3 large Egg yolks,1 tsp Pure vanilla extract,1 ½ cups (339 g) Dulce de leche (store-bought or homemade),½ cup (40 g) Desiccated coconut,NA,NA,Veena Azmanov Kitchen,https://veenaazmanov.com/heart-alfajores-cookies/,NA,NA,NA,NA,NA,NA,NA,NA,NA,NA,NA,NA,NA,NA,NA,NA,NA,NA,NA,NA,NA,NA,NA,NA,NA,NA,NA
Vanilla Biscuits Recipe,Veena Azmanov,5, 8 ,American,"Cookies, Dessert, Desserts",10 minutes,10 minutes,NA,Total Time 20 minutes mins,22,9,7,"½ cup (113 g) Unsalted butter softened, room temperature",4 tbsp (60 ml) Cooking oil,½ cup (60 g) Powdered sugar,4 tbsp (30 g) Cornstarch or Almond flour,1¼ cup (155 g) All-purpose flour,½ tsp Salt,1 tsp Vanilla extract,NA,NA,NA,NA,NA,Veena Azmanov Kitchen,https://veenaazmanov.com/vanilla-biscuits-recipe/,NA,NA,NA,NA,NA,NA,NA,NA,NA,NA,NA,NA,NA,NA,NA,NA,NA,NA,NA,NA,NA,NA,NA,NA,NA,NA,NA
Marzipan Cookies Recipe,Veena Azmanov,5, 4 ,European,"Cookies, Dessert, Desserts",10 minutes,15 minutes,NA,Total Time 25 minutes mins,24,7,9,1 cup (227 g) Marzipan crumbled,½ cup (60 g) Powdered sugar,1 large Egg white,½ tsp Rose water,½ tsp Almond extract,½ tsp Vanilla extract,1½ cup (160 g) Almond flour,¼ cup (25 g) almond flakes,1 tbsp (8 g) Powdered sugar for dusting,NA,NA,NA,Veena Azmanov Kitchen,https://veenaazmanov.com/marzipan-cookies-recipe/,NA,NA,NA,NA,NA,NA,NA,NA,NA,NA,NA,NA,NA,NA,NA,NA,NA,NA,NA,NA,NA,NA,NA,NA,NA,NA,NA
Marzipan Almond Crescent Cookies,Veena Azmanov,5, 3 ,European,"Cookies, Dessert, Desserts",10 minutes,12 minutes,NA,Total Time 22 minutes mins,18,9,10,1 cup (227 g) Marzipan crumbled,½ cup (60 g) Powdered sugar,1 large Egg white,½ tsp Rose water,½ tsp Almond extract,½ tsp Vanilla extract,1½ cup (160 g) Almond flour,½ cup almond flakes,4 oz (115 g) (Semi-sweet chocolate chips or chunks),2 tbsp (16 g) Powdered sugar for dusting,NA,NA,Veena Azmanov Kitchen,https://veenaazmanov.com/marzipan-almond-crescent-cookies/,NA,NA,NA,NA,NA,NA,NA,NA,NA,NA,NA,NA,NA,NA,NA,NA,NA,NA,NA,NA,NA,NA,NA,NA,NA,NA,NA
Rose Shortbread Cookies Recipe,Veena Azmanov,5, 9 ,American,"Breakfast, brunch, High Tea",15 minutes,12 minutes,Chilling time 1 hour hr,Total Time 1 hour hr 27 minutes mins,14,10,7,2 cups (250 g) All purpose flour,½ tsp Salt,"1 cup (227 g) Unsalted butter softened, room temperature",½ cup (60 g) Powdered sugar,¼ tsp Rose extract,½ tsp Vanilla extract,8 – 10 Roses – petals separated Rehydrated or moistened with water to make them soft.,NA,NA,NA,NA,NA,Veena Azmanov Kitchen,https://veenaazmanov.com/rose-shortbread-cookies/,NA,NA,NA,NA,NA,NA,NA,NA,NA,NA,NA,NA,NA,NA,NA,NA,NA,NA,NA,NA,NA,NA,NA,NA,NA,NA,NA
Flower Cookies (Vanilla and Chocolate),Veena Azmanov,5, 18 ,American,"Cookies, Dessert, Desserts",20 minutes,12 minutes,Chilling time 1 hour hr,Total Time 1 hour hr 32 minutes mins,18,9,9,2½ cup (310 g) All-purpose flour,1 tsp Baking powder,¼ cup (30 g) Almond flower or cornstarch,½ tsp Salt,"1 cup (227 g) Unsalted butter room temperature, softened",1 cup (120 g) Powdered sugar,2 large Egg yolks,¼ tsp Vanilla extract,2 tsp Cocoa powder,NA,NA,NA,Veena Azmanov Kitchen,https://veenaazmanov.com/flower-cookies-recipe/,NA,NA,NA,NA,NA,NA,NA,NA,NA,NA,NA,NA,NA,NA,NA,NA,NA,NA,NA,NA,NA,NA,NA,NA,NA,NA,NA
Chocolate Dipped Shortbread Sticks,Veena Azmanov,5, 4 ,"European, Scottish","Cookies, Dessert, Desserts",10 minutes,15 minutes,Chilling time 15 minutes mins,Total Time 40 minutes mins,12,13,7,10 tbsp (140 g) Unsalted butter softened at room temperature,¼ cup (50 g) Granulated sugar (preferably castor) or fine-grain (if necessary pulse granulated sugar in a food processor),1 tsp Pure vanilla extract,¼ tsp Salt,1½ cup (185 g) All-purpose flour,½ cup (90 g) Semi-sweet chocolate melted,1 – 2 tbsp (15 ml) Cooking oil if necessary,NA,NA,NA,NA,NA,Veena Azmanov Kitchen,https://veenaazmanov.com/chocolate-dipped-shortbread-sticks/,NA,NA,NA,NA,NA,NA,NA,NA,NA,NA,NA,NA,NA,NA,NA,NA,NA,NA,NA,NA,NA,NA,NA,NA,NA,NA,NA
Chocolate Thumbprint Cookies,Veena Azmanov,5, 8 ,European,"Cookies, Dessert, Desserts",10 minutes,10 minutes,Chilling time 30 minutes mins,Total Time 50 minutes mins,18,12,10,1½ cups (190 g) All-purpose flour,¼ cup (20 g) Unsweetened cocoa powder,½ tsp Baking powder,¼ tsp Salt,"½ cup (113 g) Unsalted butter softened, room temperature",½ cup (60 g) Powdered sugar,1 large Egg yolk,1 tsp Vanilla extract,½ cup (90 g) Semi-sweet chocolate chips,¼ cup (120 ml) heavy cream,NA,NA,Veena Azmanov Kitchen,https://veenaazmanov.com/chocolate-thumbprint-cookies/,NA,NA,NA,NA,NA,NA,NA,NA,NA,NA,NA,NA,NA,NA,NA,NA,NA,NA,NA,NA,NA,NA,NA,NA,NA,NA,NA
Glazed lemon cookies,Veena Azmanov,5, 1 ,American,"Cookies, Dessert",10 minutes,12 minutes,Chilling time 2 hours hrs,Total Time 2 hours hrs 22 minutes mins,20,10,13,2¼ cup (280 g) All-purpose flour,½ tsp Baking powder,½ tsp Kosher salt,1 tbsp Lemon zest,2 sticks (226 g) Soft butter room temperature,¾ cup (150 g) Granulated sugar,1 tbsp Lemon juice,1 large Egg,2 drops Lemon yellow color,1 tsp Vanilla extract,1 cup (120 g) Powdered sugar,2 – 4 tbsp Lemon juice,Veena Azmanov Kitchen,https://veenaazmanov.com/glazed-lemon-cookies/,1 tbsp Lemon zest for garnish (from one lemon),NA,NA,NA,NA,NA,NA,NA,NA,NA,NA,NA,NA,NA,NA,NA,NA,NA,NA,NA,NA,NA,NA,NA,NA,NA,NA
Vanilla Crescents Recipe,Veena Azmanov,5, 2 ,European,"Cookies, Dessert, Desserts",10 minutes,15 minutes,Chilling time 15 minutes mins,Total Time 40 minutes mins,24,10,7,"1 cup (227 g) Unsalted butter softened, room temperature",½ cup (60 g) Powdered sugar,1 tsp Vanilla extract,¼ tsp Salt,2 cups (250 g) all-purpose flour,½ cup (60 g) Almond flour,2 tbsp (16 g) Powdered sugar,NA,NA,NA,NA,NA,Veena Azmanov Kitchen,https://veenaazmanov.com/vanilla-crescents/,NA,NA,NA,NA,NA,NA,NA,NA,NA,NA,NA,NA,NA,NA,NA,NA,NA,NA,NA,NA,NA,NA,NA,NA,NA,NA,NA
Thumbprint Cookies,Veena Azmanov,5, 2 ,American,"Cookies, Dessert",10 minutes,10 minutes,NA,NA,24,9,9,1½ cup (190 g) All-purpose flour,½ tsp Baking powder,2 tbsp (16 g) Cornstarch,½ tsp Salt,½ cup (113.5 g) Unsalted butter soft room temperature,½ cup (60 g) Powdered sugar,1 large Egg yolk,1 tsp Vanilla extract,½ cup (170 g) Jam of choice,NA,NA,NA,Veena Azmanov Kitchen,https://veenaazmanov.com/thumbprint-cookies/,NA,NA,NA,NA,NA,NA,NA,NA,NA,NA,NA,NA,NA,NA,NA,NA,NA,NA,NA,NA,NA,NA,NA,NA,NA,NA,NA
Danish Butter Cookies (Piped Butter Cookies),Veena Azmanov,5, 14 ,European,"Cookies, Dessert, Desserts",10 minutes,10 minutes,Chilling time 15 minutes mins,Total Time 35 minutes mins,20,11,9,"1 cup (227 g) Unsalted butter softened, room temperature",½ cup (100 g) Granulated sugar,1 large Egg or 2 egg yolks,2 cups (250 g) All-purpose flour,½ tsp Salt,1 tsp Vanilla extract,2 tbsp (30 ml) Whole milk,½ cup (90 g) Melted chocolate,2 tbsp (24 g) Granulated sugar or sanding sugar,NA,NA,NA,Veena Azmanov Kitchen,https://veenaazmanov.com/danish-butter-cookies/,NA,NA,NA,NA,NA,NA,NA,NA,NA,NA,NA,NA,NA,NA,NA,NA,NA,NA,NA,NA,NA,NA,NA,NA,NA,NA,NA
Scottish Shortbread Recipe,Veena Azmanov,4.77, 21 ,European,"Cookies, Dessert, Desserts",10 minutes,25 minutes,Chilling time 15 minutes mins,Total Time 50 minutes mins,16,10,5,1 cup (227 g) Unsalted butter at room temperature,½ cup (100 g) Castor sugar super fine sugar (if necessary pulse granulated sugar in a food processor),1 tsp Pure vanilla extract,¼ tsp Salt,2 cups (250 g) All-purpose flour,NA,NA,NA,NA,NA,NA,NA,Veena Azmanov Kitchen,https://veenaazmanov.com/scottish-shortbread-recipe/,NA,NA,NA,NA,NA,NA,NA,NA,NA,NA,NA,NA,NA,NA,NA,NA,NA,NA,NA,NA,NA,NA,NA,NA,NA,NA,NA
Coconut Almond Cookies GF,Veena Azmanov,5, 3 ,American,"Cookies, Dessert",10 minutes,15 minutes,NA,Total Time 25 minutes mins,20,9,9,1 ½ cups (170 g) Almond flour,½ cup (40 g) Desiccated coconut or almond flour,½ tsp Baking powder,¼ tsp Kosher salt,½ cup (113 g) Unsalted butter softened,½ cup (100 g) Granulated sugar,1 large Egg,½ tsp Almond extract,½ tsp Vanilla extract,NA,NA,NA,Veena Azmanov Kitchen,https://veenaazmanov.com/coconut-almond-cookies/,NA,NA,NA,NA,NA,NA,NA,NA,NA,NA,NA,NA,NA,NA,NA,NA,NA,NA,NA,NA,NA,NA,NA,NA,NA,NA,NA
Lemon Sugar Cookies,Veena Azmanov,5, 2 ,American,"Cookies, Dessert",10 minutes,12 minutes,Chilling time 2 hours hrs,Total Time 2 hours hrs 22 minutes mins,24,9,11,2¾ cup (340 g) All-purpose flour,1 tsp Baking powder,½ tsp Baking soda,½ tsp Kosher salt,1 tbsp Lemon zest (from 2 lemons),1 cup (227 g) Unsalted butter soft room temperature,1½ cup (300 g) Granulated sugar,1 large Egg,2 tbsp Lemon juice,1 tsp Vanilla extract,½ cup (100 g) Granulated sugar for coating,NA,Veena Azmanov Kitchen,https://veenaazmanov.com/lemon-sugar-cookies/,NA,NA,NA,NA,NA,NA,NA,NA,NA,NA,NA,NA,NA,NA,NA,NA,NA,NA,NA,NA,NA,NA,NA,NA,NA,NA,NA
Pizookie – Skillet Chocolate Chip Cookie,Veena Azmanov,5, 13 ,American,"Breakfast, brunch, High Tea, Snack",10 minutes,25 minutes,Chilling time 1 hour hr,Total Time 1 hour hr 35 minutes mins,6,7,11,1 cup (125 g) All-purpose flour,¼ tsp Baking soda,¼ tsp Salt,½ cup (113 g) Unsalted butter room temperature,½ cup (110 g) Light brown sugar ,⅓ cup (65 g) White granulated sugar,1 large Egg,1 tbsp Vanilla extract,½ cup (90 g) Chocolate chips,¼ cup (45 g) Chocolate chips for serving,3 scoops Ice cream,NA,Veena Azmanov Kitchen,https://veenaazmanov.com/pizookie-skillet-cookie/,NA,NA,NA,NA,NA,NA,NA,NA,NA,NA,NA,NA,NA,NA,NA,NA,NA,NA,NA,NA,NA,NA,NA,NA,NA,NA,NA
Frosted Easter Chick Cookies,Veena Azmanov,5, 2 ,American,"Breakfast, brunch, High Tea",10 minutes,10 minutes,NA,Total Time 1 hour hr 20 minutes mins,36,15,12,3 ¾ cups (468 g) All-purpose flour,½ tsp Kosher salt,8 oz (226 g) Unsalted butter room temperature,1 cup (200 g) White sugar,2 large Eggs,2 tsp Vanilla extract,2 large (120 g) Pasteurized egg white,1 tsp Lemon juice,½ tsp Kosher salt,3 cups (30 g) Powdered sugar,¼ tsp Vanilla extract,2 drops Almond extract or rose extract,Veena Azmanov Kitchen,https://veenaazmanov.com/easter-chick-cookies/,NA,NA,NA,NA,NA,NA,NA,NA,NA,NA,NA,NA,NA,NA,NA,NA,NA,NA,NA,NA,NA,NA,NA,NA,NA,NA,NA
Frosted Easter Bunny Cookies,Veena Azmanov,5, 7 ,American,"Breakfast, brunch, High Tea",10 minutes,10 minutes,NA,Total Time 1 hour hr 20 minutes mins,36,15,12,3 ¾ cups (468 g) All-purpose flour,½ tsp Kosher salt,8 oz (226 g) Unsalted butter room temperature,1 cup (200 g) White sugar,2 large Eggs,2 tsp Vanilla extract,2 large (120 g) Pasteurized egg white,1 tsp Lemon juice,½ tsp Kosher salt,3 cups (30 g) Powdered sugar,¼ tsp Vanilla extract,2 drops Almond extract or rose extract,Veena Azmanov Kitchen,https://veenaazmanov.com/frosted-bunny-cookies-with-royal-icing/,NA,NA,NA,NA,NA,NA,NA,NA,NA,NA,NA,NA,NA,NA,NA,NA,NA,NA,NA,NA,NA,NA,NA,NA,NA,NA,NA
Easter Egg Sandwich Cookies,Veena Azmanov,5, 11 ,American,"Breakfast, brunch, High Tea",10 minutes,10 minutes,NA,Total Time 1 hour hr 20 minutes mins,36,11,8,3 ¾ cups (468 g) All-purpose flour,½ tsp Kosher salt,8 oz (226 g) Unsalted butter room temperature,1 cup (200 g) White sugar,2 large Eggs,2 tsp Vanilla extract,½ cup (120 g) Apricot jam or lemon curd,¼ cup (30 g) Powdered sugar,NA,NA,NA,NA,Veena Azmanov Kitchen,https://veenaazmanov.com/easter-cookies-egg-sandwich-cookies/,NA,NA,NA,NA,NA,NA,NA,NA,NA,NA,NA,NA,NA,NA,NA,NA,NA,NA,NA,NA,NA,NA,NA,NA,NA,NA,NA
Chocolate Chunk Cookies,Veena Azmanov,5, 12 ,American,"Breakfast, brunch, Snacks",10 minutes,10 minutes,NA,Total Time 20 minutes mins,10,8,10,1 ½ cups (190 g) All-purpose flour,1 tbsp Cornstarch,½ tsp Baking soda,½ tsp Kosher salt,½ cup (113 g) Soft unsalted butter (soft but not melted),½ cup (110 g) Dark brown sugar,½ cup (100 g) White sugar,1 Large egg,1 tsp Vanilla extract,4 oz (110 g) Chocolate chunks 1 cup chopped,NA,NA,Veena Azmanov Kitchen,https://veenaazmanov.com/chocolate-chunk-cookies/,NA,NA,NA,NA,NA,NA,NA,NA,NA,NA,NA,NA,NA,NA,NA,NA,NA,NA,NA,NA,NA,NA,NA,NA,NA,NA,NA
Number Cakes,Veena Azmanov,5, 21 ,American,"Cake Decorating, Dessert",NA,20 minutes,Decorating time 30 minutes mins,Total Time 1 hour hr 50 minutes mins,10,11,14,2½ cups (310 g) All-purpose flour,1 cup (110 g) Almond meal or almond flour,¾ cup (90 g) Powdered sugar,"8 oz (226.8 g) Unsalted butter chilled, cubed",1 large Egg,1 tsp Vanilla extract,½ tsp Salt,1 cup (225 g) Mascarpone cheese,1 cup (240 ml) Heavy cream,2 tbsp Powdered sugar,2 tsp Vanilla extract,6 medium Strawberries,Veena Azmanov Kitchen,https://veenaazmanov.com/number-cakes-one-two-twelve/,12 – 15 Blueberries,¼ cup Colored candy,NA,NA,NA,NA,NA,NA,NA,NA,NA,NA,NA,NA,NA,NA,NA,NA,NA,NA,NA,NA,NA,NA,NA,NA,NA
Stained Glass Cookies,Veena Azmanov,5, 25 ,American,"Breakfast, High Tea",10 minutes,10 minutes,Chilling time 20 minutes mins,Total Time 40 minutes mins,20,9,14,3 cup (375 g) All-purpose flour,½ tsp Baking powder,1 tbsp Ground ginger,1 tsp Cinnamon powder,½ tsp Ground cloves,¼ tsp Nutmeg freshly grated,¼ tsp Salt,½ tsp Baking soda,"¾ cup (170 g) Butter unsalted, room temperature",¾ cup (165 g) Brown sugar light or dark,½ cup (120 ml) Molasses unsulphured,1 large Egg large,Veena Azmanov Kitchen,https://veenaazmanov.com/stained-glass-cookies/,1 tsp Vanilla extract,1 cup Candies various colors,NA,NA,NA,NA,NA,NA,NA,NA,NA,NA,NA,NA,NA,NA,NA,NA,NA,NA,NA,NA,NA,NA,NA,NA,NA
Peanut Butter Chip Cookies,Veena Azmanov,5, 1 ,American,"Dessert, Desserts",10 minutes,10 minutes,Chilling time 15 minutes mins,Total Time 35 minutes mins,18,7,12,2⅓ cup (290 g) All-purpose flour,1 tsp Baking Soda,½ tsp Baking powder,½ tsp Salt,1 tbsp Cornstarch,"1 cup (226 g) Butter unsalted, melted and cooled",1 cup (220 g) Brown sugar dark,½ cup (100 g) White sugar granulated,2 large Eggs,1 tsp Vanilla extract,1½ cup (255 g) Peanut butter chips plus more for the top,½ cup (120 g) Chocolate Chips optional,Veena Azmanov Kitchen,https://veenaazmanov.com/peanut-butter-chip-cookies/,NA,NA,NA,NA,NA,NA,NA,NA,NA,NA,NA,NA,NA,NA,NA,NA,NA,NA,NA,NA,NA,NA,NA,NA,NA,NA,NA
Gingerbread Christmas Tree Cookies Recipe,Veena Azmanov,5, 22 ,American,"Breakfast, brunch, High Tea",40 minutes,10 minutes,Resting Time 2 hours hrs,Total Time 2 hours hrs 46 minutes mins,24,11,17,3½ cups (435 g) All-purpose flour ,"10 tbsp (140 g) Butter unsalted, room temperature",¾ cup (165 g) Dark brown sugar packed,⅔ cup (160 ml) Molasses light or dark,1 large Egg,½ tsp Baking soda,½ tsp Baking powder,½ tsp Salt,1 tbsp Ground Ginger,1 tbsp Cinnamon Powder,½ tsp Ground Cloves,¼ tsp Nutmeg freshly grated,Veena Azmanov Kitchen,https://veenaazmanov.com/christmas-tree-cookies-gingerbread/,¼ tsp Orange extract (or 1 tsp orange zest),1 tsp Vanilla extract,4 cups (480 g) Powdered sugar,6 tbsp (90 ml) Milk,¼ tsp Vanilla extract,NA,NA,NA,NA,NA,NA,NA,NA,NA,NA,NA,NA,NA,NA,NA,NA,NA,NA,NA,NA,NA,NA
Christmas M and M Cookies,Veena Azmanov,5, 20 ,American,Dessert,10 minutes,10 minutes,NA,Total Time 20 minutes mins,28,6,11,3 cups (375 g) All-purpose flour,1 tsp Baking soda,¼ tsp Baking powder,½ tsp Salt,1 cup (227 g) Unsalted butter room temperature,½ cup (110 g) Granulated sugar,1 cup (100 g) Brown sugar,2 large Egg,1 tsp Vanilla extract,1 cup (400 g) Red and Green M & M candy divided,½ cup Chocolate chips semi-sweet,NA,Veena Azmanov Kitchen,https://veenaazmanov.com/christmas-mm-cookies/,NA,NA,NA,NA,NA,NA,NA,NA,NA,NA,NA,NA,NA,NA,NA,NA,NA,NA,NA,NA,NA,NA,NA,NA,NA,NA,NA
Gingerbread Sandwich Cookies,Veena Azmanov,5, 6 ,American,"Breakfast, brunch, High Tea",40 minutes,10 minutes,Chilling time 2 hours hrs,Total Time 2 hours hrs 50 minutes mins,24,11,16,3½ cups (435 g) All-purpose flour ,½ tsp Baking soda,½ tsp Baking powder,1 tbsp Ground Ginger,1 tbsp Cinnamon Powder,½ tsp Ground Cloves,¼ tsp Nutmeg freshly grated,"10 tbsp (140 g) Butter unsalted, room temperature",¾ cup (165 g) Dark brown sugar packed,⅔ cup (160 ml) Molasses light or dark,1 large Egg,½ tsp Salt,Veena Azmanov Kitchen,https://veenaazmanov.com/gingerbread-sandwich-cookies/,¼ tsp Orange extract (or 1 tsp orange zest),1 tsp Vanilla extract,½ cup (170 g) Strawberry jam or other flavored jam,¼ cup (240 g) Powdered sugar confectioners sugar,NA,NA,NA,NA,NA,NA,NA,NA,NA,NA,NA,NA,NA,NA,NA,NA,NA,NA,NA,NA,NA,NA,NA
White Chocolate Cranberry Cookies,Veena Azmanov,5, 1 ,American,"Breakfast, Desserts, High Tea",5 minutes,10 minutes,NA,Total Time 15 minutes mins,15,7,12,2 ¼ cup (280 g) All purpose flour,2 tbsp (15 g) Cornstarch or all-purpose flour,1 tsp Baking powder,¼ tsp Salt,"½ tsp Spices cinnamon, pumpkin spice, or nutmeg",1 cup (227 g) Unsalted Butter room temperature,2 large Eggs,½ cup (100 g) White sugar,½ cup (110 g) Brown sugar,2 tsp Vanilla extract,1 cup (235 g) White chocolate chips or sweet white chocolate,1 cup (100 g) Dried cranberry,Veena Azmanov Kitchen,https://veenaazmanov.com/white-chocolate-cranberry-cookies/,NA,NA,NA,NA,NA,NA,NA,NA,NA,NA,NA,NA,NA,NA,NA,NA,NA,NA,NA,NA,NA,NA,NA,NA,NA,NA,NA
Melting Moments Cookies,Veena Azmanov,5, 8 ,American,"Cookies, Dessert",10 minutes,10 minutes,Chilling time 15 minutes mins,Total Time 35 minutes mins,24,9,7,1 cup (227 g) Unsalted Butter room temperature,6 tbsp (48 g) Powdered sugar confectioners' sugar,1½ cup (190 g) All-purpose flour,⅓ cup (40 g) Cornstarch,¼ tsp Salt,1 tsp Pure vanilla extract,½ tsp Lemon zest,NA,NA,NA,NA,NA,Veena Azmanov Kitchen,https://veenaazmanov.com/melting-moments-cookies/,NA,NA,NA,NA,NA,NA,NA,NA,NA,NA,NA,NA,NA,NA,NA,NA,NA,NA,NA,NA,NA,NA,NA,NA,NA,NA,NA
Cranberry Oatmeal Cookies with White Chocolate,Veena Azmanov,5, 2 ,American,"Breakfast, Cookies, Desserts, Snacks",15 minutes,12 minutes,Chilling time 15 minutes mins,Total Time 42 minutes mins,24,8,12,180 g (1½ cup) All-purpose flour,1 tsp Baking soda,½ tsp Salt,½ tsp Ground cinnamon (optional but lovely for winter flavor),230 g (1 cup) Unsalted butter softened to room temperature,200 g (1 cup) Packed light brown sugar,100 g (½ cup) White sugar,2 large Eggs room temperature,2 tsp Pure vanilla extract,270 g (2 cups) Old-fashioned rolled oats,120 g (¾ cup) Dried cranberries (Craisins or similar),150 g (1 cup) White chocolate chips,Veena Azmanov Kitchen,https://veenaazmanov.com/cranberry-oatmeal-cookies/,NA,NA,NA,NA,NA,NA,NA,NA,NA,NA,NA,NA,NA,NA,NA,NA,NA,NA,NA,NA,NA,NA,NA,NA,NA,NA,NA
Soft Ginger Cookies,Veena Azmanov,5, 8 ,American,"Breakfast, High Tea",10 minutes,10 minutes,Chilling time 15 minutes mins,Total Time 35 minutes mins,20,8,12,¾ cup (170 g) Butter,¾ cup (65 g) White sugar,1 Egg,½ cup (120 ml) Molasses,2 ¼ cups (280 g) All-purpose flour,1 tsp Baking soda,1 tsp Ground ginger,½ tsp Ground cinnamon,¼ tsp Ground cloves,¼ tsp Nutmeg,¼ tsp Salt,1 tsp Vanilla extract,Veena Azmanov Kitchen,https://veenaazmanov.com/soft-ginger-cookies/,NA,NA,NA,NA,NA,NA,NA,NA,NA,NA,NA,NA,NA,NA,NA,NA,NA,NA,NA,NA,NA,NA,NA,NA,NA,NA,NA
Best Peanut Butter Cookies,Veena Azmanov,5, 1 ,American,"Breakfast, High Tea",5 minutes,10 minutes,NA,Total Time 15 minutes mins,16,7,5,1 large Egg,¾ cup (150 g) Sugar,1 cup (260 g) Creamy peanut butter,1 tsp Vanilla extract optional,¼ tsp Salt optional,NA,NA,NA,NA,NA,NA,NA,Veena Azmanov Kitchen,https://veenaazmanov.com/4-ingredients-peanut-butter-cookies/,NA,NA,NA,NA,NA,NA,NA,NA,NA,NA,NA,NA,NA,NA,NA,NA,NA,NA,NA,NA,NA,NA,NA,NA,NA,NA,NA
Gingerbread Cookies Recipe,Veena Azmanov,5, 24 ,American,"Breakfast, brunch, High Tea",40 minutes,10 minutes,Resting Time 2 hours hrs,Total Time 2 hours hrs 46 minutes mins,24,10,16,3¼ cups (400 g) All-purpose flour ,¾ tsp Baking soda,1 tbsp Ground Ginger,1 tbsp Ground Cinnamon,1 tsp Ground Cloves,¼ tsp Nutmeg freshly grated,½ tsp Salt,"¾ cup (170 g) Butter unsalted, room temperature",¾ cup (165 g) Dark brown sugar packed,½ cup (170 g) Molasses (unsulfered) light or dark,1 large Egg,¼ tsp Orange extract (or 1 tsp orange zest),Veena Azmanov Kitchen,https://veenaazmanov.com/gingerbread-cookies-recipe-not-spread/,1 tsp Vanilla extract,2 cups (240 g) Powdered sugar,2 – 4 tbsp Milk,¼ tsp Vanilla extract,NA,NA,NA,NA,NA,NA,NA,NA,NA,NA,NA,NA,NA,NA,NA,NA,NA,NA,NA,NA,NA,NA,NA
Whipped Shortbread Cookies,Veena Azmanov,5, 2 ,American,"Cookies, Dessert",10 minutes,10 minutes,Chilling time 15 minutes mins,Total Time 35 minutes mins,24,5,7,1 cup (227 g) Unsalted Butter room temperature,6 tbsp (48 g) Powdered sugar confectioners' sugar,1½ cup (190 g) All-purpose flour,⅓ cup (40 g) Cornstarch,¼ tsp Salt,1 tsp Vanilla extract,½ tsp Lemon zest,NA,NA,NA,NA,NA,Veena Azmanov Kitchen,https://veenaazmanov.com/whipped-shortbread-cookies/,NA,NA,NA,NA,NA,NA,NA,NA,NA,NA,NA,NA,NA,NA,NA,NA,NA,NA,NA,NA,NA,NA,NA,NA,NA,NA,NA
Gingersnap Cookies,Veena Azmanov,5, 6 ,American,"Breakfast, High Tea",10 minutes,10 minutes,Chilling time 15 minutes mins,Total Time 35 minutes mins,20,8,11,¾ cup (170 g) Butter,¾ cup (150 g) White sugar,¼ cup (60 ml) Molasses,1 Egg,2 cups (250 g) All-purpose flour,1 tsp Baking soda,1 tsp Ground ginger,½ tsp Cinnamon,¼ tsp Salt,1 tsp Vanilla extract,½ cup (100 g) Granulated sugar for coating,NA,Veena Azmanov Kitchen,https://veenaazmanov.com/gingersnap-cookies/,NA,NA,NA,NA,NA,NA,NA,NA,NA,NA,NA,NA,NA,NA,NA,NA,NA,NA,NA,NA,NA,NA,NA,NA,NA,NA,NA
Old-Fashion Molasses Cookies,Veena Azmanov,5, 14 ,American,"Breakfast, High Tea, Snack",10 minutes,20 minutes,NA,Total Time 30 minutes mins,16,8,15,2 ¾ cups (340 g) All-Purpose Flour,1 tsp Baking Soda,½ tsp Salt,¾ cup (170 g) Unsalted Butter room temperature,½ cup (100 g) White sugar,½ cup (110 g) Light brown sugar,⅓ cup (80 ml) Molasses,1 large Egg,2 tsp Vanilla Extract,½ tsp Ground ginger,¼ tsp Ground nutmeg,½ tsp Ground cinnamon,Veena Azmanov Kitchen,https://veenaazmanov.com/old-fashion-soft-molasses-cookies/,¼ tsp Ground allspice,⅛ tsp Ground cloves,1 cup (200 g) White sugar white sugar,NA,NA,NA,NA,NA,NA,NA,NA,NA,NA,NA,NA,NA,NA,NA,NA,NA,NA,NA,NA,NA,NA,NA,NA
Chocolate Chip Cranberry Cookies,Veena Azmanov,5, 28 ,American,"Breakfast, Desserts, High Tea",5 minutes,10 minutes,NA,Total Time 15 minutes mins,15,8,12,2 ¼ cup (280 g) All purpose flour,2 tbsp (15 g) Cornstarch or all-purpose flour,1 tsp Baking soda,¼ tsp Salt,1 cup (227 g) Butter unsalted,2 large Eggs,½ cup (100 g) White sugar,½ cup (110 g) Brown sugar,"½ tsp Spices cinnamon, pumpkin spice, or nutmeg",1 cup (235 g) Chocolate chips bittersweet or semisweet,1 cup (100 g) Dried cranberry,2 tsp Vanilla extract,Veena Azmanov Kitchen,https://veenaazmanov.com/chocolate-chip-cranberry-cookies/,NA,NA,NA,NA,NA,NA,NA,NA,NA,NA,NA,NA,NA,NA,NA,NA,NA,NA,NA,NA,NA,NA,NA,NA,NA,NA,NA
Ginger Molasses Cookies,Veena Azmanov,5, 1 ,American,"Breakfast, High Tea",10 minutes,10 minutes,Chilling time 15 minutes mins,Total Time 35 minutes mins,20,8,12,¾ cup (170 g) Butter,¾ cup (65 g) White sugar,1 Egg,½ cup (120 ml) Molasses,2 ¼ cups (280 g) All-purpose flour,1 tsp Baking soda,1 tsp Ground ginger,¼ tsp Cinnamon,¼ tsp Nutmeg,¼ tsp Salt,1 tsp Vanilla extract,½ cup (100 g) Granulated sugar for coating,Veena Azmanov Kitchen,https://veenaazmanov.com/ginger-molasses-cookies/,NA,NA,NA,NA,NA,NA,NA,NA,NA,NA,NA,NA,NA,NA,NA,NA,NA,NA,NA,NA,NA,NA,NA,NA,NA,NA,NA
Snickerdoodle Cookies,Veena Azmanov,5, 6 ,American,Cookies,20 minutes,10 minutes,Chilling time 1 hour hr,Total Time 1 hour hr 20 minutes mins,18,8,10,1 cup (227 g) Unsalted Butter softened,1½ cup (150 g) Granulated sugar,1 large Egg,1 large Egg yolk,2½ cups (345 g) All-purpose flour,1 tsp Baking soda,1½ tsp Cream of Tartar,½ tsp Salt,¼ cup (50 g) Granulated sugar for coating,1 tbsp Ground cinnamon for coating,NA,NA,Veena Azmanov Kitchen,https://veenaazmanov.com/snickerdoodle-cookies-recipe/,NA,NA,NA,NA,NA,NA,NA,NA,NA,NA,NA,NA,NA,NA,NA,NA,NA,NA,NA,NA,NA,NA,NA,NA,NA,NA,NA
Buttermilk Biscuits,Veena Azmanov,5, 18 ,American,"Bread, Breakfast, Side Dish",15 minutes,NA,NA,Total Time 15 minutes mins,8,8,8,2 cups (250 g) All-purpose flour,1 tbsp Baking powder,¼ tsp Baking soda,½ tsp Salt,1 tbsp Sugar,"6 tbsp (85 g) Butter unsalted, chilled, cubed",¾ cup (180 ml) Buttermilk chilled,2 tbsp Milk for brushing the top,NA,NA,NA,NA,Veena Azmanov Kitchen,https://veenaazmanov.com/buttermilk-biscuits/,NA,NA,NA,NA,NA,NA,NA,NA,NA,NA,NA,NA,NA,NA,NA,NA,NA,NA,NA,NA,NA,NA,NA,NA,NA,NA,NA
Vanilla Madeleines,Veena Azmanov,5, 22 ,American,Dessert,10 minutes,10 minutes,Resting time 30 minutes mins,Total Time 50 minutes mins,20,11,10,"½ cup (113 g) Butter unsalted, melted",1¼ cup (160 g) All-purpose flour,¼ tsp Baking powder,⅛ tsp Salt,1 tsp Lemon zest,2 large Eggs,½ cup (100 g) Sugar,2 tbsp Honey,1 tsp Vanilla extract,1 tsp Lemon juice,NA,NA,Veena Azmanov Kitchen,https://veenaazmanov.com/recipe-for-madeleines/,NA,NA,NA,NA,NA,NA,NA,NA,NA,NA,NA,NA,NA,NA,NA,NA,NA,NA,NA,NA,NA,NA,NA,NA,NA,NA,NA
Tahini Cookies,Veena Azmanov,5, 8 ,Middle Eastern,"Breakfast, brunch, High Tea",10 minutes,10 minutes,NA,Total Time 20 minutes mins,12,6,8,½ cup (113 g) Unsalted butter room temperature,½ cup (100 g) Sugar,⅓ cup (80 g) Tahini paste raw,1 tsp Vanilla extract,1¼ cup (160 g) All-purpose flour,½ tsp Baking powder,¼ tsp Cinnamon powder,¼ tsp Salt,NA,NA,NA,NA,Veena Azmanov Kitchen,https://veenaazmanov.com/tahini-cookies/,NA,NA,NA,NA,NA,NA,NA,NA,NA,NA,NA,NA,NA,NA,NA,NA,NA,NA,NA,NA,NA,NA,NA,NA,NA,NA,NA
Eggless Chocolate Chip Cookies,Veena Azmanov,4.92, 25 ,American,"Breakfast, High Tea, Snack",5 minutes,8 minutes,NA,Total Time 13 minutes mins,12,7,10,¾ cup (170 g) Unsalted butter room temperature,¼ cup (50 g) Granulated sugar,½ cup (110 g) Brown sugar,1½ cup (190 g) All-purpose flour,½ tsp Baking powder,2 tbsp (16 g) Cornstarch,2 tbsp Water,¼ tsp Salt,2 tsp Vanilla extract,1 cup (240 g) Chocolate chips (semi-sweet or dark),NA,NA,Veena Azmanov Kitchen,https://veenaazmanov.com/best-eggless-chocolate-chip-cookies-recipe/,NA,NA,NA,NA,NA,NA,NA,NA,NA,NA,NA,NA,NA,NA,NA,NA,NA,NA,NA,NA,NA,NA,NA,NA,NA,NA,NA
Almond Coconut Macaroons (GF),Veena Azmanov,5, 25 ,"American, French","Breakfast, High Tea",10 minutes,25 minutes,NA,Total Time 35 minutes mins,24,8,5,14 oz (396 g) Condensed milk canned,3 cups (255 g) Desiccated coconut unsweetened,1 cup (112 g) Almond meal (or coconut flour),½ tsp Salt,1 tsp Vanilla extract,NA,NA,NA,NA,NA,NA,NA,Veena Azmanov Kitchen,https://veenaazmanov.com/almond-coconut-macaroons/,NA,NA,NA,NA,NA,NA,NA,NA,NA,NA,NA,NA,NA,NA,NA,NA,NA,NA,NA,NA,NA,NA,NA,NA,NA,NA,NA
Soft Chocolate Chip Cookies,Veena Azmanov,5, 78 ,American,"Breakfast, brunch, Snacks",10 minutes,10 minutes,NA,Total Time 20 minutes mins,12,9,11,½ cup (113 g) Unsalted Butter soft room temperature,½ cup (110 g) Light brown sugar packed,¼ cup (50 g) White sugar,2 large Egg yolks,1¼ cup (170 g) All-purpose flour,½ tsp Baking soda,½ tsp Salt,1 tsp Vanilla extract,1 tsp Water,"1 cup (175 g) Chocolate, chopped 60 – 70% more for the top",Flaky sea salt for the top optional,NA,Veena Azmanov Kitchen,https://veenaazmanov.com/best-ever-chocolate-chip-cookies/,NA,NA,NA,NA,NA,NA,NA,NA,NA,NA,NA,NA,NA,NA,NA,NA,NA,NA,NA,NA,NA,NA,NA,NA,NA,NA,NA
Christmas Star Cookies,Veena Azmanov,5, 6 ,"American, Austrian, French",Desserts,10 minutes,6 minutes,Chilling time 30 minutes mins,Total Time 16 minutes mins,24,13,8,2 cups (250 g) All-purpose flour,½ teaspoon Baking powder,1¼ teaspoon Salt,1 cup (227 g) Unsalted butter soft at room temperature,½ cup (60 g) Powdered sugar,1 large Egg yolk,1 tsp Vanilla extract,½ cup (170 g) Strawberry jam,NA,NA,NA,NA,Veena Azmanov Kitchen,https://veenaazmanov.com/christmas-star-cookies/,NA,NA,NA,NA,NA,NA,NA,NA,NA,NA,NA,NA,NA,NA,NA,NA,NA,NA,NA,NA,NA,NA,NA,NA,NA,NA,NA
Jam Spritz Cookies,Veena Azmanov,5, 12 ,"American, German",Desserts,10 minutes,8 minutes,NA,Total Time 18 minutes mins,24,9,11,2¼ cups (280 g) All-Purpose flour,4 tbsp (60 g) Cornstarch,½ tsp Salt,½ tsp Cinnamon ground (optional),¼ tsp Ginger ground (optional),1 cup (227 g) Butter,½ cup (100 g) Sugar granulated,1 Egg,1 tsp Vanilla extract,½ tsp Almond extract,½ cup Strawberry jam or other,NA,Veena Azmanov Kitchen,https://veenaazmanov.com/jam-spritz-cookies/,NA,NA,NA,NA,NA,NA,NA,NA,NA,NA,NA,NA,NA,NA,NA,NA,NA,NA,NA,NA,NA,NA,NA,NA,NA,NA,NA
Cheddar Cheese Biscuits,Veena Azmanov,5, 8 ,American,"Bread, Breakfast, Side Dish",15 minutes,15 minutes,NA,Total Time 30 minutes mins,6,9,11,2 cups (250 g) All-purpose flour,1 tbsp Baking powder,¼ tsp Baking soda,½ tsp Salt,1 tbsp Sugar,"6 tbsp (90 g) Butter unsalted, chilled, cubed",¾ cup (180 ml) Buttermilk or Milk,1 tbsp Rosemary Leaves finely chopped,1 tbsp Thyme leaves fiinely chopped,1 cup (115 g) Cheddar cheese grated,¼ cup (25 g) Parmesan Cheese grated,NA,Veena Azmanov Kitchen,https://veenaazmanov.com/cheddar-cheese-biscuits/,NA,NA,NA,NA,NA,NA,NA,NA,NA,NA,NA,NA,NA,NA,NA,NA,NA,NA,NA,NA,NA,NA,NA,NA,NA,NA,NA
Easy Homemade Biscuits,Veena Azmanov,5, 6 ,American,"Bread, Breakfast, Side Dish",15 minutes,15 minutes,NA,Total Time 30 minutes mins,6,8,8,2 cups (250 g) All-purpose flour,1 tbsp Baking powder,¼ tsp Baking soda,½ tsp Salt,1 tbsp Sugar,"6 tbsp (90 g) Butter unsalted, chilled, cubed",1 large Egg,½ cup (120 ml) Milk cold,NA,NA,NA,NA,Veena Azmanov Kitchen,https://veenaazmanov.com/homemade-biscuits/,NA,NA,NA,NA,NA,NA,NA,NA,NA,NA,NA,NA,NA,NA,NA,NA,NA,NA,NA,NA,NA,NA,NA,NA,NA,NA,NA
Chocolate Pistachio Cookies,Veena Azmanov,5, 1 ,"American, Middle Eastern","Cookies, Dessert, Desserts",10 minutes,10 minutes,Chilling Time 2 hours hrs,Total Time 2 hours hrs 20 minutes mins,12,8,8,1⅓ cup (170 g) All purpose flour,3 tbsp (15 g) Cocoa powder,¼ tsp Kosher salt,"½ cup (113 g) Unsalted butter unsalted, room temperature",¾ cup (150 g) Granulated sugar fine grain,¼ tsp Vanilla extract or rose extract,1 cup (123 g) Pistachios,1 – 2 tbsp Milk (if the dough is too dry),NA,NA,NA,NA,Veena Azmanov Kitchen,https://veenaazmanov.com/chocolate-pistachio-cookies/,NA,NA,NA,NA,NA,NA,NA,NA,NA,NA,NA,NA,NA,NA,NA,NA,NA,NA,NA,NA,NA,NA,NA,NA,NA,NA,NA
Pistachio Cookies,Veena Azmanov,5, 10 ,American,"Breakfast, High Tea, Snack",5 minutes,12 minutes,NA,Total Time 17 minutes mins,16,8,10,1 cup (125 g) All-purpose flour,1 tsp Baking soda,½ tsp Baking powder,¼ tsp Salt,½ cup (113 g) Unsalted butter (1 stick) room temperature,⅓ cup (65 g) White granulated sugar,½ cup (110 g) Light brown sugar,1 large (60 g) Egg,1 cup (123 g) Pistachio nuts roughly chopped,1 tsp Vanilla Extract,NA,NA,Veena Azmanov Kitchen,https://veenaazmanov.com/pistachio-cookies/,NA,NA,NA,NA,NA,NA,NA,NA,NA,NA,NA,NA,NA,NA,NA,NA,NA,NA,NA,NA,NA,NA,NA,NA,NA,NA,NA
Everyday Chocolate Chip Cookies (No Chill),Veena Azmanov,5, 11 ,American,"Dessert, Desserts",10 minutes,10 minutes,NA,Total Time 20 minutes mins,12,6,11,"½ cup (113 g) Unsalted butter melted, cooled",½ cup (110 g) Dark brown sugar,⅓ cup (65 g) Granulated sugar white,1 large Egg,1 large Egg yolk,1 tsp Vanilla extract,1½ cup (190 g) All-purpose flour,1 tbsp Cornstarch,½ tsp Baking Soda,½ Sea salt more for the top,¾ cup- (175 g) Chocolate Chip plus more for the top,NA,Veena Azmanov Kitchen,https://veenaazmanov.com/chocolate-chip-cookies-recipe/,NA,NA,NA,NA,NA,NA,NA,NA,NA,NA,NA,NA,NA,NA,NA,NA,NA,NA,NA,NA,NA,NA,NA,NA,NA,NA,NA
Hazelnut Cookies,Veena Azmanov,5, 5 ,"American, Italian","Cookies, Desserts",10 minutes,12 minutes,Chilling time 10 minutes mins,Total Time 32 minutes mins,24,10,9,1 cup (112 g) Ground Hazelnuts,1½ cups (180 g) All-purpose flour,1 tsp Baking powder,½ tsp Salt,1 cup (227 g) Butter (1 stick) unsalted room temperature,½ cup (100 g) Sugar white,½ cup (110 g) Brown sugar,1 large Egg,1 tsp Vanilla extract,NA,NA,NA,Veena Azmanov Kitchen,https://veenaazmanov.com/hazelnut-cookies-recipe/,NA,NA,NA,NA,NA,NA,NA,NA,NA,NA,NA,NA,NA,NA,NA,NA,NA,NA,NA,NA,NA,NA,NA,NA,NA,NA,NA
Condensed Milk Cookies,Veena Azmanov,4.84, 12 ,"American, French",Dessert,5 minutes,12 minutes,Chilling Time 30 minutes mins,Total Time 47 minutes mins,16,9,8,1 ⅓ cup (170 g) All-purpose flour,½ tsp Baking Powder,2 tbsp Cornstarch,¼ tsp Kosher salt,½ cup (113 g) Unsalted butter room temperature,⅓ cup (100 g) Condensed Milk,⅓ cup (65 g) Granulated sugar,½ tsp Vanilla extract,NA,NA,NA,NA,Veena Azmanov Kitchen,https://veenaazmanov.com/condensed-milk-cookies/,NA,NA,NA,NA,NA,NA,NA,NA,NA,NA,NA,NA,NA,NA,NA,NA,NA,NA,NA,NA,NA,NA,NA,NA,NA,NA,NA
Cardamom Coffee Cookies,Veena Azmanov,5, 10 ,"American, Middle Eastern",Dessert,10 minutes,12 minutes,Chilling time 10 minutes mins,Total Time 32 minutes mins,24,9,10,1 cup (227 g) Butter unsalted room temperature,½ cup (110 g) Brown sugar,½ cup (100 g) Granulated sugar,1 large Egg,2 cups (250 g) All-purpose flour,1 tsp Baking powder,¼ tsp Salt,1½ tsp Ground cardamom,1 tsp Instant coffee powder,1 tsp Vanilla extract,NA,NA,Veena Azmanov Kitchen,https://veenaazmanov.com/cardamom-coffee-cookies/,NA,NA,NA,NA,NA,NA,NA,NA,NA,NA,NA,NA,NA,NA,NA,NA,NA,NA,NA,NA,NA,NA,NA,NA,NA,NA,NA
Fudgy Chocolate Cookies,Veena Azmanov,5, 7 ,American,"Dessert, Snack",10 minutes,12 minutes,Chilling time 30 minutes mins,Total Time 52 minutes mins,18,10,10,8 oz (226 g) Chocolate,¼ cup (60 g) Unsalted Butter,½ cup (110 g) Brown sugar,2 large Eggs,½ cup (60 g) All-purpose flour,¼ tsp Baking powder,¼ tsp Baking soda,¼ tsp Salt,1 tsp Vanilla extract,½ cup (90 g) Chocolate chips optional,NA,NA,Veena Azmanov Kitchen,https://veenaazmanov.com/fudgy-chocolate-cookies/,NA,NA,NA,NA,NA,NA,NA,NA,NA,NA,NA,NA,NA,NA,NA,NA,NA,NA,NA,NA,NA,NA,NA,NA,NA,NA,NA
Chocolate Rugelach Cookies,Veena Azmanov,5, 8 ,"American, Jewish",Dessert,30 minutes,25 minutes,Chilling time 2 hours hrs,Total Time 2 hours hrs 55 minutes mins,40,26,11,6 oz (170 g) Cream cheese (3/4 cup) cold cubed,1 cup (227 g) Butter (2 sticks) cold cubed,2 cups (250 g) All-purpose flour,1 large Egg,1 tbsp Vanilla,2 tbsp Sour cream or more if necessary,2 tbsp powdered sugar,7 oz (170 g) Chocolate melted,2 tbsp butter,2 tbsp whipping cream,1 cup (150 g) Nuts chopped finely (optional),NA,Veena Azmanov Kitchen,https://veenaazmanov.com/chocolate-rugelach-cookies/,NA,NA,NA,NA,NA,NA,NA,NA,NA,NA,NA,NA,NA,NA,NA,NA,NA,NA,NA,NA,NA,NA,NA,NA,NA,NA,NA
M & M Cookies,Veena Azmanov,5, 1 ,American,Dessert,10 minutes,10 minutes,NA,Total Time 20 minutes mins,12,7,10,1 cup (227 g) Unsalted butter room temperature,¾ cup (100 g) Brown sugar,¾ cup (110 g) White sugar,2 large Egg large,3 cups (375 g) All-purpose flour,1 tsp Baking soda,¼ tsp Baking powder,½ tsp Salt,1 tsp Vanilla,2 cup (400 g) M & M candy Save some for the top.,NA,NA,Veena Azmanov Kitchen,https://veenaazmanov.com/soft-and-chewy-mm-cookies/,NA,NA,NA,NA,NA,NA,NA,NA,NA,NA,NA,NA,NA,NA,NA,NA,NA,NA,NA,NA,NA,NA,NA,NA,NA,NA,NA
Christmas Spritz Cookies – Easy Holiday Cookie Press Recipe,Veena Azmanov,5, 6 ,"American, German",Desserts,10 minutes,10 minutes,Decorating Time 30 minutes mins,Total Time 50 minutes mins,28,9,13,"1 cup (227 g) Unsalted Butter soft, room temperature",½ cup (110 g) Light brown Sugar or granulated sugar,1 large Egg,1 tsp Vanilla extract,½ tsp Almond extract,2¼ cups (280 g) All-Purpose flour,4 tbsp (60 g) Cornstarch,½ tsp Salt,½ tsp Cinnamon ground,¼ tsp Ginger ground,1 cup Powdered sugar,2 tbsp Water,Veena Azmanov Kitchen,https://veenaazmanov.com/christmas-spritz-cookies/,1 cup Sprinkles variety,NA,NA,NA,NA,NA,NA,NA,NA,NA,NA,NA,NA,NA,NA,NA,NA,NA,NA,NA,NA,NA,NA,NA,NA,NA,NA
Brown Sugar Sandwich Cookies (Soft & Chewy),Veena Azmanov,5, 4 ,"American, Austrian, French",Desserts,10 minutes,6 minutes,NA,Total Time 16 minutes mins,24,9,13,3¼ cups (400 g) All-purpose flour,¼ cup (4 tbsp) Cornstarch,½ tsp Salt,½ tsp Ground cinnamon,⅛ tsp Ground cloves (optional),⅛ tsp Ground nutmeg (optional),1 cup Unsalted butter softened,1½ cup Packed brown sugar,2 large Eggs,1 tsp Almond extract (optional),1 tsp Vanilla extract,"1 cup Your favorite jam for filling raspberry, strawberry, of other",Veena Azmanov Kitchen,https://veenaazmanov.com/brown-sugar-sandwich-cookies/,¼ cup Powdered sugar for dusting (optional),NA,NA,NA,NA,NA,NA,NA,NA,NA,NA,NA,NA,NA,NA,NA,NA,NA,NA,NA,NA,NA,NA,NA,NA,NA,NA
Cranberry Pecan Snowball Cookies,Veena Azmanov,5, 9 ,"American, Mexican",Dessert,10 minutes,10 minutes,Chilling Time 10 minutes mins,Total Time 30 minutes mins,24,8,8,1 cup (100 g) Pecans finely ground,½ cup (60 g) Cranberries dried,½ cup (113 g) Unsalted butter room temperature,1 cup (120 g) Powdered sugar confectioners sugar,1 tsp Vanilla extract,1 ¼ cup (160 g) All-purpose flour,½ tsp Salt,1 cup (120 g) Powdered sugar for dusting,NA,NA,NA,NA,Veena Azmanov Kitchen,https://veenaazmanov.com/cranberry-pecan-snowball-cookies/,NA,NA,NA,NA,NA,NA,NA,NA,NA,NA,NA,NA,NA,NA,NA,NA,NA,NA,NA,NA,NA,NA,NA,NA,NA,NA,NA
Raspberry Linzer Cookies,Veena Azmanov,5, 10 ,"American, Austrian",Dessert,10 minutes,20 minutes,Chilling Time 30 minutes mins,Total Time 1 hour hr,24,9,13,3 cups (375 g) All-purpose flour,2 tbsp (30 g) Cornstarch,8 oz (227 g) Butter unsalted – room temperature,2 cups (240 g) Powdered sugar confectioners sugar,1 Egg large,¼ tsp Salt,2 tsp Vanilla extract,¼ tsp Almond extract,⅛ tsp Rose extract,½ tsp Cinnamon powder (optional),¼ tsp Nutmeg powder (optional),1 cup (340 g) Raspberry jam for filling,Veena Azmanov Kitchen,https://veenaazmanov.com/raspberry-linzer-cookies/,2 tbsp Powdered sugar for dusting,NA,NA,NA,NA,NA,NA,NA,NA,NA,NA,NA,NA,NA,NA,NA,NA,NA,NA,NA,NA,NA,NA,NA,NA,NA,NA
Rice Flour Sugar Cookies (naturally gluten-free),Veena Azmanov,4.94, 44 ,American,Dessert,10 minutes,12 minutes,Chilling Time 1 hour hr,Total Time 1 hour hr 22 minutes mins,12,7,7,½ cup (100 g) Vegetable Shortening or butter,¾ cup (90 g) Powdered sugar,1 tsp Vanilla extract,1 tbsp Cornstarch,¼ tsp Salt,1½ cup (240 g) Rice flour,¼ cup (60 ml) Water up to 8 tbsp -if necessary,NA,NA,NA,NA,NA,Veena Azmanov Kitchen,https://veenaazmanov.com/rice-flour-sugar-cookies-gluten-free-sugar-cookies/,NA,NA,NA,NA,NA,NA,NA,NA,NA,NA,NA,NA,NA,NA,NA,NA,NA,NA,NA,NA,NA,NA,NA,NA,NA,NA,NA
Soft Almond Sugar Cookies,Veena Azmanov,5, 8 ,American,"Dessert, Snack",10 minutes,10 minutes,NA,Total Time 20 minutes mins,20,7,10,1 cup (125 g) All-purpose flour,¾ cup (85 g) Almond meal,½ tsp Baking powder,¼ tsp Salt,"½ cup (113 g) Butter unsalted, room temperature",¼ cup (50 g) White sugar,¼ cup (55 g) Brown sugar,1 Egg large,¼ tsp Almond extract,¼ tsp Vanilla extract (optional),NA,NA,Veena Azmanov Kitchen,https://veenaazmanov.com/soft-almond-sugar-cookies/,NA,NA,NA,NA,NA,NA,NA,NA,NA,NA,NA,NA,NA,NA,NA,NA,NA,NA,NA,NA,NA,NA,NA,NA,NA,NA,NA
Lemon Crinkle Cookies,Veena Azmanov,5, 7 ,American,"Dessert, Snack",10 minutes,10 minutes,Chilling Time 1 hour hr,NA,24,16,12,"½ cup (113 g) Butter (1 stick) unsalted, room temperature",1 cup (200 g) Sugar,1 Egg large,½ tsp Lemon zest,1 tbsp Lemon juice,¼ tsp Salt,¼ tsp Baking powder,1 ½ cup (190 g) All-purpose flour,1 tbsp Cornflour,1 tsp Vanilla extract,2 drop Yellow food coloring,¼ cup (30 g) Powdered sugar for coating,Veena Azmanov Kitchen,https://veenaazmanov.com/lemon-crinkle-cookies/,NA,NA,NA,NA,NA,NA,NA,NA,NA,NA,NA,NA,NA,NA,NA,NA,NA,NA,NA,NA,NA,NA,NA,NA,NA,NA,NA
Cinnamon Sugar Cookies,Veena Azmanov,5, 10 ,American,"Dessert, Snack",10 minutes,12 minutes,Chilling Time 1 hour hr,Total Time 1 hour hr 22 minutes mins,24,7,10,¾ cup (170 g) Unsalted butter softened,½ cup (100 g) White granulated sugar,½ cup (110 g) Brown sugar packed,1 large Egg,2 cups (250 g) All-purpose flour,1 tsp Baking powder,½ tsp Salt,1 tsp Ground cinnamon,¼ cup White granulated sugar,1 tsp Ground cinnamon,NA,NA,Veena Azmanov Kitchen,https://veenaazmanov.com/cinnamon-sugar-cookies/,NA,NA,NA,NA,NA,NA,NA,NA,NA,NA,NA,NA,NA,NA,NA,NA,NA,NA,NA,NA,NA,NA,NA,NA,NA,NA,NA
Pink Valentine Heart Cookies,Veena Azmanov,5, 15 ,American,"Breakfast, brunch, High Tea",10 minutes,10 minutes,NA,Total Time 20 minutes mins,18,12,11,2½ cups (310 g) All-purpose flour,2 tbsp (15 g) Cornstarch,½ tsp Baking powder,½ tsp Salt,1 cup (227 g) Unsalted butter softened,1 cup (120 g) Powdered sugar,1 large Egg (I used 2 egg yolks),1 tsp Vanilla extract,Pink food coloring,Red food coloring,Fuscia food coloring,NA,Veena Azmanov Kitchen,https://veenaazmanov.com/marbled-sugar-cookies-valentine-heart-cookies/,NA,NA,NA,NA,NA,NA,NA,NA,NA,NA,NA,NA,NA,NA,NA,NA,NA,NA,NA,NA,NA,NA,NA,NA,NA,NA,NA
Christmas Stenciled Cookies,Veena Azmanov,5, 13 ,American,Breakfast,10 minutes,12 minutes,NA,Total Time 22 minutes mins,18,6,4,1 batch (1 batch) Vanilla Sugar Cookies OR,1 batch (1 batch) Eggless Vanilla sugar cookies,4 tbsp (30 g) Cocoa powder,4 tbsp Water.,NA,NA,NA,NA,NA,NA,NA,NA,Veena Azmanov Kitchen,https://veenaazmanov.com/stenciled-christmas-sugar-cookies/,NA,NA,NA,NA,NA,NA,NA,NA,NA,NA,NA,NA,NA,NA,NA,NA,NA,NA,NA,NA,NA,NA,NA,NA,NA,NA,NA
Matcha Macarons,Veena Azmanov,5, 17 ,"French, Italian",Desserts,10 minutes,15 minutes,Resting Time 20 minutes mins,Total Time 25 minutes mins,22,7,12,100 g (3 large) Egg whites,100 g (½ cups) Granulated sugar fine grain or castor,100 g (¾ cups) Powdered sugar / Confectioners Sugar / Icing Sugar,100 g (1 cups) Almond Powder (1/2 cup),1 tsp Matcha powder,Pinch of salt,⅛ tsp Cream of tartar optional,2 – 3 drops Green gel food color optional,½ tsp Matcha powder,"100 g (4 oz) White chocolate (good quality, chopped)",60 ml (¼ cup) Heavy cream,½ tbsp Unsalted butter,Veena Azmanov Kitchen,https://veenaazmanov.com/matcha-macarons-recipe/,NA,NA,NA,NA,NA,NA,NA,NA,NA,NA,NA,NA,NA,NA,NA,NA,NA,NA,NA,NA,NA,NA,NA,NA,NA,NA,NA
Hallowed Stenciled Cookies,Veena Azmanov,5, 13 ,American,Breakfast,10 minutes,12 minutes,NA,Total Time 22 minutes mins,18,8,9,3 cups (375 g) All-purpose flour,2 tbsp (30 g) Cornstarch (cornflour),8 oz (226 g) Unsalted butter room temperature,2 cups (240 g) Powdered sugar confectioners sugar/ icing sugar,2 Eggs large,¼ tsp Kosher salt,2 tsp Vanilla extract,4 tbsp (30 g) Cocoa powder,4 tbsp Water.,NA,NA,NA,Veena Azmanov Kitchen,https://veenaazmanov.com/stenciled-halloween-sugar-cookies-video-tutorial/,NA,NA,NA,NA,NA,NA,NA,NA,NA,NA,NA,NA,NA,NA,NA,NA,NA,NA,NA,NA,NA,NA,NA,NA,NA,NA,NA
Multicolored French Macarons,Veena Azmanov,5, 20 ,French,Dessert,20 minutes,15 minutes,NA,Total Time 1 hour hr 5 minutes mins,22,8,9,100 g (3 large) Egg white,100 g (½ cups) Granulated sugar,"100 g (¾ cups) Powdered sugar (confectioners sugar, icing sugar)",100 g (1 cups) Almond meal,¼ tsp Vanilla extract (I used clear),2 large Egg whites,100 g (½ cups) Granulated sugar,"150 g (¾ cups) Butter unsalted, room temperature",1 tsp Vanilla extract,NA,NA,NA,Veena Azmanov Kitchen,https://veenaazmanov.com/french-macaron-recipe-no-fail-recipe/,NA,NA,NA,NA,NA,NA,NA,NA,NA,NA,NA,NA,NA,NA,NA,NA,NA,NA,NA,NA,NA,NA,NA,NA,NA,NA,NA
Eyeball Halloween Cookies,Veena Azmanov,5, 20 ,American,Snacks,5 minutes,12 minutes,NA,Total Time 17 minutes mins,32,9,8,"½ cup (113 g) Butter unsalted, room temperature",⅓ cup (40 g) Powdered sugar,1 cup (125 g) All-purpose flour,2 tbsp Cornstarch/cornflour,½ tsp Vanilla extract or rose,1 tsp Cocoa powder,1 tsp Butter soft room temperature,1 tsp Red gel food color,NA,NA,NA,NA,Veena Azmanov Kitchen,https://veenaazmanov.com/halloween-eyeball-cookies/,NA,NA,NA,NA,NA,NA,NA,NA,NA,NA,NA,NA,NA,NA,NA,NA,NA,NA,NA,NA,NA,NA,NA,NA,NA,NA,NA
Chocolate Shortbread Cookies,Veena Azmanov,5, 21 ,Scottish,"Cookies, Dessert, Desserts, Snack",15 minutes,10 minutes,Chilling time 30 minutes mins,Total Time 55 minutes mins,14,13,8,1 cup (227 g) Unsalted butter softened. room temperature,⅔ cup (80 g) Powdered sugar or ½ cup granulated sugar,2 cup (250 g) All purpose flour,⅓ cup (30 g) Cocoa powder,1 tsp Vanilla extract,½ cup (90 g) Melted chocolate (for coating),2 tbsp Rose petals dried,¼ cup Crushed nuts I used pistachios and pecans.,NA,NA,NA,NA,Veena Azmanov Kitchen,https://veenaazmanov.com/chocolate-shortbread-cookies/,NA,NA,NA,NA,NA,NA,NA,NA,NA,NA,NA,NA,NA,NA,NA,NA,NA,NA,NA,NA,NA,NA,NA,NA,NA,NA,NA
Blueberry Macarons,Veena Azmanov,5, 18 ,French,Dessert,40 minutes,15 minutes,NA,Total Time 55 minutes mins,25,7,12,100 g (1 cups) Almond meal,100 g (¾ cup) Powdered sugar,3 large (3.5 oz) Egg whites,100 g (½ cup) Granulated sugar fine grain,Pinch of salt,⅛ tsp Cream of tartar optional,2 drops Blue or T gel food color,125 g (4½ oz) Mascarpone cheese,50 g (½ cups) Powdered sugar,60 g (¼ cup) Heavy cream,1 tsp Vanilla extract,3 – 4 tbsp Blueberry jam Strain out excess liquid,Veena Azmanov Kitchen,https://veenaazmanov.com/blueberry-macarons-recipe-no-fail-recipe/,NA,NA,NA,NA,NA,NA,NA,NA,NA,NA,NA,NA,NA,NA,NA,NA,NA,NA,NA,NA,NA,NA,NA,NA,NA,NA,NA
Raspberry Macarons – French,Veena Azmanov,5, 14 ,French,Dessert,30 minutes,15 minutes,NA,Total Time 45 minutes mins,26,7,11,100 g (3 large) Egg whites about 3 large eggs (weigh for accuracy),100 g (½ cups) Granulated sugar,100 g (¾ cups) Powdered sugar,100 g (1 cups) Almond flour,A pinch of salt,Pink/Rose Pink gel food coloring a few drops (not liquid),125 g (4 oz) Mascarpone cheese,50 g (½ cups) Powdered sugar,½ tsp Vanilla extract,60 ml (¼ cup) Heavy cream cold,50 g (3 tbsp) Raspberry jam (thick or seedless preferred),NA,Veena Azmanov Kitchen,https://veenaazmanov.com/raspberry-macarons-no-fail-recipe-video/,NA,NA,NA,NA,NA,NA,NA,NA,NA,NA,NA,NA,NA,NA,NA,NA,NA,NA,NA,NA,NA,NA,NA,NA,NA,NA,NA
Strawberry Lemon Macarons,Veena Azmanov,5, 11 ,French,Dessert,10 minutes,18 minutes,NA,Total Time 58 minutes mins,22,7,10,100 g (3 large) Egg White (about 3 eggs),100 g (½ cups) Granulated sugar fine grain,"100 g (¾ cup) Powdered Sugar (confectioners sugar, icing sugar)",100 g (1 cup) Almond flour,¼ tsp Salt,125 g (½ cups) Mascarpone cream cheese,3 – 4 tbsp Powdered sugar,60 ml (¼ cup) Heavy cream,1 tsp Vanilla extract,½ cup (120 ml) Strawberry Jam homemade or store-bought,NA,NA,Veena Azmanov Kitchen,https://veenaazmanov.com/strawberry-lemon-french-macarons-no-fail-recipe/,NA,NA,NA,NA,NA,NA,NA,NA,NA,NA,NA,NA,NA,NA,NA,NA,NA,NA,NA,NA,NA,NA,NA,NA,NA,NA,NA
Lemon Butter Cookies,Veena Azmanov,5, 15 ,American,"Breakfast, High Tea",20 minutes,10 minutes,NA,Total Time 30 minutes mins,24,6,9,1 cup (227 g) Butter (unsalted softened),1 cup (120 g) Powdered Sugar:,2 large Egg Yolks,2 tsp Lemon Zest (zest of 2 lemons),2 tbsp Lemon Juice (freshly squeezed),1 tsp Vanilla Extract,2 ½ cups (310 g) All-Purpose Flour,1 tsp Baking Powder,¼ tsp Salt,NA,NA,NA,Veena Azmanov Kitchen,https://veenaazmanov.com/lemon-butter-cookies-zesty-lemon-cookies-recipe/,NA,NA,NA,NA,NA,NA,NA,NA,NA,NA,NA,NA,NA,NA,NA,NA,NA,NA,NA,NA,NA,NA,NA,NA,NA,NA,NA
Buttery Sprinkle Cookies,Veena Azmanov,5, 8 ,International,"Cookies, Dessert, Desserts, High Tea",15 minutes,10 minutes,Chilling time 1 hour hr,Total Time 1 hour hr 25 minutes mins,24,6,7,1 cup (227 g) Unsalted Butter soft,½ cup (100 g) Granulated sugar,1 large Egg yolk,1 tsp Vanilla extract,2 cups (250 g) All-purpose flour,½ tsp Salt,½ cup Sprinkles,NA,NA,NA,NA,NA,Veena Azmanov Kitchen,https://veenaazmanov.com/sprinkle-butter-cookies/,NA,NA,NA,NA,NA,NA,NA,NA,NA,NA,NA,NA,NA,NA,NA,NA,NA,NA,NA,NA,NA,NA,NA,NA,NA,NA,NA
Eggless Hamantaschen Cookies (strawberry),Veena Azmanov,5, 14 ,Israeli,"Breakfast, High Tea, Snack",20 minutes,14 minutes,NA,Total Time 1 hour hr 4 minutes mins,18,9,20,"½ cup (113 g) Butter unsalted, room temperature",½ cup (60 g) Powdered sugar,1 ¾ cup (220 g) All purpose flour,½ tsp Baking powder,¼ tsp Salt,2 tsp Vanilla extract,1 to 2 tbsp Water or orange juice,7 oz (200 g) Strawberries,¼ cup (50 g) White sugar,2 tbsp Cornstarch,1 tbsp Lemon juice,¼ cup (60 ml) Water,Veena Azmanov Kitchen,https://veenaazmanov.com/eggless-strawberry-hamantaschen-cookies/,Date filling,Apple pie filling,Pecan Pie filling,Halva filling,Pistachio filling,Prune filling,Poppy seed filling,"Nutella, Chocolate, Dulce de leche, Biscoff lotus",NA,NA,NA,NA,NA,NA,NA,NA,NA,NA,NA,NA,NA,NA,NA,NA,NA,NA,NA
Hamantaschen Cookies,Veena Azmanov,5, 20 ,Israeli,"Breakfast, brunch, High Tea",20 minutes,10 minutes,NA,Total Time 1 hour hr 30 minutes mins,24,13,39,2½ cups (310 g) All-purpose flour,½ cup (60 g) Powdered sugar,¼ tsp Salt,1 Orange zest,1 cup (227 g) Unsalted butter,2 tsp Vanilla extract (or orange extract),1 Egg yolk,4 tbsp Orange juice,1 large Egg large,12 oz (340 g) Medjool dates deseed and roughly chopped,¼ cup (120 ml) Orange juice,1 tbsp Lemon juice,Veena Azmanov Kitchen,https://veenaazmanov.com/hamantaschen-cookies/,1 tsp Lemon zest,¼ cup Nuts chopped,1 cup Pecan finely chopped,¼ cup Brown sugar,2 tbsp Maple syrup,1 tbsp Unsalted butter,1 tsp Vanilla extract,1 tbsp Cornstarch,2 tbsp Water,½ tsp Ground Cinnamon,2 large Apples any variety,¼ cup Sugar,1 tbsp Lemon juice,1 tbsp Cornstarch,¼ tsp Salt,½ tsp Ground cinnamon,"1 cup Halva any variety, chopped",2 tbsp Heavy cream Hot,2 tsbp Powdered sugar,½ cup Pistachio paste unsweetened,¼ cup Heavy cream,1 tsp Vanilla,½ cup Pistachios finely chopped,Nutella,Dulce de Leche,Prune filling,Poppy filling
Eggless Chocolate Sugar Cookies,Veena Azmanov,5, 13 ,"American, European, French","Breakfast, High Tea",5 minutes,10 minutes,NA,Total Time 15 minutes mins,36,11,12,8 oz (226 g) Unsalted butter (2 sticks) room temperature,2 cups (240 g) Powdered sugar,3 cups (375 g) All-purpose flour,4 tbsp (30 g) Cocoa powder,½ tsp Baking powder,1 tsp Salt,1 tsp Vanilla extract,2 – 4 tbsp Milk or water (as necessary for consistency),1 cup (120 g) Powdered sugar /confectioners sugar,4 tbsp (60 ml) Milk,2 tbsp Light corn syrup,"½ tsp Clear vanilla, or almond or rose extract",Veena Azmanov Kitchen,https://veenaazmanov.com/eggless-chocolate-sugar-cookies-recipe/,NA,NA,NA,NA,NA,NA,NA,NA,NA,NA,NA,NA,NA,NA,NA,NA,NA,NA,NA,NA,NA,NA,NA,NA,NA,NA,NA
Eggless Vanilla Sugar Cookies,Veena Azmanov,4.97, 119 ,American,"Breakfast, High Tea",5 minutes,10 minutes,NA,Total Time 30 minutes mins,36,11,11,8 oz (226 g) Unsalted butter room temperature,1 ¾ cups (210 g) Powdered sugar,3 cups (375 g) All-purpose Flour,½ tsp Baking powder,1 tsp Salt,2 – 4 tbsp Whole milk or water,1 tsp Vanilla extract,2 cups (240 g) Powdered sugar,4 tbsp (60 ml) Milk (more if needed),2 tbsp Light corn syrup,"½ tsp Flavoring Vanilla, Almond or Rose",NA,Veena Azmanov Kitchen,https://veenaazmanov.com/eggless-vanilla-sugar-cookies-recipe/,NA,NA,NA,NA,NA,NA,NA,NA,NA,NA,NA,NA,NA,NA,NA,NA,NA,NA,NA,NA,NA,NA,NA,NA,NA,NA,NA
Thin Crisp Chocolate Chip Cookies,Veena Azmanov,5, 8 ,American,"Breakfast, High Tea",5 minutes,10 minutes,NA,Total Time 15 minutes mins,12,13,11,"4 oz (113 g) Butter (1 stick) unsalted, room temperature",½ cups (110 g) Brown sugar,⅓ cup (67 g) White sugar,1 Eggs,2 tbsp water,2 tsp Vanilla extract,1 ⅓ cup (168 g) All-purpose flour,2 tbsp Cornflour,½ tsp Baking soda,¼ tsp Salt,1 cups (230 g) Chocolate chip,NA,Veena Azmanov Kitchen,https://veenaazmanov.com/thin-and-crisp-chocolate-chip-cookies/,NA,NA,NA,NA,NA,NA,NA,NA,NA,NA,NA,NA,NA,NA,NA,NA,NA,NA,NA,NA,NA,NA,NA,NA,NA,NA,NA
Gingerbread Sugar Cookies,Veena Azmanov,5, 26 ,American,"Breakfast, High Tea",10 minutes,11 minutes,NA,Total Time 1 hour hr 21 minutes mins,24,9,13,3 cups (375 g) All-purpose flour,1 tsp Ground ginger,1 tsp Ground cinnamon,¼ tsp Ground nutmeg,½ tsp Allspice,½ tsp Baking soda,¼ tsp Salt,"¾ cup (170 g) Unsalted butter room temperature, softened",1 cup (220 g) Brown sugar light or dark,½ cup (170 g) Molasses unsulphured,1 large Eggs,1 tsp Vanilla extract,Veena Azmanov Kitchen,https://veenaazmanov.com/gingerbread-sugar-cookies/,Fondant in different colors,NA,NA,NA,NA,NA,NA,NA,NA,NA,NA,NA,NA,NA,NA,NA,NA,NA,NA,NA,NA,NA,NA,NA,NA,NA,NA
Custard Cookies (Eggless),Veena Azmanov,4.99, 60 ,Indian,"Breakfast, High Tea",5 minutes,10 minutes,NA,Total Time 15 minutes mins,18,7,8,2 cups (250 g) All-purpose flour,½ cup (8 tbsp) Custard powder,¼ tsp Salt,¼ tsp Baking powder,1 cup (227 g) Unsalted butter softened,½ cup (60 g) Powdered sugar or granulated sugar,1 tsp Vanilla extract,Additional granulated sugar for dusting optional,NA,NA,NA,NA,Veena Azmanov Kitchen,https://veenaazmanov.com/custard-cookies-shortbread-cookies/,NA,NA,NA,NA,NA,NA,NA,NA,NA,NA,NA,NA,NA,NA,NA,NA,NA,NA,NA,NA,NA,NA,NA,NA,NA,NA,NA
Shortbread Stamped Cookies Recipe,Veena Azmanov,5, 135 ,"British, European, UK","Breakfast, brunch, High Tea",10 minutes,10 minutes,Chilling time 1 hour hr,Total Time 1 hour hr 20 minutes mins,24,9,8,335 g (2⅔ cups) All-purpose flour,2 tbsp Cornstarch,½ tsp Salt,226 g (1 cup) Unsalted butter room temperature,100 g (½ cup) Sugar,60 g (½ cup) Powdered sugar confectioners,1 Egg,1 tsp Vanilla extract,NA,NA,NA,NA,Veena Azmanov Kitchen,https://veenaazmanov.com/shortbread-stamped-cookies/,NA,NA,NA,NA,NA,NA,NA,NA,NA,NA,NA,NA,NA,NA,NA,NA,NA,NA,NA,NA,NA,NA,NA,NA,NA,NA,NA
Linzer Cookies,Veena Azmanov,5, 23 ,European,"Dessert, High Tea",10 minutes,10 minutes,NA,Total Time 1 hour hr 20 minutes mins,28,13,13,2 cups (250 g) All-purpose flour,½ tsp Baking powder,1 cup (110 g) Almond flour,½ tsp Salt,½ tsp Spices optional ( I used pumpkin spice and nutmeg),"1 cup (227 g) Unsalted butter softened, room temperature",1 cup (200 g) Granulated sugar,2 large Egg yolks,1 teaspoon Vanilla extract,½ teaspoon Almond extract,"Assortment of fruit jams or preserves e.g., raspberry, apricot, blackberry",Edible luster dust instead or powdered sugar or,Veena Azmanov Kitchen,https://veenaazmanov.com/classic-linzer-cookies-recipe/,Or confectioners sugar for dusting optional,NA,NA,NA,NA,NA,NA,NA,NA,NA,NA,NA,NA,NA,NA,NA,NA,NA,NA,NA,NA,NA,NA,NA,NA,NA,NA
Date Roll Cookies,Veena Azmanov,5, 47 ,Middle Eastern,"Breakfast, High Tea",20 minutes,10 minutes,NA,Total Time 30 minutes mins,36,14,15,1½ cup (180 g) All-purpose flour,2 tbsp Cornstarch or more flour,½ tsp Baking powder,½ tsp Salt,½ cup (113 g) Unsalted butter room temperature,1 cup (120 g) Powdered sugar,1 large Egg,1 tsp Vanilla extract,¼ tsp Ground cinnamon,⅛ tsp Ground nutmeg,"4 oz (110 g) Macadamia or cashews, almonds, pecans, etc",10 oz (280 g) Medjool dates,Veena Azmanov Kitchen,https://veenaazmanov.com/macadamia-date-roll-cookies/,"¼ tsp Mixed spices optional – cinnamon, nutmeg, all-spice",½ Egg,2 tbsp Water,NA,NA,NA,NA,NA,NA,NA,NA,NA,NA,NA,NA,NA,NA,NA,NA,NA,NA,NA,NA,NA,NA,NA,NA
The Best Sugar Cookies Recipe,Veena Azmanov,5, 178 ,American,"Breakfast, brunch, High Tea",10 minutes,10 minutes,NA,Total Time 1 hour hr 20 minutes mins,24,10,13,470 g (3¾ cups) All-purpose flour,½ tsp Kosher salt,226 g (1 c) Unsalted butter room temperature,200 g (1 cup) White sugar,2 large Eggs,2 tsp Vanilla extract,420 g (3⅓ cups) All purpose flour,50 g (½ cups) Cocoa powder,226 g (1 cups) Unsalted butter room temperature,200 g (1 cups) White sugar,2 large Eggs,2 tsp Vanilla extract,Veena Azmanov Kitchen,https://veenaazmanov.com/christmas-cookie-decorating-tutorial/,½ tsp Coffee powder,NA,NA,NA,NA,NA,NA,NA,NA,NA,NA,NA,NA,NA,NA,NA,NA,NA,NA,NA,NA,NA,NA,NA,NA,NA,NA
The BEST Molasses Cookie,Veena Azmanov,5, 8 ,American,"Breakfast, High Tea",5 minutes,11 minutes,NA,Total Time 16 minutes mins,20,8,14,¾ cup (170 g) Butter,⅓ cup (65 g) White sugar,½ cup (110 g) Dark Brown sugar,1 large Egg yolk,½ cup (120 ml) Molasses,2 ¼ cups (280 g) All-purpose flour,1 tsp Baking soda,1 tsp Ground ginger,¼ tsp Cinnamon,¼ tsp Nutmeg,¼ tsp Allspice,¼ tsp Salt,Veena Azmanov Kitchen,https://veenaazmanov.com/best-molasses-cookie-recipe/,1 tsp Vanilla extract,½ cup (100 g) Fine granulated sugar for coating (or sanding sugar),NA,NA,NA,NA,NA,NA,NA,NA,NA,NA,NA,NA,NA,NA,NA,NA,NA,NA,NA,NA,NA,NA,NA,NA,NA
Shortbread Cookies – 3 Ingredients,Veena Azmanov,5, 14 ,Scottish,Snack,10 minutes,10 minutes,Chilling time 30 minutes mins,Total Time 50 minutes mins,18,11,6,1 cup (227 g) Unsalted butter softened,½ cup (60 g) Powdered sugar or 1/2 cup granulated sugar,2 cups (250 g) All-purpose flour,¼ tsp Salt,1 tsp Pure vanilla extract,Additional sugar for sprinkling optional,NA,NA,NA,NA,NA,NA,Veena Azmanov Kitchen,https://veenaazmanov.com/white-shortbread-cookies/,NA,NA,NA,NA,NA,NA,NA,NA,NA,NA,NA,NA,NA,NA,NA,NA,NA,NA,NA,NA,NA,NA,NA,NA,NA,NA,NA
Halva Cookies,Veena Azmanov,5, 7 ,Middle Eastern,"Breakfast, brunch, High Tea",10 minutes,10 minutes,NA,Total Time 20 minutes mins,24,8,12,1 cup (227 g) Unsalted butter room temperature,1 cup (200 g) Sugar,1 large Egg,2 cup (250 g) All-purpose flour,1 tsp Baking powder,¼ tsp Salt,1 tsp Ground ginger (optional),½ tsp Ground cinnamon,¼ tsp Nutmeg freshly grated,1 cup (235 g) Halva grated (with or without nuts),"½ cup (70 g) Chopped nuts (pecans, walnuts, or a combination)",1 tsp Vanilla extract,Veena Azmanov Kitchen,https://veenaazmanov.com/halva-cookies/,NA,NA,NA,NA,NA,NA,NA,NA,NA,NA,NA,NA,NA,NA,NA,NA,NA,NA,NA,NA,NA,NA,NA,NA,NA,NA,NA
Lemon Macarons,Veena Azmanov,5, 29 ,French,Dessert,10 minutes,18 minutes,NA,Total Time 58 minutes mins,22,8,16,100 g (3 large) Egg white,100 g (1 cup) Almond meal,100 g (¾ cup) Powdered sugar (confectioners sugar),100 g (½ cup) Granulated sugar,½ tsp Salt,½ tsp Lemon extract,½ tsp Lemon zest (optional),⅓ cup (80 ml) Lemon juice,⅓ cup (65 g) Sugar granulated,2 large Eggs,"¼ cup (60 g) Butter room temperature, unsalted",1 tsp Lemon zest,Veena Azmanov Kitchen,https://veenaazmanov.com/lemon-french-macarons/,2 large Egg whites,100 g (0.5½ cups) Sugar granulated,"150 g (¾ cups) Unsalted butter room temperature, unsalted",1 tsp Vanilla extract,NA,NA,NA,NA,NA,NA,NA,NA,NA,NA,NA,NA,NA,NA,NA,NA,NA,NA,NA,NA,NA,NA,NA
Pink Heart Macarons,Veena Azmanov,5, 1 ,French,Dessert,20 minutes,16 minutes,Resting time 45 minutes mins,Total Time 1 hour hr 21 minutes mins,20,9,11,120 g (1¼ cups) Almond meal fine sifted),100 g (¾ cups) Powdered sugar,70 g (2 large) Egg whites (room temperature),70 g (⅓ cups) Granulated sugar,⅛ tsp Cream of tartar (optional for stability or 2 drops of lemon juice ),3 drops Pink gel food coloring,60 g (2 large) Egg whites,100 g (½ cups) Granulated sugar,150 g (⅔ cups) Unsalted butter (softened),½ tsp Vanilla extract,¼ cup strawberry jelly or clear jam,NA,Veena Azmanov Kitchen,https://veenaazmanov.com/valentine-heart-macarons/,NA,NA,NA,NA,NA,NA,NA,NA,NA,NA,NA,NA,NA,NA,NA,NA,NA,NA,NA,NA,NA,NA,NA,NA,NA,NA,NA
Orange Macarons,Veena Azmanov,5, 23 ,French,Dessert,10 minutes,15 minutes,NA,Total Time 40 minutes mins,26,9,22,100 g (3 large) Egg white,100 g (¾ cups) Powdered sugar,100 g (1 cups) Almond meal,¼ tsp Kosher salt,100 g (½ cup) Granulated sugar fine grain,¼ tsp Orange zest,2 – 4 drops Orange gel food color or powder food colors,2 large Egg whites,100 g (½ cups) Sugar granulated,150 g (¾ cups) Unsalted butter room temperature,1 tsp Vanilla extract,2 large Egg yolks,Veena Azmanov Kitchen,https://veenaazmanov.com/orange-french-macarons/,60 ml (¼ cup) Orange juice,¼ cup Sugar,1 tbsp Lemon juice,40 g (3 tbsp) Unsalted butter,Zest of an Orange,100 g (3½ oz) Dark chocolate,100 g (½ cups) Heavy cream,2 tbsp Butter,1 tsp Vanilla,Orange zest optional,NA,NA,NA,NA,NA,NA,NA,NA,NA,NA,NA,NA,NA,NA,NA,NA,NA
20 Tips to Perfect Macarons with Macaron Recipe,Veena Azmanov,5, 35 ,French,Dessert,20 minutes,15 minutes,NA,Total Time 1 hour hr 5 minutes mins,24,10,8,100 g (3 large) Egg white,35 g (2½ tbsp) Granulated Sugar fine grain,"200 g (1⅔ cup) Powdered sugar (confectioners sugar, icing sugar)",120 g (1 cup) Almond meal,⅛ tsp Cream of tartar,¼ tsp Vanilla extract,½ cup (120 ml) Jams or fruits curds for filling,2 cups (470 ml) Frosting – Swiss or Italian meringue,NA,NA,NA,NA,Veena Azmanov Kitchen,https://veenaazmanov.com/20-tips-perfect-french-macarons/,NA,NA,NA,NA,NA,NA,NA,NA,NA,NA,NA,NA,NA,NA,NA,NA,NA,NA,NA,NA,NA,NA,NA,NA,NA,NA,NA
Purim Cookies – Oznei Haman,Veena Azmanov,5, 21 ,Israeli,"Breakfast, High Tea, Snack",30 minutes,15 minutes,Chilling time 1 hour hr,Total Time 1 hour hr 45 minutes mins,36,10,32,"6 oz (170 g) Butter unsalted, room temperature",1 cup (200 g) White sugar,3 ¼ cup (400 g) All-purpose flour,2 tbsp Cornstarch (cornflour),1 tsp Baking powder,¼ tsp Salt,1 Egg large,1 Egg yolk,2 tsp Vanilla extract (or orange extract),4 tbsp (60 ml) Orange juice,½ cup Poppy seeds,½ cup (120 ml) Milk,Veena Azmanov Kitchen,https://veenaazmanov.com/purim-cookies-recipe-hamentaschen/,1 tbsp Butter,2 tbsp Honey or sugar,4 oz (113 g) Raisins or dried apples,4 oz (113 g) Prunes,½ cup (100 g) Sugar,4 oz (0.75 cups) Raisins,1 tbsp Lemon juice,1 tbsp Lemon zest,7 oz (200 g) Chocolate,2 tbsp Whipping cream,1 tbsp Butter unsalted,Date filing,Apple pie filing,Pecan pie filling,Halva filling,Pistachio filling,Nutella,Halva,Dulce de leche,Strawberry jam (or any other jam),NA,NA,NA,NA,NA,NA,NA
🍪 Soft and Chewy Oatmeal Cookies,Veena Azmanov,5, 7 ,American,"Breakfast, brunch, Cookies, Snack",10 minutes,12 minutes,NA,Total Time 22 minutes mins,24,7,10,180 g (1½) All-purpose flour,1 tsp Baking soda,½ tsp Salt,½ tsp Ground cinnamon (optional but adds lovely warmth),226 g (1 cup) Unsalted butter softened to room temperature,200 g (1 cup) Packed light brown sugar,100 g (½ cup) White granulated sugar,2 large Eggs room temperature,2 tsp Pure vanilla extract,270 g (3 cups) Old-fashioned rolled oats (not quick oats),NA,NA,Veena Azmanov Kitchen,https://veenaazmanov.com/easy-oatmeal-cookies-recipe/,NA,NA,NA,NA,NA,NA,NA,NA,NA,NA,NA,NA,NA,NA,NA,NA,NA,NA,NA,NA,NA,NA,NA,NA,NA,NA,NA
Almond Linzer Cookies,Veena Azmanov,5, 10 ,Austrian,"Breakfast, brunch, High Tea",10 minutes,10 minutes,Chilling time 1 hour hr,Total Time 1 hour hr 20 minutes mins,24,13,13,2 cups (250 g) All-purpose flour,1 cup (110 g) Almond flour,½ tsp Baking powder,¼ tsp Salt,½ tsp Spices (I used pumpkin and nutmeg) optional,"1 cup (227 g) Unsalted butter Softened, room temperature",1 cup (200 g) Granulated sugar,2 large Egg yolks,1 tsp Vanilla extract,½ tsp Almond extract,"½ cup Assortment of fruit jams or preserves I used strawberry, raspberry, apricot, blackberry",1 tbsp Edible luster dust for the tops,Veena Azmanov Kitchen,https://veenaazmanov.com/almond-linzer-cookies-recipe/,2 tbsp or Confectioners sugar for dusting optional,NA,NA,NA,NA,NA,NA,NA,NA,NA,NA,NA,NA,NA,NA,NA,NA,NA,NA,NA,NA,NA,NA,NA,NA,NA,NA
Eggless Thumbprint Cookies,Veena Azmanov,5, 5 ,"American, European","Breakfast, High Tea",10 minutes,10 minutes,NA,Total Time 20 minutes mins,20,9,6,1 cup (227 g) Butter,½ cup (100 g) Granulated sugar or powdered sugar,1 tsp Vanilla extract,¼ tsp Salt,2 cup (250 g) All purpose flour,1 cup Strawberry jam or other fillings of your choice,NA,NA,NA,NA,NA,NA,Veena Azmanov Kitchen,https://veenaazmanov.com/best-thumbprint-cookies-egg-less-jam-cookies-recipe/,NA,NA,NA,NA,NA,NA,NA,NA,NA,NA,NA,NA,NA,NA,NA,NA,NA,NA,NA,NA,NA,NA,NA,NA,NA,NA,NA
The Best Sugar Cookies Recipe,Veena Azmanov,5, 178 ,American,"Breakfast, brunch, High Tea",10 minutes,10 minutes,NA,Total Time 1 hour hr 20 minutes mins,24,10,13,470 g (3¾ cups) All-purpose flour,½ tsp Kosher salt,226 g (1 c) Unsalted butter room temperature,200 g (1 cup) White sugar,2 large Eggs,2 tsp Vanilla extract,420 g (3⅓ cups) All purpose flour,50 g (½ cups) Cocoa powder,226 g (1 cups) Unsalted butter room temperature,200 g (1 cups) White sugar,2 large Eggs,2 tsp Vanilla extract,Veena Azmanov Kitchen,https://veenaazmanov.com/best-vanilla-sugar-cookies-recipe/,½ tsp Coffee powder,NA,NA,NA,NA,NA,NA,NA,NA,NA,NA,NA,NA,NA,NA,NA,NA,NA,NA,NA,NA,NA,NA,NA,NA,NA,NA
